state,year,sex,race,deaths,population,crude_rate,days_in_year,average_daily_crude_rate
Alabama,1999,Female,American Indian/Alaska Native,0,398,0.0,365,0.0
Alabama,1999,Female,Asian/Pacific Islander,0,581,0.0,365,0.0
Alabama,1999,Female,Black,304,35584,854.31654676259,365,2.340593278801620
Alabama,1999,Female,White,751,140248,535.4800068450170,365,1.4670685119041600
Alabama,1999,Male,American Indian/Alaska Native,,321,,365,
Alabama,1999,Male,Asian/Pacific Islander,0,323,0.0,365,0.0
Alabama,1999,Male,Black,301,23624,1274.1280054182200,365,3.4907616586800500
Alabama,1999,Male,White,1275,114849,1110.153331766060,365,3.041515977441260
Alabama,2000,Female,American Indian/Alaska Native,,456,,366,
Alabama,2000,Female,Asian/Pacific Islander,,747,,366,
Alabama,2000,Female,Black,305,35537,858.260404648676,366,2.3449737831931000
Alabama,2000,Female,White,760,139993,542.8842870714960,366,1.4832904018346900
Alabama,2000,Male,American Indian/Alaska Native,,408,,366,
Alabama,2000,Male,Asian/Pacific Islander,0,412,0.0,366,0.0
Alabama,2000,Male,Black,324,23525,1377.2582359192300,366,3.763000644588070
Alabama,2000,Male,White,1205,115670,1041.756721708310,366,2.846329840733080
Alabama,2001,Female,American Indian/Alaska Native,,460,,365,
Alabama,2001,Female,Asian/Pacific Islander,0,819,0.0,365,0.0
Alabama,2001,Female,Black,295,35551,829.7938173328460,365,2.273407718720130
Alabama,2001,Female,White,747,139783,534.3997481811090,365,1.464108899126330
Alabama,2001,Male,American Indian/Alaska Native,0,400,0.0,365,0.0
Alabama,2001,Male,Asian/Pacific Islander,,482,,365,
Alabama,2001,Male,Black,317,23855,1328.8618738210000,365,3.6407174625232900
Alabama,2001,Male,White,1166,116912,997.331326125633,365,2.732414592125020
Alabama,2002,Female,American Indian/Alaska Native,0,470,0.0,365,0.0
Alabama,2002,Female,Asian/Pacific Islander,,872,,365,
Alabama,2002,Female,Black,269,35403,759.8226139027770,365,2.0817057915144600
Alabama,2002,Female,White,669,139404,479.9001463372640,365,1.3147949214719600
Alabama,2002,Male,American Indian/Alaska Native,,439,,365,
Alabama,2002,Male,Asian/Pacific Islander,,532,,365,
Alabama,2002,Male,Black,300,24042,1247.8163214374800,365,3.4186748532533800
Alabama,2002,Male,White,1080,117297,920.7396608608920,365,2.5225744133175100
Alabama,2003,Female,American Indian/Alaska Native,,489,,365,
Alabama,2003,Female,Asian/Pacific Islander,,927,,365,
Alabama,2003,Female,Black,249,35329,704.803419287271,365,1.9309682720199200
Alabama,2003,Female,White,644,140055,459.8193566813040,365,1.2597790594008300
Alabama,2003,Male,American Indian/Alaska Native,,502,,365,
Alabama,2003,Male,Asian/Pacific Islander,0,588,0.0,365,0.0
Alabama,2003,Male,Black,337,24399,1381.2041477109700,365,3.784120952632800
Alabama,2003,Male,White,991,118678,835.0326092451850,365,2.287760573274480
Alabama,2004,Female,American Indian/Alaska Native,,520,,366,
Alabama,2004,Female,Asian/Pacific Islander,,954,,366,
Alabama,2004,Female,Black,227,35241,644.1360914843510,366,1.7599346761867500
Alabama,2004,Female,White,611,141161,432.8390986178900,366,1.1826204880270200
Alabama,2004,Male,American Indian/Alaska Native,,530,,366,
Alabama,2004,Male,Asian/Pacific Islander,,637,,366,
Alabama,2004,Male,Black,264,24646,1071.167735129430,366,2.9266878009000900
Alabama,2004,Male,White,1057,120022,880.6718768225830,366,2.406207313722900
Alabama,2005,Female,American Indian/Alaska Native,,551,,365,
Alabama,2005,Female,Asian/Pacific Islander,,1049,,365,
Alabama,2005,Female,Black,237,35434,668.8491279562000,365,1.8324633642635600
Alabama,2005,Female,White,660,142888,461.9002295504170,365,1.2654800809600500
Alabama,2005,Male,American Indian/Alaska Native,,563,,365,
Alabama,2005,Male,Asian/Pacific Islander,,708,,365,
Alabama,2005,Male,Black,272,25305,1074.8863860897100,365,2.9448942084649500
Alabama,2005,Male,White,936,122529,763.9007908331910,365,2.0928788789950400
Alabama,2006,Female,American Indian/Alaska Native,,620,,365,
Alabama,2006,Female,Asian/Pacific Islander,,1117,,365,
Alabama,2006,Female,Black,232,36082,642.9798791641260,365,1.7615887100387000
Alabama,2006,Female,White,584,145122,402.420032799989,365,1.1025206378081900
Alabama,2006,Male,American Indian/Alaska Native,,647,,365,
Alabama,2006,Male,Asian/Pacific Islander,0,763,0.0,365,0.0
Alabama,2006,Male,Black,268,25870,1035.9489756474700,365,2.838216371636900
Alabama,2006,Male,White,1010,125827,802.6894068840550,365,2.1991490599563200
Alabama,2007,Female,American Indian/Alaska Native,,683,,365,
Alabama,2007,Female,Asian/Pacific Islander,,1176,,365,
Alabama,2007,Female,Black,230,36512,629.9298860648550,365,1.7258353042872800
Alabama,2007,Female,White,569,147941,384.6127848263840,365,1.053733657058590
Alabama,2007,Male,American Indian/Alaska Native,0,692,0.0,365,0.0
Alabama,2007,Male,Asian/Pacific Islander,,854,,365,
Alabama,2007,Male,Black,259,26464,978.6880290205560,365,2.681337065809740
Alabama,2007,Male,White,955,128289,744.4130050121210,365,2.0394876849647200
Alabama,2008,Female,American Indian/Alaska Native,,738,,366,
Alabama,2008,Female,Asian/Pacific Islander,,1276,,366,
Alabama,2008,Female,Black,208,37424,555.7930739632320,366,1.5185603113749500
Alabama,2008,Female,White,597,153105,389.92848045459,366,1.065378361897790
Alabama,2008,Male,American Indian/Alaska Native,,763,,366,
Alabama,2008,Male,Asian/Pacific Islander,,953,,366,
Alabama,2008,Male,Black,257,27138,947.0115704915620,366,2.587463307353990
Alabama,2008,Male,White,955,132837,718.9262027898850,366,1.9642792425953200
Alabama,2009,Female,American Indian/Alaska Native,,818,,365,
Alabama,2009,Female,Asian/Pacific Islander,,1348,,365,
Alabama,2009,Female,Black,188,37967,495.16685542708100,365,1.3566215217180300
Alabama,2009,Female,White,625,157566,396.659177741391,365,1.0867374732640800
Alabama,2009,Male,American Indian/Alaska Native,0,845,0.0,365,0.0
Alabama,2009,Male,Asian/Pacific Islander,,1049,,365,
Alabama,2009,Male,Black,292,28027,1041.852499375600,365,2.8543904092482200
Alabama,2009,Male,White,980,137135,714.6242753491090,365,1.957874726983860
Alabama,2010,Female,American Indian/Alaska Native,,876,,365,
Alabama,2010,Female,Asian/Pacific Islander,,1422,,365,
Alabama,2010,Female,Black,226,38440,587.9292403746100,365,1.6107650421222200
Alabama,2010,Female,White,583,159727,364.9977774577870,365,0.9999939108432530
Alabama,2010,Male,American Indian/Alaska Native,,873,,365,
Alabama,2010,Male,Asian/Pacific Islander,,1068,,365,
Alabama,2010,Male,Black,296,28735,1030.1026622585700,365,2.822199074681010
Alabama,2010,Male,White,1028,139360,737.6578645235360,365,2.020980450749410
Alabama,2011,Female,American Indian/Alaska Native,,937,,365,
Alabama,2011,Female,Asian/Pacific Islander,,1599,,365,
Alabama,2011,Female,Black,207,39640,522.1997981836530,365,1.4306843785853500
Alabama,2011,Female,White,559,163293,342.3294323700340,365,0.937888855808313
Alabama,2011,Male,American Indian/Alaska Native,,1004,,365,
Alabama,2011,Male,Asian/Pacific Islander,,1155,,365,
Alabama,2011,Male,Black,291,29869,974.2542435300820,365,2.669189708301590
Alabama,2011,Male,White,948,142683,664.4099156872230,365,1.8203011388691000
Alabama,2012,Female,American Indian/Alaska Native,,1021,,366,
Alabama,2012,Female,Asian/Pacific Islander,,1770,,366,
Alabama,2012,Female,Black,233,41499,561.4593122725850,366,1.534041836810340
Alabama,2012,Female,White,605,172764,350.1886967192240,366,0.9567997178120870
Alabama,2012,Male,American Indian/Alaska Native,,1111,,366,
Alabama,2012,Male,Asian/Pacific Islander,,1260,,366,
Alabama,2012,Male,Black,283,31646,894.2678379574040,366,2.4433547485175000
Alabama,2012,Male,White,1063,151500,701.6501650165020,366,1.917076953597000
Alabama,2013,Female,American Indian/Alaska Native,,1157,,365,
Alabama,2013,Female,Asian/Pacific Islander,,1949,,365,
Alabama,2013,Female,Black,251,43616,575.476889214967,365,1.5766490115478500
Alabama,2013,Female,White,660,178444,369.86393490394700,365,1.0133258490519100
Alabama,2013,Male,American Indian/Alaska Native,,1212,,365,
Alabama,2013,Male,Asian/Pacific Islander,,1362,,365,
Alabama,2013,Male,Black,339,33505,1011.7892851813200,365,2.772025438852920
Alabama,2013,Male,White,1145,157459,727.1734229227930,365,1.9922559532131300
Alabama,2014,Female,American Indian/Alaska Native,,1278,,365,
Alabama,2014,Female,Asian/Pacific Islander,,2178,,365,
Alabama,2014,Female,Black,266,46577,571.0973227129270,365,1.5646501992135000
Alabama,2014,Female,White,645,184237,350.09254384298500,365,0.9591576543643420
Alabama,2014,Male,American Indian/Alaska Native,,1321,,365,
Alabama,2014,Male,Asian/Pacific Islander,,1451,,365,
Alabama,2014,Male,Black,351,35640,984.8484848484850,365,2.69821502698215
Alabama,2014,Male,White,1102,162746,677.1287773585830,365,1.8551473352290000
Alabama,2015,Female,American Indian/Alaska Native,,1340,,365,
Alabama,2015,Female,Asian/Pacific Islander,,2361,,365,
Alabama,2015,Female,Black,240,49450,485.3387259858440,365,1.3296951396872400
Alabama,2015,Female,White,697,189090,368.6075413824110,365,1.0098836750203000
Alabama,2015,Male,American Indian/Alaska Native,,1394,,365,
Alabama,2015,Male,Asian/Pacific Islander,0,1580,0.0,365,0.0
Alabama,2015,Male,Black,305,38022,802.1671663773600,365,2.197718264047560
Alabama,2015,Male,White,1133,167036,678.2968940827130,365,1.8583476550211300
Alabama,2016,Female,American Indian/Alaska Native,,1439,,366,
Alabama,2016,Female,Asian/Pacific Islander,,2625,,366,
Alabama,2016,Female,Black,250,52523,475.981950764427,366,1.3004971332361400
Alabama,2016,Female,White,715,193646,369.2304514423230,366,1.0088263700609900
Alabama,2016,Male,American Indian/Alaska Native,,1473,,366,
Alabama,2016,Male,Asian/Pacific Islander,,1647,,366,
Alabama,2016,Male,Black,362,40472,894.4455425973510,366,2.4438402803206300
Alabama,2016,Male,White,1214,170844,710.5897778089950,366,1.9415021251611900
Alabama,2017,Female,American Indian/Alaska Native,,1528,,365,
Alabama,2017,Female,Asian/Pacific Islander,,2784,,365,
Alabama,2017,Female,Black,259,55462,466.9864051061990,365,1.2794148085101300
Alabama,2017,Female,White,730,197546,369.53418444311700,365,1.0124224231318300
Alabama,2017,Male,American Indian/Alaska Native,,1582,,365,
Alabama,2017,Male,Asian/Pacific Islander,,1711,,365,
Alabama,2017,Male,Black,404,42523,950.0740775580270,365,2.602942678241170
Alabama,2017,Male,White,1216,174196,698.0642494661190,365,1.9125047930578600
Alabama,2018,Female,American Indian/Alaska Native,,1609,,365,
Alabama,2018,Female,Asian/Pacific Islander,,3031,,365,
Alabama,2018,Female,Black,321,58533,548.4085900261390,365,1.5024892877428500
Alabama,2018,Female,White,748,200050,373.9065233691580,365,1.0244014338881000
Alabama,2018,Male,American Indian/Alaska Native,,1673,,365,
Alabama,2018,Male,Asian/Pacific Islander,,1905,,365,
Alabama,2018,Male,Black,462,44638,1034.992607195660,365,2.8355961840977100
Alabama,2018,Male,White,1227,176282,696.0438388491170,365,1.9069694215044300
Alabama,2019,Female,American Indian/Alaska Native,,1713,,365,
Alabama,2019,Female,Asian/Pacific Islander,,3208,,365,
Alabama,2019,Female,Black,306,61965,493.82716049382700,365,1.3529511246406200
Alabama,2019,Female,White,796,204028,390.1425294567410,365,1.068883642347240
Alabama,2019,Male,American Indian/Alaska Native,,1765,,365,
Alabama,2019,Male,Asian/Pacific Islander,,2014,,365,
Alabama,2019,Male,Black,464,46773,992.0253137493850,365,2.7178775719161200
Alabama,2019,Male,White,1346,179981,747.8567182091440,365,2.0489225156414900
Alabama,2020,Female,American Indian/Alaska Native,,1850,,366,
Alabama,2020,Female,Asian/Pacific Islander,,3339,,366,
Alabama,2020,Female,Black,346,65366,529.3271731481200,366,1.446249106962080
Alabama,2020,Female,White,842,209790,401.35373468706800,366,1.0965949035165800
Alabama,2020,Male,American Indian/Alaska Native,,1829,,366,
Alabama,2020,Male,Asian/Pacific Islander,,2127,,366,
Alabama,2020,Male,Black,489,49114,995.6427902431080,366,2.7203354924675100
Alabama,2020,Male,White,1456,184302,790.0077047454720,366,2.1584909965723300
Alabama,2021,Female,American Indian/Alaska Native,,1863,,365,
Alabama,2021,Female,Asian/Pacific Islander,,3331,,365,
Alabama,2021,Female,Black,380,68708,553.0651452523720,365,1.515246973294170
Alabama,2021,Female,White,837,214574,390.0752188056340,365,1.0686992296044800
Alabama,2021,Male,American Indian/Alaska Native,,1853,,365,
Alabama,2021,Male,Asian/Pacific Islander,,2103,,365,
Alabama,2021,Male,Black,631,52272,1207.1472298745000,365,3.3072526845876800
Alabama,2021,Male,White,1493,192493,775.6126196796770,365,2.1249660813141800
Alabama,2022,Female,American Indian/Alaska Native,,1953,,365,
Alabama,2022,Female,Asian/Pacific Islander,0,112,0.0,365,0.0
Alabama,2022,Female,Black,389,70133,554.6604308955840,365,1.5196176188920100
Alabama,2022,Female,White,829,212751,389.6573929147220,365,1.0675545011362200
Alabama,2022,Male,American Indian/Alaska Native,,1895,,365,
Alabama,2022,Male,Asian/Pacific Islander,0,122,0.0,365,0.0
Alabama,2022,Male,Black,519,52839,982.2290353716010,365,2.691038453072880
Alabama,2022,Male,White,1407,190575,738.2920110192840,365,2.022717838409000
Alabama,2023,Female,American Indian/Alaska Native,,2063,,365,
Alabama,2023,Female,Asian/Pacific Islander,,3490,,365,
Alabama,2023,Female,Black,344,72850,472.20315717227200,365,1.2937072799240300
Alabama,2023,Female,White,827,215285,384.14195136679300,365,1.052443702374780
Alabama,2023,Male,American Indian/Alaska Native,,1943,,365,
Alabama,2023,Male,Asian/Pacific Islander,0,128,0.0,365,0.0
Alabama,2023,Male,Black,517,54404,950.2977722226310,365,2.6035555403359700
Alabama,2023,Male,White,1459,193245,755.0001293694530,365,2.06849350512179
Alabama,2024,Female,American Indian/Alaska Native,,2205,,366,
Alabama,2024,Female,Asian/Pacific Islander,,3664,,366,
Alabama,2024,Female,Black,369,75171,490.88079179470800,366,1.3412043491658700
Alabama,2024,Female,White,883,217444,406.0815658284430,366,1.1095124749411000
Alabama,2024,Male,American Indian/Alaska Native,,2039,,366,
Alabama,2024,Male,Asian/Pacific Islander,11,2442,450.45045045045000,366,1.2307389356569700
Alabama,2024,Male,Black,521,55834,933.1231865888170,366,2.5495169032481300
Alabama,2024,Male,White,1423,195720,727.0590639689350,366,1.9865001747785100
Alabama,2025,Female,American Indian/Alaska Native,,2205,,365,
Alabama,2025,Female,Asian/Pacific Islander,,3664,,365,
Alabama,2025,Female,Black,413,75171,549.4140027404190,365,1.5052438431244300
Alabama,2025,Female,White,860,217444,395.5041297989370,365,1.0835729583532500
Alabama,2025,Male,American Indian/Alaska Native,,2039,,365,
Alabama,2025,Male,Asian/Pacific Islander,,2442,,365,
Alabama,2025,Male,Black,558,55834,999.3910520471400,365,2.7380576768414800
Alabama,2025,Male,White,1442,195720,736.7668097281830,365,2.018539204734750
Alaska,1999,Female,American Indian/Alaska Native,10,2011,497.2650422675290,365,1.3623699788151500
Alaska,1999,Female,Asian/Pacific Islander,,695,,365,
Alaska,1999,Female,Black,,238,,365,
Alaska,1999,Female,White,35,7988,438.15723585378100,365,1.200430783161040
Alaska,1999,Male,American Indian/Alaska Native,13,1754,741.1630558722920,365,2.030583714718610
Alaska,1999,Male,Asian/Pacific Islander,,442,,365,
Alaska,1999,Male,Black,,216,,365,
Alaska,1999,Male,White,84,8387,1001.5500178848200,365,2.743972651739240
Alaska,2000,Female,American Indian/Alaska Native,11,2028,542.4063116370810,366,1.4819844580248100
Alaska,2000,Female,Asian/Pacific Islander,,758,,366,
Alaska,2000,Female,Black,,251,,366,
Alaska,2000,Female,White,31,8237,376.35061308728900,366,1.0282803636264700
Alaska,2000,Male,American Indian/Alaska Native,14,1806,775.1937984496120,366,2.1180158427585000
Alaska,2000,Male,Asian/Pacific Islander,,476,,366,
Alaska,2000,Male,Black,,238,,366,
Alaska,2000,Male,White,62,8713,711.58039710777,366,1.9442087352671300
Alaska,2001,Female,American Indian/Alaska Native,11,2105,522.5653206650830,365,1.4316858100413200
Alaska,2001,Female,Asian/Pacific Islander,,806,,365,
Alaska,2001,Female,Black,0,269,0.0,365,0.0
Alaska,2001,Female,White,32,8437,379.28173521393900,365,1.0391280416820200
Alaska,2001,Male,American Indian/Alaska Native,19,1862,1020.408163265310,365,2.795638803466590
Alaska,2001,Male,Asian/Pacific Islander,,513,,365,
Alaska,2001,Male,Black,,265,,365,
Alaska,2001,Male,White,60,9081,660.7201850016520,365,1.8101922876757600
Alaska,2002,Female,American Indian/Alaska Native,,2142,,365,
Alaska,2002,Female,Asian/Pacific Islander,,853,,365,
Alaska,2002,Female,Black,0,295,0.0,365,0.0
Alaska,2002,Female,White,23,8663,265.4969410135060,365,0.7273888794890570
Alaska,2002,Male,American Indian/Alaska Native,10,1917,521.6484089723530,365,1.429173723211930
Alaska,2002,Male,Asian/Pacific Islander,0,533,0.0,365,0.0
Alaska,2002,Male,Black,,294,,365,
Alaska,2002,Male,White,60,9418,637.0779358674880,365,1.745419002376680
Alaska,2003,Female,American Indian/Alaska Native,11,2223,494.82681061628400,365,1.3556898920994100
Alaska,2003,Female,Asian/Pacific Islander,,893,,365,
Alaska,2003,Female,Black,,325,,365,
Alaska,2003,Female,White,26,8977,289.62905202183400,365,0.7935042521146120
Alaska,2003,Male,American Indian/Alaska Native,13,1970,659.8984771573600,365,1.807941033307840
Alaska,2003,Male,Asian/Pacific Islander,,564,,365,
Alaska,2003,Male,Black,0,308,0.0,365,0.0
Alaska,2003,Male,White,63,9771,644.765121277249,365,1.7664797843212300
Alaska,2004,Female,American Indian/Alaska Native,,2243,,366,
Alaska,2004,Female,Asian/Pacific Islander,,900,,366,
Alaska,2004,Female,Black,0,328,0.0,366,0.0
Alaska,2004,Female,White,30,9346,320.9929381553610,366,0.8770298856703840
Alaska,2004,Male,American Indian/Alaska Native,,2022,,366,
Alaska,2004,Male,Asian/Pacific Islander,,605,,366,
Alaska,2004,Male,Black,,318,,366,
Alaska,2004,Male,White,75,10187,736.2324531265340,366,2.0115640795806900
Alaska,2005,Female,American Indian/Alaska Native,12,2240,535.7142857142860,365,1.467710371819960
Alaska,2005,Female,Asian/Pacific Islander,,949,,365,
Alaska,2005,Female,Black,0,334,0.0,365,0.0
Alaska,2005,Female,White,18,9657,186.3932898415660,365,0.5106665475111390
Alaska,2005,Male,American Indian/Alaska Native,18,2009,895.9681433549030,365,2.454707242068230
Alaska,2005,Male,Asian/Pacific Islander,,612,,365,
Alaska,2005,Male,Black,,341,,365,
Alaska,2005,Male,White,59,10683,552.2793222877470,365,1.51309403366506
Alaska,2006,Female,American Indian/Alaska Native,,2294,,365,
Alaska,2006,Female,Asian/Pacific Islander,,995,,365,
Alaska,2006,Female,Black,0,359,0.0,365,0.0
Alaska,2006,Female,White,33,9958,331.3918457521590,365,0.9079228650744080
Alaska,2006,Male,American Indian/Alaska Native,15,2083,720.1152184349500,365,1.972918406671100
Alaska,2006,Male,Asian/Pacific Islander,,673,,365,
Alaska,2006,Male,Black,,361,,365,
Alaska,2006,Male,White,66,11267,585.7814857548590,365,1.6048807828900300
Alaska,2007,Female,American Indian/Alaska Native,13,2356,551.7826825127340,365,1.511733376747220
Alaska,2007,Female,Asian/Pacific Islander,,1078,,365,
Alaska,2007,Female,Black,0,366,0.0,365,0.0
Alaska,2007,Female,White,27,10621,254.21335090857700,365,0.6964749339961020
Alaska,2007,Male,American Indian/Alaska Native,18,2137,842.3022929340200,365,2.3076775148877300
Alaska,2007,Male,Asian/Pacific Islander,,718,,365,
Alaska,2007,Male,Black,,350,,365,
Alaska,2007,Male,White,55,12077,455.4111120311340,365,1.2477016767976300
Alaska,2008,Female,American Indian/Alaska Native,10,2363,423.1908590774440,366,1.1562591778072200
Alaska,2008,Female,Asian/Pacific Islander,,1153,,366,
Alaska,2008,Female,Black,,386,,366,
Alaska,2008,Female,White,32,11366,281.54143938060900,366,0.7692389054115000
Alaska,2008,Male,American Indian/Alaska Native,19,2198,864.4222020018200,366,2.36180929508694
Alaska,2008,Male,Asian/Pacific Islander,,761,,366,
Alaska,2008,Male,Black,,358,,366,
Alaska,2008,Male,White,65,13213,491.939756300613,366,1.3440976948104200
Alaska,2009,Female,American Indian/Alaska Native,11,2404,457.5707154742100,365,1.2536183985594800
Alaska,2009,Female,Asian/Pacific Islander,,1218,,365,
Alaska,2009,Female,Black,0,397,0.0,365,0.0
Alaska,2009,Female,White,26,12221,212.74854758203100,365,0.5828727331014550
Alaska,2009,Male,American Indian/Alaska Native,19,2273,835.8996920369560,365,2.2901361425670000
Alaska,2009,Male,Asian/Pacific Islander,,827,,365,
Alaska,2009,Male,Black,,379,,365,
Alaska,2009,Male,White,66,14040,470.08547008547000,365,1.2879053974944400
Alaska,2010,Female,American Indian/Alaska Native,,2503,,365,
Alaska,2010,Female,Asian/Pacific Islander,,1252,,365,
Alaska,2010,Female,Black,0,422,0.0,365,0.0
Alaska,2010,Female,White,30,12797,234.42994451824600,365,0.6422738205979360
Alaska,2010,Male,American Indian/Alaska Native,16,2390,669.4560669456070,365,1.8341262108098800
Alaska,2010,Male,Asian/Pacific Islander,,885,,365,
Alaska,2010,Male,Black,0,390,0.0,365,0.0
Alaska,2010,Male,White,54,14711,367.0722588539190,365,1.0056774215175900
Alaska,2011,Female,American Indian/Alaska Native,,2655,,365,
Alaska,2011,Female,Asian/Pacific Islander,,1359,,365,
Alaska,2011,Female,Black,,438,,365,
Alaska,2011,Female,White,28,13640,205.27859237536700,365,0.5624071023982650
Alaska,2011,Male,American Indian/Alaska Native,14,2459,569.3371289141930,365,1.559827750449840
Alaska,2011,Male,Asian/Pacific Islander,,988,,365,
Alaska,2011,Male,Black,,417,,365,
Alaska,2011,Male,White,93,15746,590.6261907786100,365,1.6181539473386600
Alaska,2012,Female,American Indian/Alaska Native,,2778,,366,
Alaska,2012,Female,Asian/Pacific Islander,,1454,,366,
Alaska,2012,Female,Black,,525,,366,
Alaska,2012,Female,White,30,14981,200.25365462919700,366,0.5471411328666580
Alaska,2012,Male,American Indian/Alaska Native,20,2506,798.0845969672790,366,2.180559008107320
Alaska,2012,Male,Asian/Pacific Islander,,1091,,366,
Alaska,2012,Male,Black,0,443,0.0,366,0.0
Alaska,2012,Male,White,75,17222,435.4894901869700,366,1.1898619950463700
Alaska,2013,Female,American Indian/Alaska Native,,2860,,365,
Alaska,2013,Female,Asian/Pacific Islander,,1565,,365,
Alaska,2013,Female,Black,,573,,365,
Alaska,2013,Female,White,27,16057,168.15096219717300,365,0.4606875676634870
Alaska,2013,Male,American Indian/Alaska Native,18,2530,711.4624505928850,365,1.9492121934051700
Alaska,2013,Male,Asian/Pacific Islander,,1225,,365,
Alaska,2013,Male,Black,,490,,365,
Alaska,2013,Male,White,67,18510,361.9665045921120,365,0.9916890536770200
Alaska,2014,Female,American Indian/Alaska Native,12,3044,394.21813403416600,365,1.080049682285390
Alaska,2014,Female,Asian/Pacific Islander,,1685,,365,
Alaska,2014,Female,Black,,616,,365,
Alaska,2014,Female,White,26,17017,152.78838808250600,365,0.41859832351371400
Alaska,2014,Male,American Indian/Alaska Native,20,2706,739.0983000739100,365,2.0249268495175600
Alaska,2014,Male,Asian/Pacific Islander,,1309,,365,
Alaska,2014,Male,Black,,533,,365,
Alaska,2014,Male,White,79,19696,401.0966693744920,365,1.0988949845876500
Alaska,2015,Female,American Indian/Alaska Native,11,3190,344.82758620689700,365,0.944733112895607
Alaska,2015,Female,Asian/Pacific Islander,,1834,,365,
Alaska,2015,Female,Black,,572,,365,
Alaska,2015,Female,White,44,17928,245.42614904060700,365,0.6724004083304300
Alaska,2015,Male,American Indian/Alaska Native,27,2859,944.386149003148,365,2.587359312337390
Alaska,2015,Male,Asian/Pacific Islander,,1379,,365,
Alaska,2015,Male,Black,,587,,365,
Alaska,2015,Male,White,80,20806,384.5044698644620,365,1.0534369037382500
Alaska,2016,Female,American Indian/Alaska Native,13,3398,382.57798705120700,366,1.045295046588000
Alaska,2016,Female,Asian/Pacific Islander,,1990,,366,
Alaska,2016,Female,Black,0,641,0.0,366,0.0
Alaska,2016,Female,White,38,19163,198.29880498878000,366,0.5418000136305480
Alaska,2016,Male,American Indian/Alaska Native,14,3017,464.0371229698380,366,1.2678609917208700
Alaska,2016,Male,Asian/Pacific Islander,,1475,,366,
Alaska,2016,Male,Black,,629,,366,
Alaska,2016,Male,White,120,22074,543.6259853220980,366,1.485316899787150
Alaska,2017,Female,American Indian/Alaska Native,,3650,,365,
Alaska,2017,Female,Asian/Pacific Islander,,2101,,365,
Alaska,2017,Female,Black,,639,,365,
Alaska,2017,Female,White,33,20520,160.8187134502920,365,0.44059921493230800
Alaska,2017,Male,American Indian/Alaska Native,20,3234,618.4291898577610,365,1.6943265475555100
Alaska,2017,Male,Asian/Pacific Islander,,1562,,365,
Alaska,2017,Male,Black,,665,,365,
Alaska,2017,Male,White,119,23533,505.67288488505500,365,1.385405164068640
Alaska,2018,Female,American Indian/Alaska Native,12,3892,308.3247687564230,365,0.8447253938532150
Alaska,2018,Female,Asian/Pacific Islander,,2214,,365,
Alaska,2018,Female,Black,,679,,365,
Alaska,2018,Female,White,41,21576,190.0259547645530,365,0.5206190541494610
Alaska,2018,Male,American Indian/Alaska Native,29,3328,871.3942307692310,365,2.387381454162280
Alaska,2018,Male,Asian/Pacific Islander,,1673,,365,
Alaska,2018,Male,Black,,746,,365,
Alaska,2018,Male,White,91,24447,372.23381191966300,365,1.0198186627936000
Alaska,2019,Female,American Indian/Alaska Native,12,4031,297.6928801786160,365,0.8155969319962070
Alaska,2019,Female,Asian/Pacific Islander,,2337,,365,
Alaska,2019,Female,Black,,737,,365,
Alaska,2019,Female,White,40,22688,176.3046544428770,365,0.48302645052843100
Alaska,2019,Male,American Indian/Alaska Native,24,3511,683.5659356308740,365,1.8727833852900700
Alaska,2019,Male,Asian/Pacific Islander,,1781,,365,
Alaska,2019,Male,Black,,825,,365,
Alaska,2019,Male,White,94,25390,370.22449783379300,365,1.0143136926953200
Alaska,2020,Female,American Indian/Alaska Native,,4178,,366,
Alaska,2020,Female,Asian/Pacific Islander,,2506,,366,
Alaska,2020,Female,Black,0,808,0.0,366,0.0
Alaska,2020,Female,White,51,23872,213.63941018766800,366,0.5837142354854310
Alaska,2020,Male,American Indian/Alaska Native,24,3698,648.9994591671170,366,1.7732225660303800
Alaska,2020,Male,Asian/Pacific Islander,,1863,,366,
Alaska,2020,Male,Black,,861,,366,
Alaska,2020,Male,White,97,26372,367.814348551494,366,1.0049572364794900
Alaska,2021,Female,American Indian/Alaska Native,18,4051,444.3347321648980,365,1.2173554305887600
Alaska,2021,Female,Asian/Pacific Islander,0,209,0.0,365,0.0
Alaska,2021,Female,Black,0,784,0.0,365,0.0
Alaska,2021,Female,White,53,24058,220.30093939645900,365,0.6035642175245440
Alaska,2021,Male,American Indian/Alaska Native,36,3576,1006.7114093959700,365,2.7581134503999300
Alaska,2021,Male,Asian/Pacific Islander,,1744,,365,
Alaska,2021,Male,Black,,855,,365,
Alaska,2021,Male,White,118,26839,439.6587056149630,365,1.204544398945110
Alaska,2022,Female,American Indian/Alaska Native,25,4183,597.6571838393500,365,1.6374169420256200
Alaska,2022,Female,Asian/Pacific Islander,,2312,,365,
Alaska,2022,Female,Black,,797,,365,
Alaska,2022,Female,White,57,24340,234.18241577650000,365,0.6415956596616430
Alaska,2022,Male,American Indian/Alaska Native,39,3738,1043.3386837881200,365,2.858462147364720
Alaska,2022,Male,Asian/Pacific Islander,,1760,,365,
Alaska,2022,Male,Black,,857,,365,
Alaska,2022,Male,White,102,26891,379.309062511621,365,1.0392029109907400
Alaska,2023,Female,American Indian/Alaska Native,19,4365,435.28064146620800,365,1.1925497026471500
Alaska,2023,Female,Asian/Pacific Islander,,2433,,365,
Alaska,2023,Female,Black,,821,,365,
Alaska,2023,Female,White,44,25067,175.5295807236610,365,0.48090296088674100
Alaska,2023,Male,American Indian/Alaska Native,38,3896,975.3593429158110,365,2.6722173778515400
Alaska,2023,Male,Asian/Pacific Islander,,1869,,365,
Alaska,2023,Male,Black,,941,,365,
Alaska,2023,Male,White,108,27512,392.55597557429500,365,1.0754958234912200
Alaska,2024,Female,American Indian/Alaska Native,12,4434,270.63599458728000,366,0.7394426081619680
Alaska,2024,Female,Asian/Pacific Islander,,2556,,366,
Alaska,2024,Female,Black,,849,,366,
Alaska,2024,Female,White,52,25501,203.91357201678400,366,0.5571409071496820
Alaska,2024,Male,American Indian/Alaska Native,20,3967,504.1593143433330,366,1.377484465418940
Alaska,2024,Male,Asian/Pacific Islander,,1891,,366,
Alaska,2024,Male,Black,,987,,366,
Alaska,2024,Male,White,108,27816,388.26574633304600,366,1.0608353724946600
Alaska,2025,Female,American Indian/Alaska Native,17,4434,383.40099233198000,365,1.0504136776218600
Alaska,2025,Female,Asian/Pacific Islander,,2556,,365,
Alaska,2025,Female,Black,,849,,365,
Alaska,2025,Female,White,50,25501,196.07074232383000,365,0.5371801159557000
Alaska,2025,Male,American Indian/Alaska Native,30,3967,756.2389715149990,365,2.0718875931917800
Alaska,2025,Male,Asian/Pacific Islander,,1891,,365,
Alaska,2025,Male,Black,,987,,365,
Alaska,2025,Male,White,132,27816,474.54702329594500,365,1.3001288309477900
Arizona,1999,Female,American Indian/Alaska Native,22,5100,431.37254901960800,365,1.1818426000537200
Arizona,1999,Female,Asian/Pacific Islander,,2614,,365,
Arizona,1999,Female,Black,24,3224,744.4168734491320,365,2.039498283422280
Arizona,1999,Female,White,707,181112,390.3661822518660,365,1.0694963897311400
Arizona,1999,Male,American Indian/Alaska Native,35,4083,857.2128337007100,365,2.348528311508800
Arizona,1999,Male,Asian/Pacific Islander,,1738,,365,
Arizona,1999,Male,Black,31,2780,1115.1079136690600,365,3.055090174435790
Arizona,1999,Male,White,1342,162063,828.0730333265460,365,2.268693241990540
Arizona,2000,Female,American Indian/Alaska Native,28,5097,549.3427506376300,366,1.5009364771519900
Arizona,2000,Female,Asian/Pacific Islander,,2754,,366,
Arizona,2000,Female,Black,22,3294,667.8809957498480,366,1.8248114637974000
Arizona,2000,Female,White,651,181007,359.6545989934090,366,0.9826628387798060
Arizona,2000,Male,American Indian/Alaska Native,31,4033,768.6585668237050,366,2.1001600186440000
Arizona,2000,Male,Asian/Pacific Islander,,1833,,366,
Arizona,2000,Male,Black,27,2910,927.8350515463920,366,2.535068446848070
Arizona,2000,Male,White,1256,162913,770.9636431715090,366,2.1064580414522100
Arizona,2001,Female,American Indian/Alaska Native,24,5310,451.97740112994400,365,1.238294249671080
Arizona,2001,Female,Asian/Pacific Islander,11,2976,369.6236559139790,365,1.0126675504492600
Arizona,2001,Female,Black,36,3476,1035.6731875719200,365,2.8374607878682800
Arizona,2001,Female,White,651,182472,356.76706563198700,365,0.9774440154301020
Arizona,2001,Male,American Indian/Alaska Native,30,4198,714.6260123868510,365,1.9578794859913700
Arizona,2001,Male,Asian/Pacific Islander,,1954,,365,
Arizona,2001,Male,Black,25,3081,811.4248620577740,365,2.2230818138569100
Arizona,2001,Male,White,1209,165445,730.7564447399440,365,2.0020724513423100
Arizona,2002,Female,American Indian/Alaska Native,27,5550,486.48648648648600,365,1.3328396890040700
Arizona,2002,Female,Asian/Pacific Islander,,3239,,365,
Arizona,2002,Female,Black,13,3696,351.73160173160200,365,0.9636482239221970
Arizona,2002,Female,White,628,184783,339.85810382989800,365,0.9311180926846510
Arizona,2002,Male,American Indian/Alaska Native,30,4319,694.6052326927530,365,1.9030280347746700
Arizona,2002,Male,Asian/Pacific Islander,,2155,,365,
Arizona,2002,Male,Black,28,3322,842.8657435279950,365,2.3092212151451900
Arizona,2002,Male,White,1181,168255,701.910790169683,365,1.9230432607388600
Arizona,2003,Female,American Indian/Alaska Native,28,5730,488.6561954624780,365,1.3387840971574700
Arizona,2003,Female,Asian/Pacific Islander,,3525,,365,
Arizona,2003,Female,Black,27,3892,693.7307297019530,365,1.9006321361697300
Arizona,2003,Female,White,615,187888,327.3226603082690,365,0.8967744118034760
Arizona,2003,Male,American Indian/Alaska Native,36,4489,801.9603475161510,365,2.1971516370305500
Arizona,2003,Male,Asian/Pacific Islander,,2362,,365,
Arizona,2003,Male,Black,40,3571,1120.1344161299400,365,3.0688614140546200
Arizona,2003,Male,White,1117,171854,649.9703236468170,365,1.7807406127310000
Arizona,2004,Female,American Indian/Alaska Native,13,5913,219.8545577541010,366,0.6006955129893470
Arizona,2004,Female,Asian/Pacific Islander,,3807,,366,
Arizona,2004,Female,Black,34,4108,827.6533592989290,366,2.2613479762265800
Arizona,2004,Female,White,611,193316,316.06281942519000,366,0.8635596159158190
Arizona,2004,Male,American Indian/Alaska Native,33,4706,701.2324691882700,366,1.9159357081646700
Arizona,2004,Male,Asian/Pacific Islander,11,2569,428.1821720513820,366,1.1698966449491300
Arizona,2004,Male,Black,31,3863,802.485115195444,366,2.192582281954770
Arizona,2004,Male,White,1056,176613,597.9174805931610,366,1.63365431856055
Arizona,2005,Female,American Indian/Alaska Native,29,6116,474.166121648136,365,1.2990852647894100
Arizona,2005,Female,Asian/Pacific Islander,,4087,,365,
Arizona,2005,Female,Black,19,4522,420.16806722689100,365,1.1511453896627100
Arizona,2005,Female,White,601,199556,301.16859427930000,365,0.825119436381644
Arizona,2005,Male,American Indian/Alaska Native,38,4909,774.0884090446120,365,2.12079016176606
Arizona,2005,Male,Asian/Pacific Islander,,2898,,365,
Arizona,2005,Male,Black,36,4218,853.4850640113800,365,2.3383152438667900
Arizona,2005,Male,White,1056,182510,578.5984329625770,365,1.5852011861988400
Arizona,2006,Female,American Indian/Alaska Native,19,6455,294.3454686289700,365,0.8064259414492320
Arizona,2006,Female,Asian/Pacific Islander,,4451,,365,
Arizona,2006,Female,Black,20,4892,408.8307440719540,365,1.120084230334120
Arizona,2006,Female,White,570,206303,276.29263752829600,365,0.756966130214509
Arizona,2006,Male,American Indian/Alaska Native,20,5169,386.92203520990500,365,1.0600603704381000
Arizona,2006,Male,Asian/Pacific Islander,,3220,,365,
Arizona,2006,Male,Black,41,4501,910.9086869584540,365,2.4956402382423400
Arizona,2006,Male,White,1023,188974,541.344311915925,365,1.4831351011395200
Arizona,2007,Female,American Indian/Alaska Native,12,6621,181.24150430448600,365,0.4965520665876320
Arizona,2007,Female,Asian/Pacific Islander,,4791,,365,
Arizona,2007,Female,Black,28,5263,532.0159604788140,365,1.45757797391456
Arizona,2007,Female,White,509,214176,237.65501269983600,365,0.6511096238351660
Arizona,2007,Male,American Indian/Alaska Native,23,5325,431.924882629108,365,1.183355842819470
Arizona,2007,Male,Asian/Pacific Islander,,3518,,365,
Arizona,2007,Male,Black,23,4746,484.61862621154700,365,1.3277222635932800
Arizona,2007,Male,White,991,195145,507.8275128750420,365,1.3913082544521700
Arizona,2008,Female,American Indian/Alaska Native,30,7082,423.6091499576390,366,1.1574020490645900
Arizona,2008,Female,Asian/Pacific Islander,,5187,,366,
Arizona,2008,Female,Black,23,5588,411.59627773801000,366,1.1245799938197000
Arizona,2008,Female,White,520,225285,230.81874070621700,366,0.6306522970115210
Arizona,2008,Male,American Indian/Alaska Native,26,5563,467.3737192162500,366,1.2769773749077900
Arizona,2008,Male,Asian/Pacific Islander,,3801,,366,
Arizona,2008,Male,Black,29,4998,580.2320928371350,366,1.5853335869867100
Arizona,2008,Male,White,1036,204482,506.646061756047,366,1.3842788572569600
Arizona,2009,Female,American Indian/Alaska Native,18,7387,243.67131447136900,365,0.6675926423873110
Arizona,2009,Female,Asian/Pacific Islander,,5585,,365,
Arizona,2009,Female,Black,25,5851,427.27738848060200,365,1.1706229821386300
Arizona,2009,Female,White,537,235099,228.41441265169100,365,0.625792911374497
Arizona,2009,Male,American Indian/Alaska Native,28,5855,478.22374039282700,365,1.3102020284735000
Arizona,2009,Male,Asian/Pacific Islander,,4077,,365,
Arizona,2009,Male,Black,35,5286,662.1263715474840,365,1.8140448535547500
Arizona,2009,Male,White,1013,214042,473.27160090075800,365,1.296634523015780
Arizona,2010,Female,American Indian/Alaska Native,18,7706,233.58422008824300,365,0.6399567673650490
Arizona,2010,Female,Asian/Pacific Islander,,5925,,365,
Arizona,2010,Female,Black,22,6217,353.8684252855080,365,0.9695025350287880
Arizona,2010,Female,White,497,241817,205.52732024630200,365,0.5630885486200050
Arizona,2010,Male,American Indian/Alaska Native,30,6114,490.6771344455350,365,1.3443209162891400
Arizona,2010,Male,Asian/Pacific Islander,15,4290,349.65034965035000,365,0.9579461634256160
Arizona,2010,Male,Black,28,5544,505.0505050505050,365,1.3837000138370000
Arizona,2010,Male,White,1025,220279,465.3189818366710,365,1.2748465255799200
Arizona,2011,Female,American Indian/Alaska Native,15,8099,185.20805037659000,365,0.5074193161002460
Arizona,2011,Female,Asian/Pacific Islander,,6563,,365,
Arizona,2011,Female,Black,24,6586,364.40935317339800,365,0.9983817895161590
Arizona,2011,Female,White,529,253003,209.08842978146500,365,0.5728450130999040
Arizona,2011,Male,American Indian/Alaska Native,30,6454,464.8280136349550,365,1.2735014072190600
Arizona,2011,Male,Asian/Pacific Islander,,4628,,365,
Arizona,2011,Male,Black,32,5902,542.1890884445950,365,1.4854495573824500
Arizona,2011,Male,White,1084,230345,470.5984501508610,365,1.2893108223311300
Arizona,2012,Female,American Indian/Alaska Native,22,8591,256.08194622279100,366,0.6996774486961510
Arizona,2012,Female,Asian/Pacific Islander,,7271,,366,
Arizona,2012,Female,Black,31,7081,437.7912724191500,366,1.1961510175386600
Arizona,2012,Female,White,556,271131,205.06692336914600,366,0.5602921403528590
Arizona,2012,Male,American Indian/Alaska Native,30,6842,438.46828412744800,366,1.198000776304500
Arizona,2012,Male,Asian/Pacific Islander,17,4949,343.5037381289150,366,0.9385348036309150
Arizona,2012,Male,Black,34,6390,532.0813771518000,366,1.453774254513110
Arizona,2012,Male,White,1165,246334,472.93512060860500,366,1.2921724606792500
Arizona,2013,Female,American Indian/Alaska Native,19,9024,210.54964539007100,365,0.5768483435344410
Arizona,2013,Female,Asian/Pacific Islander,,7940,,365,
Arizona,2013,Female,Black,28,7718,362.7882871210160,365,0.9939405126603170
Arizona,2013,Female,White,585,286812,203.96636124011500,365,0.558811948603056
Arizona,2013,Male,American Indian/Alaska Native,31,7258,427.11490768806800,365,1.170177829282380
Arizona,2013,Male,Asian/Pacific Islander,15,5252,285.6054836252860,365,0.7824807770555770
Arizona,2013,Male,Black,54,6979,773.7498208912450,365,2.119862522989710
Arizona,2013,Male,White,1171,259127,451.9019631300480,365,1.2380875702193100
Arizona,2014,Female,American Indian/Alaska Native,21,9548,219.94134897360700,365,0.602579038283855
Arizona,2014,Female,Asian/Pacific Islander,10,8738,114.44266422522300,365,0.31354154582252900
Arizona,2014,Female,Black,25,8377,298.43619434165000,365,0.8176334091552050
Arizona,2014,Female,White,558,302609,184.39636626802200,365,0.5051955240219790
Arizona,2014,Male,American Indian/Alaska Native,52,7762,669.9304303014690,365,1.8354258364423800
Arizona,2014,Male,Asian/Pacific Islander,11,5822,188.9385091034010,365,0.5176397509682220
Arizona,2014,Male,Black,45,7654,587.9278808466160,365,1.6107613173879900
Arizona,2014,Male,White,1181,271976,434.2294908374270,365,1.1896698379107600
Arizona,2015,Female,American Indian/Alaska Native,19,10168,186.8607395751380,365,0.5119472317127060
Arizona,2015,Female,Asian/Pacific Islander,11,9370,117.39594450373500,365,0.32163272466776800
Arizona,2015,Female,Black,36,9177,392.2850604772800,365,1.0747535903487100
Arizona,2015,Female,White,634,316842,200.09973425240300,365,0.5482184500065850
Arizona,2015,Male,American Indian/Alaska Native,35,8200,426.82926829268300,365,1.1693952555963900
Arizona,2015,Male,Asian/Pacific Islander,12,6299,190.5064295919990,365,0.5219354235397230
Arizona,2015,Male,Black,50,8341,599.4485073732170,365,1.6423246777348400
Arizona,2015,Male,White,1220,284617,428.64621579174800,365,1.174373193950000
Arizona,2016,Female,American Indian/Alaska Native,24,10854,221.1166390270870,366,0.6041438224783790
Arizona,2016,Female,Asian/Pacific Islander,10,10247,97.58953840148340,366,0.26663808306416200
Arizona,2016,Female,Black,30,9862,304.1979314540660,366,0.8311418892187600
Arizona,2016,Female,White,655,330639,198.10125242333800,366,0.541260252522781
Arizona,2016,Male,American Indian/Alaska Native,48,8682,552.86800276434,366,1.5105683135637700
Arizona,2016,Male,Asian/Pacific Islander,11,6886,159.7444089456870,366,0.4364601337313850
Arizona,2016,Male,Black,61,9014,676.725094297759,366,1.848975667480220
Arizona,2016,Male,White,1372,296636,462.51972113971300,366,1.263715085081180
Arizona,2017,Female,American Indian/Alaska Native,24,11153,215.18873845602100,365,0.589558187550742
Arizona,2017,Female,Asian/Pacific Islander,16,11262,142.07068016338100,365,0.38923474017364700
Arizona,2017,Female,Black,32,10685,299.4852597098740,365,0.8205075608489690
Arizona,2017,Female,White,668,339092,196.99668526535600,365,0.5397169459324810
Arizona,2017,Male,American Indian/Alaska Native,45,9115,493.6917169500820,365,1.3525800464385800
Arizona,2017,Male,Asian/Pacific Islander,20,7245,276.05244996549300,365,0.7563080820972420
Arizona,2017,Male,Black,50,9419,530.8419152776300,365,1.4543614117195400
Arizona,2017,Male,White,1438,303438,473.9024116953050,365,1.2983627717679600
Arizona,2018,Female,American Indian/Alaska Native,33,11711,281.7863547092480,365,0.7720174101623230
Arizona,2018,Female,Asian/Pacific Islander,15,12416,120.8118556701030,365,0.33099138539754300
Arizona,2018,Female,Black,36,11450,314.410480349345,365,0.8613985762995750
Arizona,2018,Female,White,707,350997,201.42622301615100,365,0.5518526657976740
Arizona,2018,Male,American Indian/Alaska Native,44,9616,457.5707154742100,365,1.2536183985594800
Arizona,2018,Male,Asian/Pacific Islander,25,7938,314.9407911312670,365,0.8628514825514170
Arizona,2018,Male,Black,49,10010,489.51048951049000,365,1.3411246287958600
Arizona,2018,Male,White,1416,312024,453.81124528882400,365,1.2433184802433500
Arizona,2019,Female,American Indian/Alaska Native,30,12445,241.06066693451200,365,0.6604401833822240
Arizona,2019,Female,Asian/Pacific Islander,21,13232,158.70616686819800,365,0.43481141607725600
Arizona,2019,Female,Black,57,12365,460.9785685402350,365,1.2629549823020100
Arizona,2019,Female,White,713,363036,196.39925517028600,365,0.5380801511514690
Arizona,2019,Male,American Indian/Alaska Native,38,10168,373.7214791502750,365,1.0238944634254100
Arizona,2019,Male,Asian/Pacific Islander,30,8432,355.7874762808350,365,0.9747602089885890
Arizona,2019,Male,Black,60,10736,558.8673621460510,365,1.5311434579343900
Arizona,2019,Male,White,1382,321285,430.14768818961400,365,1.1784868169578500
Arizona,2020,Female,American Indian/Alaska Native,38,13269,286.3817921471100,366,0.7824639129702450
Arizona,2020,Female,Asian/Pacific Islander,15,13985,107.25777618877400,366,0.29305403330266000
Arizona,2020,Female,Black,47,13262,354.39601870004500,366,0.968295133060233
Arizona,2020,Female,White,878,380338,230.84729898143200,366,0.6307303250858810
Arizona,2020,Male,American Indian/Alaska Native,60,10742,558.5552038726490,366,1.526107114406150
Arizona,2020,Male,Asian/Pacific Islander,19,9016,210.73646850044400,366,0.5757827008208840
Arizona,2020,Male,Black,80,11798,678.0810306831670,366,1.8526804117026400
Arizona,2020,Male,White,1669,334495,498.9611204950750,366,1.3632817499865400
Arizona,2021,Female,American Indian/Alaska Native,22,12699,173.24198755807500,365,0.47463558235089200
Arizona,2021,Female,Asian/Pacific Islander,19,12945,146.77481653147900,365,0.40212278501775200
Arizona,2021,Female,Black,48,12832,374.0648379052370,365,1.0248351723431100
Arizona,2021,Female,White,817,371710,219.7950014796480,365,0.6021780862456110
Arizona,2021,Male,American Indian/Alaska Native,49,10313,475.12847861921800,365,1.3017218592307400
Arizona,2021,Male,Asian/Pacific Islander,13,8255,157.48031496063000,365,0.43145291770035600
Arizona,2021,Male,Black,82,11825,693.446088794926,365,1.8998522980682900
Arizona,2021,Male,White,1734,333098,520.5675206695930,365,1.4262123853961400
Arizona,2022,Female,American Indian/Alaska Native,35,12905,271.21270825261500,365,0.7430485157605900
Arizona,2022,Female,Asian/Pacific Islander,14,13521,103.5426373788920,365,0.2836784585723070
Arizona,2022,Female,Black,54,13412,402.6245153593800,365,1.1030808639983000
Arizona,2022,Female,White,861,370324,232.49910888843300,365,0.6369838599683090
Arizona,2022,Male,American Indian/Alaska Native,46,10358,444.1011778335590,365,1.2167155557083800
Arizona,2022,Male,Asian/Pacific Islander,20,8784,227.6867030965390,365,0.6237991865658610
Arizona,2022,Male,Black,93,12304,755.8517555266580,365,2.070826727470300
Arizona,2022,Male,White,1702,329552,516.4587075787740,365,1.4149553632295200
Arizona,2023,Female,American Indian/Alaska Native,32,13799,231.900862381332,365,0.6353448284420060
Arizona,2023,Female,Asian/Pacific Islander,13,14382,90.39076623557220,365,0.24764593489197900
Arizona,2023,Female,Black,58,14278,406.21935845356500,365,1.1129297491878500
Arizona,2023,Female,White,851,380963,223.38127324700800,365,0.6120034883479680
Arizona,2023,Male,American Indian/Alaska Native,51,10970,464.90428441203300,365,1.273710368252150
Arizona,2023,Male,Asian/Pacific Islander,19,9350,203.20855614973300,365,0.5567357702732400
Arizona,2023,Male,Black,111,13447,825.4629285342460,365,2.2615422699568400
Arizona,2023,Male,White,1698,337684,502.83697184349900,365,1.3776355392972600
Arizona,2024,Female,American Indian/Alaska Native,26,14560,178.57142857142900,366,0.4879000780640130
Arizona,2024,Female,Asian/Pacific Islander,13,15310,84.91182233834100,366,0.23199951458563100
Arizona,2024,Female,Black,62,15208,407.6801683324570,366,1.1138802413455100
Arizona,2024,Female,White,850,387432,219.39333870201700,366,0.5994353516448560
Arizona,2024,Male,American Indian/Alaska Native,56,11471,488.18760352192500,366,1.3338459112620900
Arizona,2024,Male,Asian/Pacific Islander,24,10190,235.52502453385700,366,0.6435109959941440
Arizona,2024,Male,Black,103,14279,721.3390293437920,366,1.9708716648737500
Arizona,2024,Male,White,1665,343597,484.57931821290600,366,1.3239872082319800
Arizona,2025,Female,American Indian/Alaska Native,35,14560,240.3846153846150,365,0.6585879873551110
Arizona,2025,Female,Asian/Pacific Islander,,15310,,365,
Arizona,2025,Female,Black,58,15208,381.37822198842700,365,1.0448718410641800
Arizona,2025,Female,White,828,387432,213.7149228767890,365,0.5855203366487360
Arizona,2025,Male,American Indian/Alaska Native,52,11471,453.317060413216,365,1.241964549077300
Arizona,2025,Male,Asian/Pacific Islander,16,10190,157.01668302257100,365,0.4301826932125240
Arizona,2025,Male,Black,100,14279,700.3291547027100,365,1.9187100128841400
Arizona,2025,Male,White,1689,343597,491.56424532228200,365,1.346751357047350
Arkansas,1999,Female,American Indian/Alaska Native,,331,,365,
Arkansas,1999,Female,Asian/Pacific Islander,,360,,365,
Arkansas,1999,Female,Black,107,11503,930.1921237937930,365,2.548471572037790
Arkansas,1999,Female,White,469,96349,486.7720474524900,365,1.3336220478150400
Arkansas,1999,Male,American Indian/Alaska Native,0,300,0.0,365,0.0
Arkansas,1999,Male,Asian/Pacific Islander,,197,,365,
Arkansas,1999,Male,Black,112,7607,1472.3281188379100,365,4.033775668049080
Arkansas,1999,Male,White,867,81289,1066.5649718904200,365,2.922095813398400
Arkansas,2000,Female,American Indian/Alaska Native,0,402,0.0,366,0.0
Arkansas,2000,Female,Asian/Pacific Islander,,475,,366,
Arkansas,2000,Female,Black,97,11392,851.4747191011240,366,2.326433658746240
Arkansas,2000,Female,White,457,96161,475.24464179865000,366,1.2984826278651600
Arkansas,2000,Male,American Indian/Alaska Native,,373,,366,
Arkansas,2000,Male,Asian/Pacific Islander,,298,,366,
Arkansas,2000,Male,Black,98,7524,1302.4986709197200,366,3.558739538032030
Arkansas,2000,Male,White,807,81709,987.6512991224960,366,2.6985008172745800
Arkansas,2001,Female,American Indian/Alaska Native,,409,,365,
Arkansas,2001,Female,Asian/Pacific Islander,,526,,365,
Arkansas,2001,Female,Black,112,11207,999.3753903810120,365,2.738014768167160
Arkansas,2001,Female,White,465,95650,486.1474124411920,365,1.331910719016960
Arkansas,2001,Male,American Indian/Alaska Native,,382,,365,
Arkansas,2001,Male,Asian/Pacific Islander,,320,,365,
Arkansas,2001,Male,Black,106,7528,1408.07651434644,365,3.8577438749217500
Arkansas,2001,Male,White,810,82226,985.089874249021,365,2.698876367805540
Arkansas,2002,Female,American Indian/Alaska Native,,423,,365,
Arkansas,2002,Female,Asian/Pacific Islander,,552,,365,
Arkansas,2002,Female,Black,97,10983,883.1831011563330,365,2.4196797291954300
Arkansas,2002,Female,White,443,95551,463.62675429875100,365,1.270210285750000
Arkansas,2002,Male,American Indian/Alaska Native,,402,,365,
Arkansas,2002,Male,Asian/Pacific Islander,,355,,365,
Arkansas,2002,Male,Black,113,7580,1490.7651715039600,365,4.084288141106730
Arkansas,2002,Male,White,746,82416,905.1640458163460,365,2.4799014953872500
Arkansas,2003,Female,American Indian/Alaska Native,,437,,365,
Arkansas,2003,Female,Asian/Pacific Islander,0,584,0.0,365,0.0
Arkansas,2003,Female,Black,98,11012,889.9382491827100,365,2.4381869840622200
Arkansas,2003,Female,White,421,96128,437.95772303595200,365,1.1998841727012400
Arkansas,2003,Male,American Indian/Alaska Native,,420,,365,
Arkansas,2003,Male,Asian/Pacific Islander,,387,,365,
Arkansas,2003,Male,Black,98,7676,1276.706618030220,365,3.497826350767740
Arkansas,2003,Male,White,704,83797,840.1255414871650,365,2.301713812293600
Arkansas,2004,Female,American Indian/Alaska Native,0,455,0.0,366,0.0
Arkansas,2004,Female,Asian/Pacific Islander,,622,,366,
Arkansas,2004,Female,Black,93,10953,849.0824431662560,366,2.3198973857001500
Arkansas,2004,Female,White,445,97131,458.1441558307850,366,1.2517599886087000
Arkansas,2004,Male,American Indian/Alaska Native,,426,,366,
Arkansas,2004,Male,Asian/Pacific Islander,,387,,366,
Arkansas,2004,Male,Black,83,7894,1051.431466936910,366,2.8727635708658900
Arkansas,2004,Male,White,670,84887,789.2845783217690,366,2.1565152413163100
Arkansas,2005,Female,American Indian/Alaska Native,,494,,365,
Arkansas,2005,Female,Asian/Pacific Islander,,612,,365,
Arkansas,2005,Female,Black,76,10997,691.0975720651090,365,1.8934180056578300
Arkansas,2005,Female,White,392,98427,398.2647037906270,365,1.09113617476884
Arkansas,2005,Male,American Indian/Alaska Native,0,480,0.0,365,0.0
Arkansas,2005,Male,Asian/Pacific Islander,,441,,365,
Arkansas,2005,Male,Black,90,8097,1111.5227862171200,365,3.0452679074441600
Arkansas,2005,Male,White,709,86705,817.7152413355630,365,2.240315729686470
Arkansas,2006,Female,American Indian/Alaska Native,,505,,365,
Arkansas,2006,Female,Asian/Pacific Islander,,677,,365,
Arkansas,2006,Female,Black,87,11227,774.9176093346400,365,2.1230619433825700
Arkansas,2006,Female,White,398,100955,394.23505522262400,365,1.080096041705820
Arkansas,2006,Male,American Indian/Alaska Native,,490,,365,
Arkansas,2006,Male,Asian/Pacific Islander,,486,,365,
Arkansas,2006,Male,Black,93,8297,1120.8870676148000,365,3.0709234729172600
Arkansas,2006,Male,White,627,89488,700.6526014661180,365,1.9195961684003200
Arkansas,2007,Female,American Indian/Alaska Native,,532,,365,
Arkansas,2007,Female,Asian/Pacific Islander,,716,,365,
Arkansas,2007,Female,Black,61,11358,537.0663849269240,365,1.4714147532244500
Arkansas,2007,Female,White,373,103270,361.18911590975100,365,0.9895592216705510
Arkansas,2007,Male,American Indian/Alaska Native,,529,,365,
Arkansas,2007,Male,Asian/Pacific Islander,,529,,365,
Arkansas,2007,Male,Black,91,8541,1065.44901065449,365,2.9190383853547700
Arkansas,2007,Male,White,640,91806,697.1221924492950,365,1.9099238149295800
Arkansas,2008,Female,American Indian/Alaska Native,0,540,0.0,366,0.0
Arkansas,2008,Female,Asian/Pacific Islander,0,752,0.0,366,0.0
Arkansas,2008,Female,Black,77,11676,659.4724220623500,366,1.8018372187495900
Arkansas,2008,Female,White,414,106421,389.0209639075000,366,1.0628988084904400
Arkansas,2008,Male,American Indian/Alaska Native,,559,,366,
Arkansas,2008,Male,Asian/Pacific Islander,,549,,366,
Arkansas,2008,Male,Black,95,8909,1066.337411606240,366,2.913490195645470
Arkansas,2008,Male,White,661,95246,693.9923986309140,366,1.8961540946199800
Arkansas,2009,Female,American Indian/Alaska Native,,601,,365,
Arkansas,2009,Female,Asian/Pacific Islander,,800,,365,
Arkansas,2009,Female,Black,66,11828,557.9979709164690,365,1.5287615641547100
Arkansas,2009,Female,White,373,109350,341.1065386374030,365,0.9345384620202820
Arkansas,2009,Male,American Indian/Alaska Native,,605,,365,
Arkansas,2009,Male,Asian/Pacific Islander,,591,,365,
Arkansas,2009,Male,Black,101,9070,1113.561190738700,365,3.0508525773663000
Arkansas,2009,Male,White,716,97969,730.8434300646120,365,2.0023107673003100
Arkansas,2010,Female,American Indian/Alaska Native,,625,,365,
Arkansas,2010,Female,Asian/Pacific Islander,,863,,365,
Arkansas,2010,Female,Black,61,12001,508.29097575202100,365,1.3925780157589600
Arkansas,2010,Female,White,397,110975,357.7382293309300,365,0.9801047378929600
Arkansas,2010,Male,American Indian/Alaska Native,,641,,365,
Arkansas,2010,Male,Asian/Pacific Islander,,621,,365,
Arkansas,2010,Male,Black,96,9329,1029.0492014149400,365,2.819312880588880
Arkansas,2010,Male,White,681,99547,684.0989683265190,365,1.8742437488397800
Arkansas,2011,Female,American Indian/Alaska Native,,665,,365,
Arkansas,2011,Female,Asian/Pacific Islander,,987,,365,
Arkansas,2011,Female,Black,68,12473,545.177583580534,365,1.4936372152891300
Arkansas,2011,Female,White,379,113273,334.5898846150450,365,0.9166846153836850
Arkansas,2011,Male,American Indian/Alaska Native,,686,,365,
Arkansas,2011,Male,Asian/Pacific Islander,,720,,365,
Arkansas,2011,Male,Black,98,9893,990.5994137268780,365,2.713970996511990
Arkansas,2011,Male,White,709,101567,698.0613782035500,365,1.9124969265850700
Arkansas,2012,Female,American Indian/Alaska Native,0,723,0.0,366,0.0
Arkansas,2012,Female,Asian/Pacific Islander,,1053,,366,
Arkansas,2012,Female,Black,76,13088,580.6845965770170,366,1.586569936002780
Arkansas,2012,Female,White,422,119384,353.48120351135800,366,0.9657956380091760
Arkansas,2012,Male,American Indian/Alaska Native,,763,,366,
Arkansas,2012,Male,Asian/Pacific Islander,,759,,366,
Arkansas,2012,Male,Black,113,10321,1094.8551496948000,366,2.991407512827310
Arkansas,2012,Male,White,716,106679,671.1723956917480,366,1.8338043598135200
Arkansas,2013,Female,American Indian/Alaska Native,,822,,365,
Arkansas,2013,Female,Asian/Pacific Islander,,1150,,365,
Arkansas,2013,Female,Black,79,13764,573.9610578320260,365,1.5724960488548600
Arkansas,2013,Female,White,410,123108,333.04090717093900,365,0.9124408415642180
Arkansas,2013,Male,American Indian/Alaska Native,,861,,365,
Arkansas,2013,Male,Asian/Pacific Islander,,845,,365,
Arkansas,2013,Male,Black,102,11043,923.6620483564250,365,2.530580954401160
Arkansas,2013,Male,White,786,109958,714.8183852016230,365,1.9584065347989700
Arkansas,2014,Female,American Indian/Alaska Native,0,916,0.0,365,0.0
Arkansas,2014,Female,Asian/Pacific Islander,,1311,,365,
Arkansas,2014,Female,Black,81,14606,554.5666164589900,365,1.5193605930383300
Arkansas,2014,Female,White,441,126683,348.11300648074300,365,0.9537342643308030
Arkansas,2014,Male,American Indian/Alaska Native,0,933,0.0,365,0.0
Arkansas,2014,Male,Asian/Pacific Islander,,946,,365,
Arkansas,2014,Male,Black,104,11830,879.1208791208790,365,2.4085503537558300
Arkansas,2014,Male,White,830,112988,734.5912840301630,365,2.0125788603566100
Arkansas,2015,Female,American Indian/Alaska Native,,996,,365,
Arkansas,2015,Female,Asian/Pacific Islander,,1426,,365,
Arkansas,2015,Female,Black,71,15512,457.7101598762250,365,1.2540004380170500
Arkansas,2015,Female,White,471,129499,363.709372273145,365,0.9964640336250550
Arkansas,2015,Male,American Indian/Alaska Native,0,996,0.0,365,0.0
Arkansas,2015,Male,Asian/Pacific Islander,,1022,,365,
Arkansas,2015,Male,Black,143,12630,1132.2248614410100,365,3.101985921756200
Arkansas,2015,Male,White,905,115330,784.7047602531870,365,2.1498760554881800
Arkansas,2016,Female,American Indian/Alaska Native,,1078,,366,
Arkansas,2016,Female,Asian/Pacific Islander,,1577,,366,
Arkansas,2016,Female,Black,116,16538,701.4149232071590,366,1.9164342164130000
Arkansas,2016,Female,White,537,131681,407.803707444506,366,1.1142177799030200
Arkansas,2016,Male,American Indian/Alaska Native,,1066,,366,
Arkansas,2016,Male,Asian/Pacific Islander,,1078,,366,
Arkansas,2016,Male,Black,145,13466,1076.7859795039400,366,2.942038195365950
Arkansas,2016,Male,White,922,117096,787.3881259821000,366,2.1513336775467200
Arkansas,2017,Female,American Indian/Alaska Native,,1159,,365,
Arkansas,2017,Female,Asian/Pacific Islander,,1678,,365,
Arkansas,2017,Female,Black,96,17685,542.832909245123,365,1.4872134499866400
Arkansas,2017,Female,White,578,134288,430.4182056475630,365,1.179227960678260
Arkansas,2017,Male,American Indian/Alaska Native,,1104,,365,
Arkansas,2017,Male,Asian/Pacific Islander,10,1167,856.898029134533,365,2.347665833245300
Arkansas,2017,Male,Black,162,14272,1135.0896860986500,365,3.1098347564346700
Arkansas,2017,Male,White,916,119156,768.7401389774750,365,2.1061373670615800
Arkansas,2018,Female,American Indian/Alaska Native,,1197,,365,
Arkansas,2018,Female,Asian/Pacific Islander,,1822,,365,
Arkansas,2018,Female,Black,88,18810,467.8362573099420,365,1.2817431707121700
Arkansas,2018,Female,White,541,136113,397.4638719299410,365,1.0889421148765500
Arkansas,2018,Male,American Indian/Alaska Native,,1144,,365,
Arkansas,2018,Male,Asian/Pacific Islander,,1245,,365,
Arkansas,2018,Male,Black,147,15068,975.5773825325190,365,2.6728147466644400
Arkansas,2018,Male,White,877,120612,727.1249958544760,365,1.9921232763136300
Arkansas,2019,Female,American Indian/Alaska Native,0,1266,0.0,365,0.0
Arkansas,2019,Female,Asian/Pacific Islander,,1989,,365,
Arkansas,2019,Female,Black,116,20059,578.2940326038190,365,1.584367212613200
Arkansas,2019,Female,White,528,138440,381.3926610806130,365,1.0449114002208600
Arkansas,2019,Male,American Indian/Alaska Native,,1188,,365,
Arkansas,2019,Male,Asian/Pacific Islander,,1379,,365,
Arkansas,2019,Male,Black,155,16000,968.75,365,2.654109589041100
Arkansas,2019,Male,White,1037,122508,846.4753322232020,365,2.3191104992416500
Arkansas,2020,Female,American Indian/Alaska Native,,1369,,366,
Arkansas,2020,Female,Asian/Pacific Islander,,2153,,366,
Arkansas,2020,Female,Black,124,21237,583.8866129867690,366,1.5953186147179500
Arkansas,2020,Female,White,560,141364,396.14046008884900,366,1.0823509838493100
Arkansas,2020,Male,American Indian/Alaska Native,,1250,,366,
Arkansas,2020,Male,Asian/Pacific Islander,,1487,,366,
Arkansas,2020,Male,Black,155,16698,928.2548808240510,366,2.5362155213771900
Arkansas,2020,Male,White,931,124931,745.2113566688810,366,2.0360966029204400
Arkansas,2021,Female,American Indian/Alaska Native,,1347,,365,
Arkansas,2021,Female,Asian/Pacific Islander,,2008,,365,
Arkansas,2021,Female,Black,116,21692,534.75935828877,365,1.4650941322980000
Arkansas,2021,Female,White,543,140540,386.3668706418100,365,1.0585393716214000
Arkansas,2021,Male,American Indian/Alaska Native,,1259,,365,
Arkansas,2021,Male,Asian/Pacific Islander,0,130,0.0,365,0.0
Arkansas,2021,Male,Black,180,17308,1039.9815114398000,365,2.8492644149035500
Arkansas,2021,Male,White,1001,126098,793.8270234262240,365,2.1748685573321200
Arkansas,2022,Female,American Indian/Alaska Native,,1395,,365,
Arkansas,2022,Female,Asian/Pacific Islander,,2088,,365,
Arkansas,2022,Female,Black,126,22407,562.3242736644800,365,1.540614448395840
Arkansas,2022,Female,White,552,139301,396.26420485136500,365,1.0856553557571600
Arkansas,2022,Male,American Indian/Alaska Native,,1310,,365,
Arkansas,2022,Male,Asian/Pacific Islander,,1438,,365,
Arkansas,2022,Male,Black,193,17632,1094.600725952810,365,2.998906098500860
Arkansas,2022,Male,White,983,125188,785.2190305780110,365,2.151285015282220
Arkansas,2023,Female,American Indian/Alaska Native,0,1465,0.0,365,0.0
Arkansas,2023,Female,Asian/Pacific Islander,,2234,,365,
Arkansas,2023,Female,Black,134,23420,572.1605465414180,365,1.5675631412093600
Arkansas,2023,Female,White,519,141199,367.56634253783700,365,1.0070310754461300
Arkansas,2023,Male,American Indian/Alaska Native,,1406,,365,
Arkansas,2023,Male,Asian/Pacific Islander,10,1475,677.9661016949150,365,1.8574413745066200
Arkansas,2023,Male,Black,196,18151,1079.8303123794800,365,2.9584392119985800
Arkansas,2023,Male,White,927,126726,731.4994555182050,365,2.0041080973101500
Arkansas,2024,Female,American Indian/Alaska Native,,1550,,366,
Arkansas,2024,Female,Asian/Pacific Islander,,2379,,366,
Arkansas,2024,Female,Black,127,24030,528.5060341240120,366,1.4440055577158800
Arkansas,2024,Female,White,520,142237,365.58701322440700,366,0.9988716208317140
Arkansas,2024,Male,American Indian/Alaska Native,,1471,,366,
Arkansas,2024,Male,Asian/Pacific Islander,,1604,,366,
Arkansas,2024,Male,Black,182,18506,983.4648222198210,366,2.6870623557918600
Arkansas,2024,Male,White,956,128462,744.1889430337380,366,2.033303123043000
Arkansas,2025,Female,American Indian/Alaska Native,,1550,,365,
Arkansas,2025,Female,Asian/Pacific Islander,,2379,,365,
Arkansas,2025,Female,Black,146,24030,607.5738660008320,365,1.6645859342488600
Arkansas,2025,Female,White,570,142237,400.7396106498310,365,1.097916741506390
Arkansas,2025,Male,American Indian/Alaska Native,,1471,,365,
Arkansas,2025,Male,Asian/Pacific Islander,,1604,,365,
Arkansas,2025,Male,Black,195,18506,1053.7123095212400,365,2.886883039784210
Arkansas,2025,Male,White,1029,128462,801.0150861733430,365,2.1945618799269700
California,1999,Female,American Indian/Alaska Native,24,7684,312.3373243102550,365,0.8557186967404250
California,1999,Female,Asian/Pacific Islander,341,126109,270.4010023075280,365,0.74082466385624
California,1999,Female,Black,552,60463,912.9550303491390,365,2.501246658490790
California,1999,Female,White,3849,838654,458.9496979684110,365,1.2573964327901700
California,1999,Male,American Indian/Alaska Native,27,6512,414.61916461916500,365,1.1359429167648300
California,1999,Male,Asian/Pacific Islander,431,94427,456.4372478210680,365,1.250513007728950
California,1999,Male,Black,613,47760,1283.500837520940,365,3.5164406507423000
California,1999,Male,White,6159,706395,871.8917885885380,365,2.388744626269970
California,2000,Female,American Indian/Alaska Native,33,7985,413.27489041953700,366,1.1291663672664900
California,2000,Female,Asian/Pacific Islander,306,128636,237.88053111104200,366,0.6499468063143220
California,2000,Female,Black,529,61431,861.1287460728300,366,2.352810781619750
California,2000,Female,White,3478,835068,416.49302811268100,366,1.1379590932040500
California,2000,Male,American Indian/Alaska Native,28,6739,415.4919127466980,366,1.135223805318850
California,2000,Male,Asian/Pacific Islander,455,96865,469.72590719042000,366,1.2834041180066100
California,2000,Male,Black,593,48167,1231.1333485581400,366,3.363752318464870
California,2000,Male,White,5681,702932,808.1862825991700,366,2.2081592420742400
California,2001,Female,American Indian/Alaska Native,25,8381,298.2937596945470,365,0.8172431772453350
California,2001,Female,Asian/Pacific Islander,310,134669,230.19403129153700,365,0.6306685788809230
California,2001,Female,Black,485,62853,771.6417672982990,365,2.1140870336939700
California,2001,Female,White,3458,828258,417.502758802209,365,1.1438431748005700
California,2001,Male,American Indian/Alaska Native,32,7118,449.56448440573200,365,1.2316835189198100
California,2001,Male,Asian/Pacific Islander,446,102030,437.1263353915520,365,1.1976063983330200
California,2001,Male,Black,618,50208,1230.8795411089900,365,3.3722727153670900
California,2001,Male,White,5360,704360,760.9745016752800,365,2.0848616484254200
California,2002,Female,American Indian/Alaska Native,22,8748,251.4860539551900,365,0.6890028875484650
California,2002,Female,Asian/Pacific Islander,327,139402,234.57339206037200,365,0.6426668275626640
California,2002,Female,Black,472,64025,737.212026552128,365,2.019758976855150
California,2002,Female,White,3308,824061,401.4265934196620,365,1.0997988860812700
California,2002,Male,American Indian/Alaska Native,32,7505,426.3824117255160,365,1.1681709910288100
California,2002,Male,Asian/Pacific Islander,443,106171,417.25141516986700,365,1.143154562109230
California,2002,Male,Black,635,51945,1222.4468187506000,365,3.3491693664400000
California,2002,Male,White,5311,705605,752.6874100948830,365,2.0621572879311900
California,2003,Female,American Indian/Alaska Native,27,9209,293.19144315343700,365,0.8032642278176350
California,2003,Female,Asian/Pacific Islander,311,144123,215.78790338807800,365,0.5911997353098030
California,2003,Female,Black,420,65632,639.9317406143340,365,1.7532376455187200
California,2003,Female,White,3103,826345,375.50901863023300,365,1.0287918318636500
California,2003,Male,American Indian/Alaska Native,44,7953,553.2503457814660,365,1.5157543720040200
California,2003,Male,Asian/Pacific Islander,461,110670,416.55371826149800,365,1.1412430637301300
California,2003,Male,Black,552,53686,1028.2010207502900,365,2.8169890979460000
California,2003,Male,White,5162,712044,724.95519939779,365,1.986178628487100
California,2004,Female,American Indian/Alaska Native,24,9675,248.06201550387600,366,0.6777650696827210
California,2004,Female,Asian/Pacific Islander,289,148324,194.84372050376200,366,0.5323598920867820
California,2004,Female,Black,441,67249,655.7718330384100,366,1.7917263197770800
California,2004,Female,White,2935,829029,354.02862867282100,366,0.9672913351716420
California,2004,Male,American Indian/Alaska Native,34,8336,407.8694817658350,366,1.1143974911634800
California,2004,Male,Asian/Pacific Islander,367,115333,318.209012164775,366,0.8694235305048500
California,2004,Male,Black,608,55171,1102.0282394736400,366,3.0110061187804300
California,2004,Male,White,4771,717218,665.2091832608780,366,1.8175114296745300
California,2005,Female,American Indian/Alaska Native,28,10120,276.6798418972330,365,0.7580269641020090
California,2005,Female,Asian/Pacific Islander,286,153684,186.0961453371850,365,0.50985245297859
California,2005,Female,Black,426,68688,620.1956673654790,365,1.6991662119602200
California,2005,Female,White,2749,832375,330.2597987685840,365,0.9048213664892710
California,2005,Male,American Indian/Alaska Native,35,8798,397.8176858376900,365,1.089911468048470
California,2005,Male,Asian/Pacific Islander,444,120877,367.3155356271250,365,1.0063439332250000
California,2005,Male,Black,571,56422,1012.0165892736900,365,2.772648189790930
California,2005,Male,White,4509,721529,624.922906771592,365,1.7121175527988800
California,2006,Female,American Indian/Alaska Native,23,10708,214.79267837131100,365,0.5884730914282500
California,2006,Female,Asian/Pacific Islander,293,158841,184.46119075049900,365,0.5053731253438330
California,2006,Female,Black,446,69756,639.3715235965370,365,1.7517028043740700
California,2006,Female,White,2651,835998,317.1060217847410,365,0.8687836213280580
California,2006,Male,American Indian/Alaska Native,44,9186,478.98976703679500,365,1.3123007316076600
California,2006,Male,Asian/Pacific Islander,437,125951,346.96032584100200,365,0.9505762351808270
California,2006,Male,Black,549,57067,962.0270909632540,365,2.635690660173300
California,2006,Male,White,4471,725366,616.3784903069620,365,1.6887081926218100
California,2007,Female,American Indian/Alaska Native,23,11345,202.73248126928200,365,0.5554314555322790
California,2007,Female,Asian/Pacific Islander,295,165466,178.28436053328200,365,0.4884503028309090
California,2007,Female,Black,414,71421,579.661444113076,365,1.5881135455152800
California,2007,Female,White,2457,855091,287.3378388966790,365,0.7872269558813120
California,2007,Male,American Indian/Alaska Native,44,9812,448.4304932735430,365,1.2285766939001200
California,2007,Male,Asian/Pacific Islander,420,131814,318.63079794255500,365,0.8729610902535770
California,2007,Male,Black,559,58247,959.7060792830530,365,2.6293317240631600
California,2007,Male,White,4214,742855,567.2708671275010,365,1.5541667592534300
California,2008,Female,American Indian/Alaska Native,17,12268,138.57189435930900,366,0.37861173322215500
California,2008,Female,Asian/Pacific Islander,271,171652,157.87756623866900,366,0.43135947059745600
California,2008,Female,Black,398,73452,541.8504601644610,366,1.4804657381542700
California,2008,Female,White,2508,891403,281.354224744588,366,0.7687273900125360
California,2008,Male,American Indian/Alaska Native,41,10713,382.71259217772800,366,1.0456628201577300
California,2008,Male,Asian/Pacific Islander,404,137471,293.88016381636900,366,0.8029512672578380
California,2008,Male,Black,568,59328,957.3894282632150,366,2.615818110008780
California,2008,Male,White,4260,776457,548.6459649407500,366,1.4990326910949500
California,2009,Female,American Indian/Alaska Native,21,13132,159.9147121535180,365,0.4381224990507350
California,2009,Female,Asian/Pacific Islander,278,179110,155.2118809670040,365,0.42523803004658500
California,2009,Female,Black,412,75774,543.7221210441580,365,1.4896496466963200
California,2009,Female,White,2340,923342,253.42722414879900,365,0.694321162051503
California,2009,Male,American Indian/Alaska Native,36,11561,311.39174811867500,365,0.8531280770374650
California,2009,Male,Asian/Pacific Islander,452,144323,313.18639440699000,365,0.8580449161835340
California,2009,Male,Black,531,61289,866.3871167746250,365,2.3736633336291100
California,2009,Male,White,4168,807698,516.0344584238170,365,1.4137930367775800
California,2010,Female,American Indian/Alaska Native,19,13844,137.24357122219000,365,0.3760097841703840
California,2010,Female,Asian/Pacific Islander,262,185297,141.39462592486700,365,0.3873825367804560
California,2010,Female,Black,390,77115,505.73818323283400,365,1.3855840636516000
California,2010,Female,White,2302,945454,243.48090970052500,365,0.66707098548089
California,2010,Male,American Indian/Alaska Native,32,12132,263.7652489284540,365,0.7226445176122020
California,2010,Male,Asian/Pacific Islander,428,149455,286.3738248971260,365,0.7845858216359620
California,2010,Male,Black,516,62237,829.0888056943620,365,2.271476179984550
California,2010,Male,White,4044,829802,487.34517390895700,365,1.3351922572848100
California,2011,Female,American Indian/Alaska Native,27,14920,180.96514745308300,365,0.4957949245289950
California,2011,Female,Asian/Pacific Islander,256,195889,130.68625599191400,365,0.3580445369641470
California,2011,Female,Black,411,79735,515.4574528124410,365,1.41221219948614
California,2011,Female,White,2312,983342,235.116571853943,365,0.6441549913806660
California,2011,Male,American Indian/Alaska Native,50,13197,378.8739865120860,365,1.0380109219509200
California,2011,Male,Asian/Pacific Islander,419,158376,264.5602869121580,365,0.7248227038689270
California,2011,Male,Black,547,64269,851.110177535048,365,2.3318087055754700
California,2011,Male,White,4240,867338,488.8520968757280,365,1.3393208133581600
California,2012,Female,American Indian/Alaska Native,31,15936,194.52811244979900,366,0.5314975749994510
California,2012,Female,Asian/Pacific Islander,257,209826,122.48243782944000,366,0.33465146947934300
California,2012,Female,Black,398,83689,475.570266104267,366,1.2993723117602900
California,2012,Female,White,2321,1048311,221.40376281466100,366,0.6049283137012590
California,2012,Male,American Indian/Alaska Native,48,14130,339.7027600849260,366,0.9281496177183760
California,2012,Male,Asian/Pacific Islander,445,169635,262.3279393992990,366,0.71674300382322
California,2012,Male,Black,534,66877,798.4807930977770,366,2.1816415111961100
California,2012,Male,White,4320,930715,464.15927539579800,366,1.2681947415185700
California,2013,Female,American Indian/Alaska Native,23,16900,136.09467455621300,365,0.37286212207181600
California,2013,Female,Asian/Pacific Islander,262,225257,116.31159076077500,365,0.31866189249527500
California,2013,Female,Black,418,88203,473.9067832159900,365,1.29837474853696
California,2013,Female,White,2439,1105994,220.52560863802200,365,0.6041797496932100
California,2013,Male,American Indian/Alaska Native,54,15112,357.3319216516680,365,0.9789915661689520
California,2013,Male,Asian/Pacific Islander,517,182296,283.6046868828720,365,0.7769991421448540
California,2013,Male,Black,566,70082,807.6253531577300,365,2.2126722004321400
California,2013,Male,White,4566,985141,463.48695262911600,365,1.2698272674770300
California,2014,Female,American Indian/Alaska Native,36,18169,198.13968848037900,365,0.5428484615900790
California,2014,Female,Asian/Pacific Islander,286,244987,116.74088829203200,365,0.31983805011515600
California,2014,Female,Black,414,92747,446.375624009402,365,1.2229469150942500
California,2014,Female,White,2393,1159555,206.37227212163300,365,0.5654034852647480
California,2014,Male,American Indian/Alaska Native,59,16097,366.52792445797400,365,1.004186094405410
California,2014,Male,Asian/Pacific Islander,469,197052,238.00824147940600,365,0.652077373916182
California,2014,Male,Black,593,73632,805.3563667970450,365,2.206455799443960
California,2014,Male,White,4683,1032121,453.725871288347,365,1.2430845788721800
California,2015,Female,American Indian/Alaska Native,38,19396,195.9166838523410,365,0.5367580379516180
California,2015,Female,Asian/Pacific Islander,293,264321,110.8500648832290,365,0.3036988078992580
California,2015,Female,Black,456,97275,468.77409406322300,365,1.2843125864745800
California,2015,Female,White,2656,1210783,219.36218133224500,365,0.60099227762259
California,2015,Male,American Indian/Alaska Native,59,17266,341.7120352137150,365,0.9361973567499040
California,2015,Male,Asian/Pacific Islander,528,211345,249.828479500343,365,0.6844615876721730
California,2015,Male,Black,632,77521,815.2629610041150,365,2.233597153435930
California,2015,Male,White,5040,1079496,466.8845461215230,365,1.2791357427986900
California,2016,Female,American Indian/Alaska Native,30,20524,146.1703371662440,366,0.39937250591870100
California,2016,Female,Asian/Pacific Islander,325,277012,117.3234372518160,366,0.3205558394858360
California,2016,Female,Black,462,101420,455.531453362256,366,1.2446214572739200
California,2016,Female,White,2729,1253249,217.75401376741600,366,0.5949563217688960
California,2016,Male,American Indian/Alaska Native,62,18256,339.6143733567050,366,0.9279081239254230
California,2016,Male,Asian/Pacific Islander,590,219932,268.26473637306100,366,0.7329637605821330
California,2016,Male,Black,651,80716,806.5315426928990,366,2.20363809478934
California,2016,Male,White,5229,1117893,467.75496402607400,366,1.278019027393650
California,2017,Female,American Indian/Alaska Native,29,21752,133.32107392423700,365,0.3652632162307860
California,2017,Female,Asian/Pacific Islander,340,295404,115.09661345140900,365,0.31533318753810700
California,2017,Female,Black,482,104243,462.3811670807630,365,1.266797718029490
California,2017,Female,White,2874,1287490,223.2250347575520,365,0.6115754376919220
California,2017,Male,American Indian/Alaska Native,57,19240,296.25779625779600,365,0.8116651952268390
California,2017,Male,Asian/Pacific Islander,624,234480,266.12077789150500,365,0.7290980216205610
California,2017,Male,Black,706,82998,850.6229065760620,365,2.3304737166467500
California,2017,Male,White,5430,1150193,472.0946832401170,365,1.293410091068810
California,2018,Female,American Indian/Alaska Native,42,22933,183.1421968342560,365,0.5017594433815240
California,2018,Female,Asian/Pacific Islander,279,310372,89.8921294446664,365,0.24627980669771600
California,2018,Female,Black,481,107735,446.46586531767800,365,1.223194151555280
California,2018,Female,White,2784,1315298,211.66306038631500,365,0.5798987955789470
California,2018,Male,American Indian/Alaska Native,74,20308,364.3884183572980,365,0.9983244338556100
California,2018,Male,Asian/Pacific Islander,672,244961,274.32938304464800,365,0.7515873508072550
California,2018,Male,Black,775,86151,899.5832898051100,365,2.464611752890710
California,2018,Male,White,5558,1177656,471.95445868742700,365,1.2930259142121300
California,2019,Female,American Indian/Alaska Native,27,24123,111.92637731625400,365,0.30664760908562800
California,2019,Female,Asian/Pacific Islander,353,325320,108.50854543219000,365,0.29728368611558900
California,2019,Female,Black,469,111481,420.6994913931520,365,1.1526013462826100
California,2019,Female,White,2740,1349011,203.11176113463900,365,0.5564705784510650
California,2019,Male,American Indian/Alaska Native,59,21085,279.81977709272000,365,0.7666295262814240
California,2019,Male,Asian/Pacific Islander,661,256136,258.0660274229320,365,0.7070302121176210
California,2019,Male,Black,764,89658,852.1269713801330,365,2.3345944421373500
California,2019,Male,White,5711,1209856,472.0396476936100,365,1.293259308749620
California,2020,Female,American Indian/Alaska Native,39,25397,153.56144426507100,366,0.41956678760948300
California,2020,Female,Asian/Pacific Islander,381,339175,112.33139234908200,366,0.30691637253847600
California,2020,Female,Black,532,115868,459.1431629095180,366,1.2544895161462200
California,2020,Female,White,3039,1373828,221.20673039128600,366,0.6043899737466840
California,2020,Male,American Indian/Alaska Native,78,22249,350.5775540473730,366,0.9578621695283410
California,2020,Male,Asian/Pacific Islander,775,266396,290.92028408835000,366,0.7948641641758190
California,2020,Male,Black,843,93667,899.996797164423,366,2.459007642525750
California,2020,Male,White,6358,1232965,515.6675169205940,366,1.4089276418595500
California,2021,Female,American Indian/Alaska Native,37,22801,162.27358449190800,365,0.44458516299152900
California,2021,Female,Asian/Pacific Islander,367,332320,110.43572460279200,365,0.30256362904874700
California,2021,Female,Black,538,113920,472.26123595505600,365,1.2938663998768700
California,2021,Female,White,3132,1372023,228.27605659671900,365,0.6254138536896410
California,2021,Male,American Indian/Alaska Native,68,20764,327.4898863417450,365,0.8972325653198500
California,2021,Male,Asian/Pacific Islander,723,264458,273.38934726875300,365,0.7490119103253520
California,2021,Male,Black,851,94430,901.1966536058460,365,2.4690319276872500
California,2021,Male,White,6238,1259731,495.1850831645800,365,1.356671460724880
California,2022,Female,American Indian/Alaska Native,37,23612,156.6999830594610,365,0.42931502208071600
California,2022,Female,Asian/Pacific Islander,375,340810,110.03198262961800,365,0.30145748665648700
California,2022,Female,Black,570,115798,492.2364807682340,365,1.3485930979951600
California,2022,Female,White,3178,1361928,233.34566878719000,365,0.6393032021566850
California,2022,Male,American Indian/Alaska Native,48,21527,222.9757978352770,365,0.610892596808977
California,2022,Male,Asian/Pacific Islander,787,270693,290.73526097830400,365,0.7965349615843940
California,2022,Male,Black,973,96268,1010.7200731291800,365,2.76909609076488
California,2022,Male,White,6281,1250735,502.1847153873520,365,1.3758485353078100
California,2023,Female,American Indian/Alaska Native,33,24599,134.15179478840600,365,0.36753916380385200
California,2023,Female,Asian/Pacific Islander,363,354978,102.25985835741900,365,0.280163995499779
California,2023,Female,Black,551,120373,457.7438462113600,365,1.254092729346190
California,2023,Female,White,2984,1390738,214.5623402826410,365,0.58784202817162
California,2023,Male,American Indian/Alaska Native,54,22544,239.53158268275400,365,0.6562509114595990
California,2023,Male,Asian/Pacific Islander,715,281762,253.7602657562060,365,0.6952336048115220
California,2023,Male,Black,931,100977,921.9921368232370,365,2.526005854310240
California,2023,Male,White,6135,1281164,478.86141040491300,365,1.3119490696025000
California,2024,Female,American Indian/Alaska Native,27,25718,104.98483552375800,366,0.28684381290644200
California,2024,Female,Asian/Pacific Islander,331,369164,89.66204722020570,366,0.24497827109345800
California,2024,Female,Black,559,123632,452.14831111686300,366,1.2353778992264000
California,2024,Female,White,2862,1411402,202.77709681579000,366,0.5540357836497000
California,2024,Male,American Indian/Alaska Native,59,23413,251.99675394011900,366,0.6885157211478650
California,2024,Male,Asian/Pacific Islander,736,293479,250.78455357964300,366,0.6852036983050350
California,2024,Male,Black,895,104050,860.1633829889480,366,2.3501731775654300
California,2024,Male,White,5857,1306310,448.3621804931450,366,1.2250332800359100
California,2025,Female,American Indian/Alaska Native,41,25718,159.42141690644700,365,0.43677100522314200
California,2025,Female,Asian/Pacific Islander,353,369164,95.62145821369360,365,0.261976597845736
California,2025,Female,Black,534,123632,431.92700918856000,365,1.1833616690097500
California,2025,Female,White,2837,1411402,201.00580840894400,365,0.5507008449560100
California,2025,Male,American Indian/Alaska Native,60,23413,256.2678853628330,365,0.7021037955146100
California,2025,Male,Asian/Pacific Islander,736,293479,250.78455357964300,365,0.6870809687113500
California,2025,Male,Black,967,104050,929.3608841902930,365,2.546194203261080
California,2025,Male,White,6087,1306310,465.96902725999200,365,1.2766274719451800
Colorado,1999,Female,American Indian/Alaska Native,,681,,365,
Colorado,1999,Female,Asian/Pacific Islander,,2555,,365,
Colorado,1999,Female,Black,18,3401,529.2561011467220,365,1.45001671547047
Colorado,1999,Female,White,409,114087,358.4983389869140,365,0.9821872301011330
Colorado,1999,Male,American Indian/Alaska Native,,575,,365,
Colorado,1999,Male,Asian/Pacific Islander,,1572,,365,
Colorado,1999,Male,Black,32,3001,1066.3112295901400,365,2.921400629014070
Colorado,1999,Male,White,683,98547,693.0703116279540,365,1.898822771583440
Colorado,2000,Female,American Indian/Alaska Native,,785,,366,
Colorado,2000,Female,Asian/Pacific Islander,,2651,,366,
Colorado,2000,Female,Black,23,3556,646.7941507311590,366,1.7671971331452400
Colorado,2000,Female,White,409,114405,357.50185743630100,366,0.9767810312467240
Colorado,2000,Male,American Indian/Alaska Native,,674,,366,
Colorado,2000,Male,Asian/Pacific Islander,,1624,,366,
Colorado,2000,Male,Black,33,3131,1053.9763653784700,366,2.8797168452963800
Colorado,2000,Male,White,617,99484,620.2002332033290,366,1.694536156293250
Colorado,2001,Female,American Indian/Alaska Native,,848,,365,
Colorado,2001,Female,Asian/Pacific Islander,,2814,,365,
Colorado,2001,Female,Black,16,3737,428.15092320042800,365,1.1730162279463800
Colorado,2001,Female,White,377,114990,327.8545960518310,365,0.8982317700050150
Colorado,2001,Male,American Indian/Alaska Native,,738,,365,
Colorado,2001,Male,Asian/Pacific Islander,,1741,,365,
Colorado,2001,Male,Black,26,3320,783.132530120482,365,2.1455685756725500
Colorado,2001,Male,White,622,101354,613.6906288848990,365,1.6813441887257500
Colorado,2002,Female,American Indian/Alaska Native,,856,,365,
Colorado,2002,Female,Asian/Pacific Islander,,2904,,365,
Colorado,2002,Female,Black,16,3879,412.47744263985600,365,1.130075185314670
Colorado,2002,Female,White,353,115408,305.87134340773600,365,0.8380036805691400
Colorado,2002,Male,American Indian/Alaska Native,0,773,0.0,365,0.0
Colorado,2002,Male,Asian/Pacific Islander,,1848,,365,
Colorado,2002,Male,Black,23,3413,673.8939349545860,365,1.846284753300230
Colorado,2002,Male,White,580,102870,563.8184115874400,365,1.5447079769518900
Colorado,2003,Female,American Indian/Alaska Native,,912,,365,
Colorado,2003,Female,Asian/Pacific Islander,,3002,,365,
Colorado,2003,Female,Black,24,4012,598.2053838484550,365,1.6389188598587800
Colorado,2003,Female,White,339,116831,290.1627136633260,365,0.794966338803632
Colorado,2003,Male,American Indian/Alaska Native,,827,,365,
Colorado,2003,Male,Asian/Pacific Islander,,1949,,365,
Colorado,2003,Male,Black,38,3548,1071.0259301014700,365,2.9343176167163400
Colorado,2003,Male,White,585,104971,557.2967772051330,365,1.5268404854935100
Colorado,2004,Female,American Indian/Alaska Native,,986,,366,
Colorado,2004,Female,Asian/Pacific Islander,,3075,,366,
Colorado,2004,Female,Black,19,4139,459.0480792461950,366,1.2542297247163800
Colorado,2004,Female,White,300,119183,251.7137511222240,366,0.6877424894049830
Colorado,2004,Male,American Indian/Alaska Native,,875,,366,
Colorado,2004,Male,Asian/Pacific Islander,,2036,,366,
Colorado,2004,Male,Black,23,3608,637.4722838137470,366,1.741727551403680
Colorado,2004,Male,White,565,107244,526.8360001491930,366,1.4394426233584500
Colorado,2005,Female,American Indian/Alaska Native,,1036,,365,
Colorado,2005,Female,Asian/Pacific Islander,,3137,,365,
Colorado,2005,Female,Black,23,4287,536.505714952181,365,1.4698786711018700
Colorado,2005,Female,White,305,122072,249.85254603840400,365,0.6845275233928870
Colorado,2005,Male,American Indian/Alaska Native,,935,,365,
Colorado,2005,Male,Asian/Pacific Islander,,2151,,365,
Colorado,2005,Male,Black,25,3761,664.7168306301520,365,1.8211420017264400
Colorado,2005,Male,White,551,110398,499.1032446239970,365,1.3674061496547900
Colorado,2006,Female,American Indian/Alaska Native,0,1123,0.0,365,0.0
Colorado,2006,Female,Asian/Pacific Islander,,3337,,365,
Colorado,2006,Female,Black,16,4443,360.11703803736200,365,0.9866220220201700
Colorado,2006,Female,White,331,126826,260.98749467774700,365,0.7150342319938290
Colorado,2006,Male,American Indian/Alaska Native,,1056,,365,
Colorado,2006,Male,Asian/Pacific Islander,,2285,,365,
Colorado,2006,Male,Black,26,3889,668.5523270763690,365,1.831650211168140
Colorado,2006,Male,White,514,114961,447.1081497203400,365,1.2249538348502500
Colorado,2007,Female,American Indian/Alaska Native,0,1193,0.0,365,0.0
Colorado,2007,Female,Asian/Pacific Islander,,3534,,365,
Colorado,2007,Female,Black,18,4611,390.3708523096940,365,1.0695091844101200
Colorado,2007,Female,White,291,131991,220.46957747119100,365,0.6040262396470990
Colorado,2007,Male,American Indian/Alaska Native,,1142,,365,
Colorado,2007,Male,Asian/Pacific Islander,,2458,,365,
Colorado,2007,Male,Black,24,3974,603.9255158530450,365,1.6545904543919000
Colorado,2007,Male,White,530,119793,442.4298581720130,365,1.2121365977315400
Colorado,2008,Female,American Indian/Alaska Native,,1300,,366,
Colorado,2008,Female,Asian/Pacific Islander,,3714,,366,
Colorado,2008,Female,Black,18,4767,377.5959723096290,366,1.0316829844525400
Colorado,2008,Female,White,284,139179,204.0537724800440,366,0.5575239685247100
Colorado,2008,Male,American Indian/Alaska Native,,1264,,366,
Colorado,2008,Male,Asian/Pacific Islander,,2648,,366,
Colorado,2008,Male,Black,37,4159,889.6369319547970,366,2.430701999876490
Colorado,2008,Male,White,503,126438,397.82343915595,366,1.0869492873113400
Colorado,2009,Female,American Indian/Alaska Native,,1446,,365,
Colorado,2009,Female,Asian/Pacific Islander,,3901,,365,
Colorado,2009,Female,Black,11,4999,220.04400880176000,365,0.6028602980870150
Colorado,2009,Female,White,271,146590,184.86936353093700,365,0.506491406934073
Colorado,2009,Male,American Indian/Alaska Native,,1352,,365,
Colorado,2009,Male,Asian/Pacific Islander,,2911,,365,
Colorado,2009,Male,Black,24,4280,560.7476635514020,365,1.5362949686339800
Colorado,2009,Male,White,573,133466,429.3228237903290,365,1.176226914494050
Colorado,2010,Female,American Indian/Alaska Native,,1558,,365,
Colorado,2010,Female,Asian/Pacific Islander,,4089,,365,
Colorado,2010,Female,Black,27,5091,530.3476723629940,365,1.453007321542450
Colorado,2010,Female,White,283,151715,186.53396170451200,365,0.5110519498753750
Colorado,2010,Male,American Indian/Alaska Native,,1491,,365,
Colorado,2010,Male,Asian/Pacific Islander,,3031,,365,
Colorado,2010,Male,Black,33,4391,751.5372352539290,365,2.0590061239833700
Colorado,2010,Male,White,515,138594,371.58895767493500,365,1.0180519388354400
Colorado,2011,Female,American Indian/Alaska Native,,1725,,365,
Colorado,2011,Female,Asian/Pacific Islander,,4390,,365,
Colorado,2011,Female,Black,25,5267,474.65350294285200,365,1.300420556007810
Colorado,2011,Female,White,292,160045,182.44868630697600,365,0.4998594145396610
Colorado,2011,Male,American Indian/Alaska Native,,1655,,365,
Colorado,2011,Male,Asian/Pacific Islander,,3255,,365,
Colorado,2011,Male,Black,31,4628,669.8357821953330,365,1.8351665265625600
Colorado,2011,Male,White,509,146924,346.43761400451900,365,0.9491441479575870
Colorado,2012,Female,American Indian/Alaska Native,,1888,,366,
Colorado,2012,Female,Asian/Pacific Islander,,4818,,366,
Colorado,2012,Female,Black,21,5566,377.29069349622700,366,1.0308488893339500
Colorado,2012,Female,White,319,174743,182.5538075917200,366,0.49878089505934500
Colorado,2012,Male,American Indian/Alaska Native,,1840,,366,
Colorado,2012,Male,Asian/Pacific Islander,,3490,,366,
Colorado,2012,Male,Black,25,5003,499.70017989206500,366,1.365301037956460
Colorado,2012,Male,White,571,160972,354.72007554108800,366,0.9691805342652670
Colorado,2013,Female,American Indian/Alaska Native,,2144,,365,
Colorado,2013,Female,Asian/Pacific Islander,,5240,,365,
Colorado,2013,Female,Black,16,5847,273.6446040704640,365,0.7497112440286670
Colorado,2013,Female,White,338,187224,180.53241037473800,365,0.49460934349243400
Colorado,2013,Male,American Indian/Alaska Native,,2038,,365,
Colorado,2013,Male,Asian/Pacific Islander,,3761,,365,
Colorado,2013,Male,Black,43,5348,804.0388930441290,365,2.2028462823126800
Colorado,2013,Male,White,654,173550,376.83664649956800,365,1.0324291684919700
Colorado,2014,Female,American Indian/Alaska Native,,2310,,365,
Colorado,2014,Female,Asian/Pacific Islander,,5680,,365,
Colorado,2014,Female,Black,25,6171,405.12072597634100,365,1.1099197971954500
Colorado,2014,Female,White,349,199236,175.16914613824800,365,0.47991546887191300
Colorado,2014,Male,American Indian/Alaska Native,,2156,,365,
Colorado,2014,Male,Asian/Pacific Islander,,4078,,365,
Colorado,2014,Male,Black,36,5770,623.9168110918540,365,1.7093611262790500
Colorado,2014,Male,White,691,184548,374.4283330082150,365,1.0258310493375700
Colorado,2015,Female,American Indian/Alaska Native,,2501,,365,
Colorado,2015,Female,Asian/Pacific Islander,,6128,,365,
Colorado,2015,Female,Black,23,6455,356.31293570875300,365,0.9761998238595970
Colorado,2015,Female,White,339,210571,160.99082969639700,365,0.44107076629149800
Colorado,2015,Male,American Indian/Alaska Native,,2324,,365,
Colorado,2015,Male,Asian/Pacific Islander,,4382,,365,
Colorado,2015,Male,Black,32,6174,518.3025591188860,365,1.4200070112846200
Colorado,2015,Male,White,726,195163,371.99674118557300,365,1.019169153933080
Colorado,2016,Female,American Indian/Alaska Native,,2656,,366,
Colorado,2016,Female,Asian/Pacific Islander,,6594,,366,
Colorado,2016,Female,Black,13,6814,190.78368065747000,366,0.5212668870422680
Colorado,2016,Female,White,381,222159,171.49879140615500,366,0.4685759328037020
Colorado,2016,Male,American Indian/Alaska Native,,2502,,366,
Colorado,2016,Male,Asian/Pacific Islander,10,4654,214.86892995272900,366,0.5870735791058170
Colorado,2016,Male,Black,34,6528,520.8333333333330,366,1.4230418943533700
Colorado,2016,Male,White,796,205873,386.6461362101880,366,1.056410208224560
Colorado,2017,Female,American Indian/Alaska Native,,2812,,365,
Colorado,2017,Female,Asian/Pacific Islander,,7203,,365,
Colorado,2017,Female,Black,33,7190,458.9707927677330,365,1.2574542267609100
Colorado,2017,Female,White,429,232236,184.72588229215100,365,0.506098307649729
Colorado,2017,Male,American Indian/Alaska Native,,2665,,365,
Colorado,2017,Male,Asian/Pacific Islander,12,4977,241.10910186859600,365,0.6605728818317690
Colorado,2017,Male,Black,42,6935,605.6236481615000,365,1.6592428716753400
Colorado,2017,Male,White,771,215202,358.2680458360050,365,0.9815562899616580
Colorado,2018,Female,American Indian/Alaska Native,,2961,,365,
Colorado,2018,Female,Asian/Pacific Islander,17,7760,219.0721649484540,365,0.6001977121875440
Colorado,2018,Female,Black,30,7601,394.68490988027900,365,1.0813285202199400
Colorado,2018,Female,White,399,242700,164.40049443757700,365,0.4504123135276090
Colorado,2018,Male,American Indian/Alaska Native,,2814,,365,
Colorado,2018,Male,Asian/Pacific Islander,,5320,,365,
Colorado,2018,Male,Black,54,7388,730.9149972929070,365,2.0025068418983800
Colorado,2018,Male,White,835,224254,372.3456437789290,365,1.0201250514491200
Colorado,2019,Female,American Indian/Alaska Native,,3118,,365,
Colorado,2019,Female,Asian/Pacific Islander,12,8266,145.17299782240500,365,0.3977342406093290
Colorado,2019,Female,Black,21,8102,259.19526042952400,365,0.7101240011767770
Colorado,2019,Female,White,411,253059,162.4127179827630,365,0.4449663506377070
Colorado,2019,Male,American Indian/Alaska Native,,3016,,365,
Colorado,2019,Male,Asian/Pacific Islander,,5586,,365,
Colorado,2019,Male,Black,58,7792,744.3531827515400,365,2.0393237883603800
Colorado,2019,Male,White,856,233192,367.07948814710600,365,1.0056972278002900
Colorado,2020,Female,American Indian/Alaska Native,11,3352,328.16229116945100,366,0.8966182818837460
Colorado,2020,Female,Asian/Pacific Islander,11,8603,127.86237359060800,366,0.3493507475153220
Colorado,2020,Female,Black,34,8628,394.0658321743160,366,1.07668260156917
Colorado,2020,Female,White,475,263744,180.0988837660760,366,0.4920734529127770
Colorado,2020,Male,American Indian/Alaska Native,13,3129,415.4682007031000,366,1.135159018314480
Colorado,2020,Male,Asian/Pacific Islander,12,5891,203.7005601765410,366,0.5565589075861760
Colorado,2020,Male,Black,67,8277,809.4720309290810,366,2.2116722156532300
Colorado,2020,Male,White,934,241739,386.367114946285,366,1.0556478550444900
Colorado,2021,Female,American Indian/Alaska Native,10,3080,324.6753246753250,365,0.8895214374666430
Colorado,2021,Female,Asian/Pacific Islander,12,8256,145.34883720930200,365,0.3982159923542530
Colorado,2021,Female,Black,35,8549,409.4046087261670,365,1.1216564622634700
Colorado,2021,Female,White,514,266404,192.9400459452560,365,0.5286028656034410
Colorado,2021,Male,American Indian/Alaska Native,13,2864,453.9106145251400,365,1.2435907247264100
Colorado,2021,Male,Asian/Pacific Islander,17,5608,303.1383737517830,365,0.8305160924706390
Colorado,2021,Male,Black,54,8361,645.8557588805170,365,1.7694678325493600
Colorado,2021,Male,White,961,249094,385.79813243193300,365,1.0569811847450200
Colorado,2022,Female,American Indian/Alaska Native,,3100,,365,
Colorado,2022,Female,Asian/Pacific Islander,13,8422,154.3576347660890,365,0.4228976294961340
Colorado,2022,Female,Black,24,8828,271.86225645672900,365,0.7448280998814480
Colorado,2022,Female,White,561,267082,210.04785047288800,365,0.5754735629394200
Colorado,2022,Male,American Indian/Alaska Native,,2845,,365,
Colorado,2022,Male,Asian/Pacific Islander,13,5798,224.2152466367710,365,0.6142883469500580
Colorado,2022,Male,Black,63,8519,739.5234182415780,365,2.0260915568262400
Colorado,2022,Male,White,1007,248490,405.24769608434900,365,1.110267660505070
Colorado,2023,Female,American Indian/Alaska Native,,3266,,365,
Colorado,2023,Female,Asian/Pacific Islander,0,326,0.0,365,0.0
Colorado,2023,Female,Black,29,9300,311.82795698924700,365,0.8543231698335540
Colorado,2023,Female,White,520,274209,189.63637225619900,365,0.5195517048115030
Colorado,2023,Male,American Indian/Alaska Native,12,2886,415.8004158004160,365,1.1391792213710000
Colorado,2023,Male,Asian/Pacific Islander,17,6109,278.27795056474100,365,0.7624053440129880
Colorado,2023,Male,Black,60,9005,666.2965019433650,365,1.8254698683379900
Colorado,2023,Male,White,1008,254201,396.53659899056300,365,1.0864016410700300
Colorado,2024,Female,American Indian/Alaska Native,10,3477,287.60425654299700,366,0.7858039796256740
Colorado,2024,Female,Asian/Pacific Islander,,9165,,366,
Colorado,2024,Female,Black,37,9809,377.2046080130490,366,1.0306136830957600
Colorado,2024,Female,White,470,278550,168.7309280201040,366,0.4610134645358040
Colorado,2024,Male,American Indian/Alaska Native,17,2990,568.561872909699,366,1.5534477401904300
Colorado,2024,Male,Asian/Pacific Islander,15,6386,234.88881929220200,366,0.641772730306562
Colorado,2024,Male,Black,55,9553,575.7353710876160,366,1.5730474619880200
Colorado,2024,Male,White,959,258073,371.60028364067500,366,1.01530132142261
Colorado,2025,Female,American Indian/Alaska Native,,3477,,365,
Colorado,2025,Female,Asian/Pacific Islander,,9165,,365,
Colorado,2025,Female,Black,42,9809,428.1782036904880,365,1.1730909690150400
Colorado,2025,Female,White,445,278550,159.75587865733300,365,0.43768733878721300
Colorado,2025,Male,American Indian/Alaska Native,,2990,,365,
Colorado,2025,Male,Asian/Pacific Islander,0,345,0.0,365,0.0
Colorado,2025,Male,Black,59,9553,617.607034439443,365,1.6920740669573800
Colorado,2025,Male,White,943,258073,365.4004874589750,365,1.0010972259150000
Connecticut,1999,Female,American Indian/Alaska Native,0,218,0.0,365,0.0
Connecticut,1999,Female,Asian/Pacific Islander,,1351,,365,
Connecticut,1999,Female,Black,44,7983,551.1712388826260,365,1.5100581887195200
Connecticut,1999,Female,White,494,119503,413.3787436298670,365,1.1325445030955300
Connecticut,1999,Male,American Indian/Alaska Native,0,191,0.0,365,0.0
Connecticut,1999,Male,Asian/Pacific Islander,10,1189,841.0428931875530,365,2.3042271046234300
Connecticut,1999,Male,Black,69,5732,1203.7683182135400,365,3.2979953923658600
Connecticut,1999,Male,White,758,97170,780.0761551919320,365,2.1371949457313200
Connecticut,2000,Female,American Indian/Alaska Native,,238,,366,
Connecticut,2000,Female,Asian/Pacific Islander,,1468,,366,
Connecticut,2000,Female,Black,53,8120,652.7093596059110,366,1.78335890602708
Connecticut,2000,Female,White,431,117737,366.07013937844500,366,1.0001916376460300
Connecticut,2000,Male,American Indian/Alaska Native,0,214,0.0,366,0.0
Connecticut,2000,Male,Asian/Pacific Islander,,1278,,366,
Connecticut,2000,Male,Black,57,5820,979.3814432989690,366,2.6759055827840700
Connecticut,2000,Male,White,826,96690,854.2765539352570,366,2.334088945178300
Connecticut,2001,Female,American Indian/Alaska Native,0,246,0.0,365,0.0
Connecticut,2001,Female,Asian/Pacific Islander,,1584,,365,
Connecticut,2001,Female,Black,40,8455,473.0928444707270,365,1.296144779371860
Connecticut,2001,Female,White,426,115035,370.3220758899470,365,1.01458102983547
Connecticut,2001,Male,American Indian/Alaska Native,,222,,365,
Connecticut,2001,Male,Asian/Pacific Islander,,1424,,365,
Connecticut,2001,Male,Black,55,6111,900.0163639338900,365,2.4657982573531200
Connecticut,2001,Male,White,683,95470,715.4079815648900,365,1.960021867301070
Connecticut,2002,Female,American Indian/Alaska Native,,222,,365,
Connecticut,2002,Female,Asian/Pacific Islander,,1719,,365,
Connecticut,2002,Female,Black,43,8735,492.2724670864340,365,1.348691690647760
Connecticut,2002,Female,White,372,112971,329.2880473749900,365,0.9021590339040820
Connecticut,2002,Male,American Indian/Alaska Native,,227,,365,
Connecticut,2002,Male,Asian/Pacific Islander,,1614,,365,
Connecticut,2002,Male,Black,67,6291,1065.0135113654400,365,2.9178452366176500
Connecticut,2002,Male,White,713,94197,756.924318184231,365,2.073765255299260
Connecticut,2003,Female,American Indian/Alaska Native,,235,,365,
Connecticut,2003,Female,Asian/Pacific Islander,,1878,,365,
Connecticut,2003,Female,Black,47,9127,514.9556261641280,365,1.4108373319565200
Connecticut,2003,Female,White,349,112100,311.3291703835860,365,0.852956631187907
Connecticut,2003,Male,American Indian/Alaska Native,,219,,365,
Connecticut,2003,Male,Asian/Pacific Islander,,1701,,365,
Connecticut,2003,Male,Black,46,6503,707.3658311548520,365,1.9379885785064400
Connecticut,2003,Male,White,587,93463,628.0560221692010,365,1.7207014306005500
Connecticut,2004,Female,American Indian/Alaska Native,0,232,0.0,366,0.0
Connecticut,2004,Female,Asian/Pacific Islander,,2006,,366,
Connecticut,2004,Female,Black,45,9418,477.80845190061600,366,1.3054875734989500
Connecticut,2004,Female,White,318,110919,286.69569685987100,366,0.7833215761198650
Connecticut,2004,Male,American Indian/Alaska Native,,241,,366,
Connecticut,2004,Male,Asian/Pacific Islander,,1842,,366,
Connecticut,2004,Male,Black,58,6728,862.0689655172410,366,2.3553796872055800
Connecticut,2004,Male,White,546,93048,586.79391281919,366,1.603262056883030
Connecticut,2005,Female,American Indian/Alaska Native,,243,,365,
Connecticut,2005,Female,Asian/Pacific Islander,,2180,,365,
Connecticut,2005,Female,Black,41,9784,419.05151267375300,365,1.148086336092470
Connecticut,2005,Female,White,282,109917,256.55722044815600,365,0.7028964943785110
Connecticut,2005,Male,American Indian/Alaska Native,,257,,365,
Connecticut,2005,Male,Asian/Pacific Islander,,2035,,365,
Connecticut,2005,Male,Black,59,6916,853.0942741469060,365,2.3372445867038500
Connecticut,2005,Male,White,499,92370,540.218685720472,365,1.4800511937547200
Connecticut,2006,Female,American Indian/Alaska Native,0,273,0.0,365,0.0
Connecticut,2006,Female,Asian/Pacific Islander,,2287,,365,
Connecticut,2006,Female,Black,39,10062,387.5968992248060,365,1.0619093129446700
Connecticut,2006,Female,White,280,109387,255.97191622404900,365,0.7012929211617770
Connecticut,2006,Male,American Indian/Alaska Native,,255,,365,
Connecticut,2006,Male,Asian/Pacific Islander,,2182,,365,
Connecticut,2006,Male,Black,50,7132,701.0656197420080,365,1.9207277253205700
Connecticut,2006,Male,White,495,92417,535.6157416925460,365,1.4674403881987600
Connecticut,2007,Female,American Indian/Alaska Native,0,297,0.0,365,0.0
Connecticut,2007,Female,Asian/Pacific Islander,,2507,,365,
Connecticut,2007,Female,Black,38,10375,366.26506024096400,365,1.0034659184683900
Connecticut,2007,Female,White,259,111587,232.10589047111200,365,0.6359065492359240
Connecticut,2007,Male,American Indian/Alaska Native,0,269,0.0,365,0.0
Connecticut,2007,Male,Asian/Pacific Islander,,2364,,365,
Connecticut,2007,Male,Black,64,7422,862.3012665049850,365,2.362469223301330
Connecticut,2007,Male,White,437,94567,462.1062315606920,365,1.2660444700292900
Connecticut,2008,Female,American Indian/Alaska Native,0,330,0.0,366,0.0
Connecticut,2008,Female,Asian/Pacific Islander,,2713,,366,
Connecticut,2008,Female,Black,30,10797,277.85495971103100,366,0.7591665565875160
Connecticut,2008,Female,White,258,116360,221.72567892746600,366,0.6058078659220400
Connecticut,2008,Male,American Indian/Alaska Native,0,277,0.0,366,0.0
Connecticut,2008,Male,Asian/Pacific Islander,,2503,,366,
Connecticut,2008,Male,Black,41,7665,534.8988910632750,366,1.4614723799543000
Connecticut,2008,Male,White,436,99935,436.2835843298140,366,1.1920316511743600
Connecticut,2009,Female,American Indian/Alaska Native,,338,,365,
Connecticut,2009,Female,Asian/Pacific Islander,,2863,,365,
Connecticut,2009,Female,Black,38,11144,340.9906676238340,365,0.9342210071885850
Connecticut,2009,Female,White,275,120233,228.72256368883700,365,0.6266371607913360
Connecticut,2009,Male,American Indian/Alaska Native,0,288,0.0,365,0.0
Connecticut,2009,Male,Asian/Pacific Islander,,2620,,365,
Connecticut,2009,Male,Black,46,7930,580.0756620428750,365,1.589248389158560
Connecticut,2009,Male,White,456,103791,439.3444518310840,365,1.2036834296742000
Connecticut,2010,Female,American Indian/Alaska Native,,363,,365,
Connecticut,2010,Female,Asian/Pacific Islander,,3014,,365,
Connecticut,2010,Female,Black,32,11454,279.3783830976080,365,0.7654202276646790
Connecticut,2010,Female,White,287,122524,234.23982240214200,365,0.6417529380880590
Connecticut,2010,Male,American Indian/Alaska Native,0,316,0.0,365,0.0
Connecticut,2010,Male,Asian/Pacific Islander,,2731,,365,
Connecticut,2010,Male,Black,49,8105,604.5650832819250,365,1.6563426939230800
Connecticut,2010,Male,White,461,106437,433.12006163270300,365,1.1866303058430200
Connecticut,2011,Female,American Indian/Alaska Native,,394,,365,
Connecticut,2011,Female,Asian/Pacific Islander,,3226,,365,
Connecticut,2011,Female,Black,23,11935,192.71051529116000,365,0.5279740144963300
Connecticut,2011,Female,White,274,126059,217.35853846214900,365,0.5955028451017770
Connecticut,2011,Male,American Indian/Alaska Native,,339,,365,
Connecticut,2011,Male,Asian/Pacific Islander,,2900,,365,
Connecticut,2011,Male,Black,46,8428,545.7997152349310,365,1.4953416855751500
Connecticut,2011,Male,White,441,110189,400.2214377115680,365,1.096497089620740
Connecticut,2012,Female,American Indian/Alaska Native,0,434,0.0,366,0.0
Connecticut,2012,Female,Asian/Pacific Islander,,3629,,366,
Connecticut,2012,Female,Black,38,12564,302.45144858325400,366,0.8263700780963220
Connecticut,2012,Female,White,269,134376,200.18455676608900,366,0.546952340890954
Connecticut,2012,Male,American Indian/Alaska Native,0,373,0.0,366,0.0
Connecticut,2012,Male,Asian/Pacific Islander,,3209,,366,
Connecticut,2012,Male,Black,54,8970,602.0066889632110,366,1.6448270190251700
Connecticut,2012,Male,White,499,118062,422.6592807169120,366,1.1548067779150600
Connecticut,2013,Female,American Indian/Alaska Native,,472,,365,
Connecticut,2013,Female,Asian/Pacific Islander,,3902,,365,
Connecticut,2013,Female,Black,44,13219,332.8542249791970,365,0.9119293835046480
Connecticut,2013,Female,White,272,140178,194.0390075475470,365,0.5316137193083470
Connecticut,2013,Male,American Indian/Alaska Native,0,406,0.0,365,0.0
Connecticut,2013,Male,Asian/Pacific Islander,,3479,,365,
Connecticut,2013,Male,Black,57,9403,606.1895139848980,365,1.6607931889997200
Connecticut,2013,Male,White,558,123744,450.9309542280840,365,1.2354272718577600
Connecticut,2014,Female,American Indian/Alaska Native,0,497,0.0,365,0.0
Connecticut,2014,Female,Asian/Pacific Islander,,4336,,365,
Connecticut,2014,Female,Black,29,13777,210.49575379255300,365,0.5767006953220630
Connecticut,2014,Female,White,280,144640,193.58407079646000,365,0.5303673172505760
Connecticut,2014,Male,American Indian/Alaska Native,0,436,0.0,365,0.0
Connecticut,2014,Male,Asian/Pacific Islander,,3917,,365,
Connecticut,2014,Male,Black,39,9717,401.3584439641870,365,1.0996121752443500
Connecticut,2014,Male,White,499,127597,391.0750252748890,365,1.0714384254106500
Connecticut,2015,Female,American Indian/Alaska Native,0,564,0.0,365,0.0
Connecticut,2015,Female,Asian/Pacific Islander,,4743,,365,
Connecticut,2015,Female,Black,43,14203,302.7529395198200,365,0.8294601082734790
Connecticut,2015,Female,White,308,149157,206.4938286503480,365,0.5657365168502690
Connecticut,2015,Male,American Indian/Alaska Native,,461,,365,
Connecticut,2015,Male,Asian/Pacific Islander,,3931,,365,
Connecticut,2015,Male,Black,51,10131,503.4053893988750,365,1.37919284766815
Connecticut,2015,Male,White,538,131540,409.00106431503700,365,1.1205508611370900
Connecticut,2016,Female,American Indian/Alaska Native,,600,,366,
Connecticut,2016,Female,Asian/Pacific Islander,,4951,,366,
Connecticut,2016,Female,Black,40,14748,271.22321670735000,366,0.7410470401840170
Connecticut,2016,Female,White,312,153369,203.4309410637090,366,0.5558222433434670
Connecticut,2016,Male,American Indian/Alaska Native,,476,,366,
Connecticut,2016,Male,Asian/Pacific Islander,,4065,,366,
Connecticut,2016,Male,Black,51,10575,482.26950354609900,366,1.3176762391969900
Connecticut,2016,Male,White,566,135184,418.688602201444,366,1.143957929512140
Connecticut,2017,Female,American Indian/Alaska Native,0,633,0.0,365,0.0
Connecticut,2017,Female,Asian/Pacific Islander,,5581,,365,
Connecticut,2017,Female,Black,35,15629,223.94267067630700,365,0.6135415634967310
Connecticut,2017,Female,White,315,159324,197.71032612789000,365,0.5416721263777820
Connecticut,2017,Male,American Indian/Alaska Native,,529,,365,
Connecticut,2017,Male,Asian/Pacific Islander,10,4416,226.44927536231900,365,0.6204089735953940
Connecticut,2017,Male,Black,67,11135,601.7063313875170,365,1.648510496952100
Connecticut,2017,Male,White,582,141016,412.7191240710270,365,1.1307373262219900
Connecticut,2018,Female,American Indian/Alaska Native,,650,,365,
Connecticut,2018,Female,Asian/Pacific Islander,,5680,,365,
Connecticut,2018,Female,Black,49,15982,306.59491928419500,365,0.8399860802306710
Connecticut,2018,Female,White,311,161444,192.63645598473800,365,0.5277711122869530
Connecticut,2018,Male,American Indian/Alaska Native,,582,,365,
Connecticut,2018,Male,Asian/Pacific Islander,12,4552,263.62038664323400,365,0.7222476346389970
Connecticut,2018,Male,Black,53,11548,458.9539314166960,365,1.257408031278620
Connecticut,2018,Male,White,546,143132,381.46605930190300,365,1.045112491238090
Connecticut,2019,Female,American Indian/Alaska Native,,703,,365,
Connecticut,2019,Female,Asian/Pacific Islander,,6009,,365,
Connecticut,2019,Female,Black,49,16506,296.86174724342700,365,0.8133198554614430
Connecticut,2019,Female,White,296,165381,178.98065678645100,365,0.490357963798495
Connecticut,2019,Male,American Indian/Alaska Native,,625,,365,
Connecticut,2019,Male,Asian/Pacific Islander,10,4823,207.33982998133900,365,0.5680543287159990
Connecticut,2019,Male,Black,80,11956,669.120107059217,365,1.8332057727649800
Connecticut,2019,Male,White,619,146816,421.61617262423700,365,1.1551128017102400
Connecticut,2020,Female,American Indian/Alaska Native,,741,,366,
Connecticut,2020,Female,Asian/Pacific Islander,,6026,,366,
Connecticut,2020,Female,Black,52,17179,302.6951510565230,366,0.8270359318484220
Connecticut,2020,Female,White,338,170534,198.20094526604700,366,0.5415326373389250
Connecticut,2020,Male,American Indian/Alaska Native,0,651,0.0,366,0.0
Connecticut,2020,Male,Asian/Pacific Islander,12,4870,246.40657084188900,366,0.6732419968357630
Connecticut,2020,Male,Black,85,12675,670.611439842209,366,1.8322716935579500
Connecticut,2020,Male,White,628,151088,415.65180557026400,366,1.1356606709570000
Connecticut,2021,Female,American Indian/Alaska Native,0,687,0.0,365,0.0
Connecticut,2021,Female,Asian/Pacific Islander,0,99,0.0,365,0.0
Connecticut,2021,Female,Black,72,17410,413.55542791499100,365,1.1330285696301100
Connecticut,2021,Female,White,310,174482,177.66875666257800,365,0.4867637168837760
Connecticut,2021,Male,American Indian/Alaska Native,0,613,0.0,365,0.0
Connecticut,2021,Male,Asian/Pacific Islander,0,104,0.0,365,0.0
Connecticut,2021,Male,Black,79,13174,599.6660088052220,365,1.6429205720691000
Connecticut,2021,Male,White,640,157931,405.24026315289600,365,1.1102472963093000
Connecticut,2022,Female,American Indian/Alaska Native,0,718,0.0,365,0.0
Connecticut,2022,Female,Asian/Pacific Islander,0,96,0.0,365,0.0
Connecticut,2022,Female,Black,39,17905,217.81625244345200,365,0.5967568560094560
Connecticut,2022,Female,White,342,174005,196.5460762621760,365,0.5384824007182920
Connecticut,2022,Male,American Indian/Alaska Native,,667,,365,
Connecticut,2022,Male,Asian/Pacific Islander,11,5230,210.3250478011470,365,0.5762330076743760
Connecticut,2022,Male,Black,85,13583,625.7822277847310,365,1.7144718569444700
Connecticut,2022,Male,White,653,157894,413.56859665345100,365,1.1330646483656200
Connecticut,2023,Female,American Indian/Alaska Native,0,760,0.0,365,0.0
Connecticut,2023,Female,Asian/Pacific Islander,0,126,0.0,365,0.0
Connecticut,2023,Female,Black,46,18898,243.41200126997600,365,0.6668821952602070
Connecticut,2023,Female,White,347,179834,192.9557258360490,365,0.5286458242083530
Connecticut,2023,Male,American Indian/Alaska Native,0,708,0.0,365,0.0
Connecticut,2023,Male,Asian/Pacific Islander,12,5652,212.31422505307900,365,0.5816828083645990
Connecticut,2023,Male,Black,84,14605,575.1454981170830,365,1.5757410907317300
Connecticut,2023,Male,White,623,164011,379.85257086414900,365,1.0406919749702700
Connecticut,2024,Female,American Indian/Alaska Native,,798,,366,
Connecticut,2024,Female,Asian/Pacific Islander,,6936,,366,
Connecticut,2024,Female,Black,56,19946,280.7580467261610,366,0.7670984883228430
Connecticut,2024,Female,White,320,183943,173.96693540933900,366,0.47531949565393100
Connecticut,2024,Male,American Indian/Alaska Native,,765,,366,
Connecticut,2024,Male,Asian/Pacific Islander,15,6037,248.46778201093300,366,0.6788737213413460
Connecticut,2024,Male,Black,82,15403,532.3638252288520,366,1.4545459705706300
Connecticut,2024,Male,White,636,168090,378.3687310369450,366,1.033794347095480
Connecticut,2025,Female,American Indian/Alaska Native,,798,,365,
Connecticut,2025,Female,Asian/Pacific Islander,0,134,0.0,365,0.0
Connecticut,2025,Female,Black,57,19946,285.7715832748420,365,0.7829358445886090
Connecticut,2025,Female,White,343,183943,186.47080889188500,365,0.5108789284709180
Connecticut,2025,Male,American Indian/Alaska Native,,765,,365,
Connecticut,2025,Male,Asian/Pacific Islander,17,6037,281.5968196123900,365,0.7714981359243570
Connecticut,2025,Male,Black,88,15403,571.3172758553530,365,1.5652528105626100
Connecticut,2025,Male,White,676,168090,402.16550657385900,365,1.101823305681810
Delaware,1999,Female,American Indian/Alaska Native,,105,,365,
Delaware,1999,Female,Asian/Pacific Islander,,303,,365,
Delaware,1999,Female,Black,31,3718,833.7816030123720,365,2.2843331589380100
Delaware,1999,Female,White,141,26281,536.5092652486590,365,1.4698883979415300
Delaware,1999,Male,American Indian/Alaska Native,0,71,0.0,365,0.0
Delaware,1999,Male,Asian/Pacific Islander,,241,,365,
Delaware,1999,Male,Black,39,2796,1394.8497854077300,365,3.8215062613910300
Delaware,1999,Male,White,213,22680,939.1534391534390,365,2.5730231209683300
Delaware,2000,Female,American Indian/Alaska Native,0,106,0.0,366,0.0
Delaware,2000,Female,Asian/Pacific Islander,,344,,366,
Delaware,2000,Female,Black,23,3788,607.180570221753,366,1.6589633066168100
Delaware,2000,Female,White,86,26158,328.77131279149800,366,0.898282275386606
Delaware,2000,Male,American Indian/Alaska Native,0,83,0.0,366,0.0
Delaware,2000,Male,Asian/Pacific Islander,0,266,0.0,366,0.0
Delaware,2000,Male,Black,32,2849,1123.2011232011200,366,3.0688555278719200
Delaware,2000,Male,White,193,22821,845.7122825467770,366,2.310689296575890
Delaware,2001,Female,American Indian/Alaska Native,0,102,0.0,365,0.0
Delaware,2001,Female,Asian/Pacific Islander,,390,,365,
Delaware,2001,Female,Black,31,3949,785.0088630032920,365,2.1507092137076500
Delaware,2001,Female,White,119,26159,454.9103559004550,365,1.246329742193030
Delaware,2001,Male,American Indian/Alaska Native,0,87,0.0,365,0.0
Delaware,2001,Male,Asian/Pacific Islander,,320,,365,
Delaware,2001,Male,Black,39,3011,1295.2507472600500,365,3.5486321842741
Delaware,2001,Male,White,175,22798,767.6111939643830,365,2.1030443670257100
Delaware,2002,Female,American Indian/Alaska Native,0,96,0.0,365,0.0
Delaware,2002,Female,Asian/Pacific Islander,,425,,365,
Delaware,2002,Female,Black,28,4075,687.116564417178,365,1.8825111353895300
Delaware,2002,Female,White,105,26069,402.77724500364400,365,1.103499301379850
Delaware,2002,Male,American Indian/Alaska Native,0,92,0.0,365,0.0
Delaware,2002,Male,Asian/Pacific Islander,,364,,365,
Delaware,2002,Male,Black,32,3132,1021.7113665389500,365,2.7992092233943900
Delaware,2002,Male,White,164,22877,716.8772129212750,365,1.9640471586884200
Delaware,2003,Female,American Indian/Alaska Native,0,118,0.0,365,0.0
Delaware,2003,Female,Asian/Pacific Islander,0,510,0.0,365,0.0
Delaware,2003,Female,Black,36,4167,863.9308855291580,365,2.3669339329566000
Delaware,2003,Female,White,90,26287,342.37455776619600,365,0.9380124870306750
Delaware,2003,Male,American Indian/Alaska Native,0,110,0.0,365,0.0
Delaware,2003,Male,Asian/Pacific Islander,0,408,0.0,365,0.0
Delaware,2003,Male,Black,42,3294,1275.0455373406200,365,3.4932754447688200
Delaware,2003,Male,White,167,23196,719.9517158130710,365,1.9724704542823900
Delaware,2004,Female,American Indian/Alaska Native,0,110,0.0,366,0.0
Delaware,2004,Female,Asian/Pacific Islander,0,529,0.0,366,0.0
Delaware,2004,Female,Black,26,4351,597.5637784417380,366,1.6326879192397200
Delaware,2004,Female,White,90,26732,336.6751458925630,366,0.9198774477938890
Delaware,2004,Male,American Indian/Alaska Native,0,114,0.0,366,0.0
Delaware,2004,Male,Asian/Pacific Islander,,452,,366,
Delaware,2004,Male,Black,44,3442,1278.3265543288800,366,3.492695503630820
Delaware,2004,Male,White,193,23545,819.706944149501,366,2.239636459424870
Delaware,2005,Female,American Indian/Alaska Native,0,119,0.0,365,0.0
Delaware,2005,Female,Asian/Pacific Islander,,591,,365,
Delaware,2005,Female,Black,28,4611,607.243548037302,365,1.663680953526860
Delaware,2005,Female,White,89,27122,328.14689182213700,365,0.899032580334622
Delaware,2005,Male,American Indian/Alaska Native,,110,,365,
Delaware,2005,Male,Asian/Pacific Islander,,516,,365,
Delaware,2005,Male,Black,29,3626,799.7793712079430,365,2.1911763594738200
Delaware,2005,Male,White,144,23980,600.5004170141780,365,1.6452066219566500
Delaware,2006,Female,American Indian/Alaska Native,,116,,365,
Delaware,2006,Female,Asian/Pacific Islander,,669,,365,
Delaware,2006,Female,Black,25,4826,518.0273518441770,365,1.419253018751170
Delaware,2006,Female,White,82,27984,293.02458547741600,365,0.8028070834997690
Delaware,2006,Male,American Indian/Alaska Native,,123,,365,
Delaware,2006,Male,Asian/Pacific Islander,,582,,365,
Delaware,2006,Male,Black,40,3855,1037.6134889753600,365,2.842776682124270
Delaware,2006,Male,White,135,24625,548.2233502538070,365,1.5019817815172800
Delaware,2007,Female,American Indian/Alaska Native,,116,,365,
Delaware,2007,Female,Asian/Pacific Islander,0,719,0.0,365,0.0
Delaware,2007,Female,Black,18,5066,355.30990919857900,365,0.9734518060235040
Delaware,2007,Female,White,71,28862,245.99819832305500,365,0.6739676666385060
Delaware,2007,Male,American Indian/Alaska Native,,116,,365,
Delaware,2007,Male,Asian/Pacific Islander,,641,,365,
Delaware,2007,Male,Black,36,4047,889.5478131949590,365,2.4371172964245500
Delaware,2007,Male,White,151,25380,594.956658786446,365,1.630018243250540
Delaware,2008,Female,American Indian/Alaska Native,0,133,0.0,366,0.0
Delaware,2008,Female,Asian/Pacific Islander,0,758,0.0,366,0.0
Delaware,2008,Female,Black,19,5397,352.047433759496,366,0.961878234315563
Delaware,2008,Female,White,80,30235,264.5940135604430,366,0.7229344632799000
Delaware,2008,Male,American Indian/Alaska Native,,129,,366,
Delaware,2008,Male,Asian/Pacific Islander,,690,,366,
Delaware,2008,Male,Black,27,4264,633.2082551594750,366,1.730077199889280
Delaware,2008,Male,White,127,26568,478.0186690755800,366,1.3060619373649700
Delaware,2009,Female,American Indian/Alaska Native,0,124,0.0,365,0.0
Delaware,2009,Female,Asian/Pacific Islander,,818,,365,
Delaware,2009,Female,Black,26,5618,462.7981488074050,365,1.2679401337189200
Delaware,2009,Female,White,78,31314,249.08986395861300,365,0.6824379834482540
Delaware,2009,Male,American Indian/Alaska Native,,126,,365,
Delaware,2009,Male,Asian/Pacific Islander,,720,,365,
Delaware,2009,Male,Black,29,4432,654.332129963899,365,1.7926907670243800
Delaware,2009,Male,White,147,27608,532.4543610547670,365,1.4587790713829200
Delaware,2010,Female,American Indian/Alaska Native,0,138,0.0,365,0.0
Delaware,2010,Female,Asian/Pacific Islander,0,861,0.0,365,0.0
Delaware,2010,Female,Black,22,5794,379.7031411805320,365,1.0402825785768000
Delaware,2010,Female,White,70,32075,218.23850350740500,365,0.5979137082394640
Delaware,2010,Male,American Indian/Alaska Native,0,140,0.0,365,0.0
Delaware,2010,Male,Asian/Pacific Islander,,752,,365,
Delaware,2010,Male,Black,30,4558,658.1834137779730,365,1.8032422295286900
Delaware,2010,Male,White,147,28135,522.4808956815360,365,1.4314545087165400
Delaware,2011,Female,American Indian/Alaska Native,,162,,365,
Delaware,2011,Female,Asian/Pacific Islander,,964,,365,
Delaware,2011,Female,Black,11,6138,179.21146953405000,365,0.49099032749054800
Delaware,2011,Female,White,87,33210,261.96928635953000,365,0.7177240722178910
Delaware,2011,Male,American Indian/Alaska Native,,143,,365,
Delaware,2011,Male,Asian/Pacific Islander,,781,,365,
Delaware,2011,Male,Black,33,4805,686.7845993756500,365,1.8816016421250700
Delaware,2011,Male,White,145,29109,498.1277268198840,365,1.3647334981366700
Delaware,2012,Female,American Indian/Alaska Native,0,163,0.0,366,0.0
Delaware,2012,Female,Asian/Pacific Islander,,1034,,366,
Delaware,2012,Female,Black,19,6584,288.5783718104500,366,0.7884654967498620
Delaware,2012,Female,White,68,35568,191.18308591992800,366,0.5223581582511700
Delaware,2012,Male,American Indian/Alaska Native,0,167,0.0,366,0.0
Delaware,2012,Male,Asian/Pacific Islander,,836,,366,
Delaware,2012,Male,Black,34,5115,664.711632453568,366,1.8161520012392600
Delaware,2012,Male,White,155,31575,490.89469517023000,366,1.341242336530680
Delaware,2013,Female,American Indian/Alaska Native,0,174,0.0,365,0.0
Delaware,2013,Female,Asian/Pacific Islander,,1113,,365,
Delaware,2013,Female,Black,33,7168,460.3794642857140,365,1.2613136007827800
Delaware,2013,Female,White,82,37729,217.33944710965000,365,0.5954505400264400
Delaware,2013,Male,American Indian/Alaska Native,0,174,0.0,365,0.0
Delaware,2013,Male,Asian/Pacific Islander,,865,,365,
Delaware,2013,Male,Black,30,5490,546.448087431694,365,1.4971180477580700
Delaware,2013,Male,White,146,33346,437.8336232231750,365,1.1995441732141800
Delaware,2014,Female,American Indian/Alaska Native,0,191,0.0,365,0.0
Delaware,2014,Female,Asian/Pacific Islander,,1243,,365,
Delaware,2014,Female,Black,37,7662,482.9026363873660,365,1.3230209216092200
Delaware,2014,Female,White,93,39606,234.8129071352830,365,0.6433230332473490
Delaware,2014,Male,American Indian/Alaska Native,,181,,365,
Delaware,2014,Male,Asian/Pacific Islander,,966,,365,
Delaware,2014,Male,Black,40,5913,676.4755623203110,365,1.8533577049871500
Delaware,2014,Male,White,157,35093,447.3826689083290,365,1.2257059422146000
Delaware,2015,Female,American Indian/Alaska Native,0,212,0.0,365,0.0
Delaware,2015,Female,Asian/Pacific Islander,0,1413,0.0,365,0.0
Delaware,2015,Female,Black,28,8154,343.3897473632570,365,0.9407938283924860
Delaware,2015,Female,White,81,41393,195.68526079288800,365,0.536124002172295
Delaware,2015,Male,American Indian/Alaska Native,,182,,365,
Delaware,2015,Male,Asian/Pacific Islander,,1066,,365,
Delaware,2015,Male,Black,34,6318,538.1449825894270,365,1.4743698153135000
Delaware,2015,Male,White,180,36729,490.07596177407500,365,1.342673867874180
Delaware,2016,Female,American Indian/Alaska Native,,224,,366,
Delaware,2016,Female,Asian/Pacific Islander,0,1505,0.0,366,0.0
Delaware,2016,Female,Black,27,8689,310.73771435147900,366,0.8490101485013080
Delaware,2016,Female,White,94,43130,217.94574542082100,366,0.5954801787454120
Delaware,2016,Male,American Indian/Alaska Native,,199,,366,
Delaware,2016,Male,Asian/Pacific Islander,,1144,,366,
Delaware,2016,Male,Black,58,6685,867.6140613313390,366,2.3705302222167700
Delaware,2016,Male,White,187,38385,487.1694672398070,366,1.33106411814155
Delaware,2017,Female,American Indian/Alaska Native,0,236,0.0,365,0.0
Delaware,2017,Female,Asian/Pacific Islander,,1609,,365,
Delaware,2017,Female,Black,33,9308,354.53373442200300,365,0.9713252997863080
Delaware,2017,Female,White,115,45174,254.57121352990700,365,0.6974553795339910
Delaware,2017,Male,American Indian/Alaska Native,,220,,365,
Delaware,2017,Male,Asian/Pacific Islander,,1188,,365,
Delaware,2017,Male,Black,50,6884,726.321905868681,365,1.9899230297772100
Delaware,2017,Male,White,222,39928,556.0008014425970,365,1.5232898669660200
Delaware,2018,Female,American Indian/Alaska Native,0,251,0.0,365,0.0
Delaware,2018,Female,Asian/Pacific Islander,,1652,,365,
Delaware,2018,Female,Black,31,9825,315.52162849872800,365,0.8644428178047340
Delaware,2018,Female,White,85,46636,182.26262972810700,365,0.4993496704879650
Delaware,2018,Male,American Indian/Alaska Native,,238,,365,
Delaware,2018,Male,Asian/Pacific Islander,,1233,,365,
Delaware,2018,Male,Black,55,7221,761.6673590915390,365,2.0867598879220200
Delaware,2018,Male,White,186,41138,452.1367105838880,365,1.2387307139284600
Delaware,2019,Female,American Indian/Alaska Native,0,267,0.0,365,0.0
Delaware,2019,Female,Asian/Pacific Islander,,1737,,365,
Delaware,2019,Female,Black,31,10370,298.93924783028000,365,0.8190116378911770
Delaware,2019,Female,White,99,48472,204.24162403036800,365,0.5595660932338850
Delaware,2019,Male,American Indian/Alaska Native,0,253,0.0,365,0.0
Delaware,2019,Male,Asian/Pacific Islander,,1299,,365,
Delaware,2019,Male,Black,57,7664,743.7369519832990,365,2.0376354848857500
Delaware,2019,Male,White,211,42796,493.03673240489800,365,1.3507855682326000
Delaware,2020,Female,American Indian/Alaska Native,0,295,0.0,366,0.0
Delaware,2020,Female,Asian/Pacific Islander,0,1827,0.0,366,0.0
Delaware,2020,Female,Black,46,10964,419.55490696826000,366,1.1463248824269400
Delaware,2020,Female,White,123,50976,241.29001883239200,366,0.6592623465365890
Delaware,2020,Male,American Indian/Alaska Native,0,290,0.0,366,0.0
Delaware,2020,Male,Asian/Pacific Islander,0,1345,0.0,366,0.0
Delaware,2020,Male,Black,67,8193,817.7712681557430,366,2.2343477272014800
Delaware,2020,Male,White,209,44572,468.90424481737400,366,1.2811591388452800
Delaware,2021,Female,American Indian/Alaska Native,,276,,365,
Delaware,2021,Female,Asian/Pacific Islander,0,1844,0.0,365,0.0
Delaware,2021,Female,Black,37,11322,326.79738562091500,365,0.8953353030710000
Delaware,2021,Female,White,128,52673,243.0087521120880,365,0.6657774030468160
Delaware,2021,Male,American Indian/Alaska Native,0,280,0.0,365,0.0
Delaware,2021,Male,Asian/Pacific Islander,0,25,0.0,365,0.0
Delaware,2021,Male,Black,62,8699,712.7256006437520,365,1.9526728784760300
Delaware,2021,Male,White,234,46907,498.85944528535200,365,1.3667382062612400
Delaware,2022,Female,American Indian/Alaska Native,0,284,0.0,365,0.0
Delaware,2022,Female,Asian/Pacific Islander,0,33,0.0,365,0.0
Delaware,2022,Female,Black,30,11833,253.52826840192700,365,0.6945979956217170
Delaware,2022,Female,White,126,53587,235.13165506559400,365,0.6441963152482040
Delaware,2022,Male,American Indian/Alaska Native,,281,,365,
Delaware,2022,Male,Asian/Pacific Islander,0,27,0.0,365,0.0
Delaware,2022,Male,Black,57,9132,624.1787122207620,365,1.7100786636185300
Delaware,2022,Male,White,228,47631,478.6798513573090,365,1.3114516475542700
Delaware,2023,Female,American Indian/Alaska Native,,285,,365,
Delaware,2023,Female,Asian/Pacific Islander,0,34,0.0,365,0.0
Delaware,2023,Female,Black,34,12584,270.184361093452,365,0.7402311262834300
Delaware,2023,Female,White,109,55340,196.9642211781710,365,0.5396280032278670
Delaware,2023,Male,American Indian/Alaska Native,0,304,0.0,365,0.0
Delaware,2023,Male,Asian/Pacific Islander,,1556,,365,
Delaware,2023,Male,Black,54,9831,549.282880683552,365,1.5048846046124700
Delaware,2023,Male,White,218,49010,444.80718220771300,365,1.218649814267710
Delaware,2024,Female,American Indian/Alaska Native,0,290,0.0,366,0.0
Delaware,2024,Female,Asian/Pacific Islander,0,32,0.0,366,0.0
Delaware,2024,Female,Black,47,13242,354.9312792629510,366,0.9697575936146210
Delaware,2024,Female,White,107,56956,187.86431631434800,366,0.513290481733191
Delaware,2024,Male,American Indian/Alaska Native,,321,,366,
Delaware,2024,Male,Asian/Pacific Islander,0,30,0.0,366,0.0
Delaware,2024,Male,Black,64,10387,616.1548088957350,366,1.6834830844145800
Delaware,2024,Male,White,228,50210,454.0928101971720,366,1.2406907382436400
Delaware,2025,Female,American Indian/Alaska Native,0,290,0.0,365,0.0
Delaware,2025,Female,Asian/Pacific Islander,0,2188,0.0,365,0.0
Delaware,2025,Female,Black,46,13242,347.37954991693100,365,0.9517247942929620
Delaware,2025,Female,White,135,56956,237.02507198539200,365,0.6493837588640880
Delaware,2025,Male,American Indian/Alaska Native,0,321,0.0,365,0.0
Delaware,2025,Male,Asian/Pacific Islander,0,30,0.0,365,0.0
Delaware,2025,Male,Black,73,10387,702.8015788966980,365,1.925483777799170
Delaware,2025,Male,White,262,50210,521.8084047002590,365,1.4296120676719400
District of Columbia,1999,Female,American Indian/Alaska Native,0,62,0.0,365,0.0
District of Columbia,1999,Female,Asian/Pacific Islander,0,360,0.0,365,0.0
District of Columbia,1999,Female,Black,115,15899,723.3159318196110,365,1.9816874844372900
District of Columbia,1999,Female,White,15,4887,306.9367710251690,365,0.8409226603429280
District of Columbia,1999,Male,American Indian/Alaska Native,0,40,0.0,365,0.0
District of Columbia,1999,Male,Asian/Pacific Islander,,259,,365,
District of Columbia,1999,Male,Black,140,10472,1336.898395721930,365,3.662735330745
District of Columbia,1999,Male,White,38,4582,829.3321693583590,365,2.272142929748930
District of Columbia,2000,Female,American Indian/Alaska Native,0,72,0.0,366,0.0
District of Columbia,2000,Female,Asian/Pacific Islander,,377,,366,
District of Columbia,2000,Female,Black,144,15615,922.1902017291070,366,2.519645359915590
District of Columbia,2000,Female,White,14,4752,294.61279461279500,366,0.8049529907453410
District of Columbia,2000,Male,American Indian/Alaska Native,0,45,0.0,366,0.0
District of Columbia,2000,Male,Asian/Pacific Islander,,283,,366,
District of Columbia,2000,Male,Black,134,10253,1306.9345557397800,366,3.5708594419119800
District of Columbia,2000,Male,White,29,4522,641.3091552410440,366,1.7522108066695200
District of Columbia,2001,Female,American Indian/Alaska Native,0,68,0.0,365,0.0
District of Columbia,2001,Female,Asian/Pacific Islander,,418,,365,
District of Columbia,2001,Female,Black,123,14940,823.2931726907630,365,2.2555977333993500
District of Columbia,2001,Female,White,13,4606,282.2405557967870,365,0.7732617967035260
District of Columbia,2001,Male,American Indian/Alaska Native,0,47,0.0,365,0.0
District of Columbia,2001,Male,Asian/Pacific Islander,,304,,365,
District of Columbia,2001,Male,Black,149,10000,1490.0,365,4.082191780821920
District of Columbia,2001,Male,White,30,4561,657.7504933128700,365,1.8020561460626600
District of Columbia,2002,Female,American Indian/Alaska Native,0,72,0.0,365,0.0
District of Columbia,2002,Female,Asian/Pacific Islander,,413,,365,
District of Columbia,2002,Female,Black,111,14370,772.4425887265140,365,2.116281065004150
District of Columbia,2002,Female,White,14,4626,302.63726761781200,365,0.8291431989529110
District of Columbia,2002,Male,American Indian/Alaska Native,0,55,0.0,365,0.0
District of Columbia,2002,Male,Asian/Pacific Islander,,304,,365,
District of Columbia,2002,Male,Black,138,9744,1416.256157635470,365,3.8801538565355300
District of Columbia,2002,Male,White,34,4592,740.4181184668990,365,2.0285427903202700
District of Columbia,2003,Female,American Indian/Alaska Native,0,68,0.0,365,0.0
District of Columbia,2003,Female,Asian/Pacific Islander,0,435,0.0,365,0.0
District of Columbia,2003,Female,Black,118,14029,841.1148335590560,365,2.3044242015316600
District of Columbia,2003,Female,White,14,4664,300.1715265866210,365,0.822387744072934
District of Columbia,2003,Male,American Indian/Alaska Native,0,54,0.0,365,0.0
District of Columbia,2003,Male,Asian/Pacific Islander,,299,,365,
District of Columbia,2003,Male,Black,136,9558,1422.8918183720400,365,3.898333748964510
District of Columbia,2003,Male,White,29,4794,604.9228201919070,365,1.6573227950463200
District of Columbia,2004,Female,American Indian/Alaska Native,0,73,0.0,366,0.0
District of Columbia,2004,Female,Asian/Pacific Islander,0,426,0.0,366,0.0
District of Columbia,2004,Female,Black,104,13553,767.3577805651890,366,2.096605957828380
District of Columbia,2004,Female,White,11,4813,228.54768335757300,366,0.6244472222884520
District of Columbia,2004,Male,American Indian/Alaska Native,0,62,0.0,366,0.0
District of Columbia,2004,Male,Asian/Pacific Islander,,303,,366,
District of Columbia,2004,Male,Black,139,9478,1466.5541253429000,366,4.006978484543440
District of Columbia,2004,Male,White,19,4861,390.8660769389020,366,1.0679401009259600
District of Columbia,2005,Female,American Indian/Alaska Native,0,79,0.0,365,0.0
District of Columbia,2005,Female,Asian/Pacific Islander,0,424,0.0,365,0.0
District of Columbia,2005,Female,Black,88,13335,659.9175103112110,365,1.807993178934830
District of Columbia,2005,Female,White,13,4951,262.5732175318120,365,0.7193786781693470
District of Columbia,2005,Male,American Indian/Alaska Native,0,64,0.0,365,0.0
District of Columbia,2005,Male,Asian/Pacific Islander,,321,,365,
District of Columbia,2005,Male,Black,129,9318,1384.4172569220900,365,3.79292399156736
District of Columbia,2005,Male,White,17,5050,336.63366336633700,365,0.92228400922284
District of Columbia,2006,Female,American Indian/Alaska Native,0,74,0.0,365,0.0
District of Columbia,2006,Female,Asian/Pacific Islander,,476,,365,
District of Columbia,2006,Female,Black,103,13031,790.4228378482080,365,2.16554202150194
District of Columbia,2006,Female,White,13,5148,252.52525252525300,365,0.6918500069185000
District of Columbia,2006,Male,American Indian/Alaska Native,0,71,0.0,365,0.0
District of Columbia,2006,Male,Asian/Pacific Islander,,329,,365,
District of Columbia,2006,Male,Black,141,9160,1539.3013100436700,365,4.217263863133340
District of Columbia,2006,Male,White,20,5310,376.6478342749530,365,1.0319118747259000
District of Columbia,2007,Female,American Indian/Alaska Native,0,89,0.0,365,0.0
District of Columbia,2007,Female,Asian/Pacific Islander,0,479,0.0,365,0.0
District of Columbia,2007,Female,Black,102,13030,782.808902532617,365,2.144681924746900
District of Columbia,2007,Female,White,11,5466,201.2440541529460,365,0.5513535730217690
District of Columbia,2007,Male,American Indian/Alaska Native,,71,,365,
District of Columbia,2007,Male,Asian/Pacific Islander,,335,,365,
District of Columbia,2007,Male,Black,124,9161,1353.5640213950400,365,3.7083945791645000
District of Columbia,2007,Male,White,26,5621,462.5511474826540,365,1.2672634177607000
District of Columbia,2008,Female,American Indian/Alaska Native,0,96,0.0,366,0.0
District of Columbia,2008,Female,Asian/Pacific Islander,,505,,366,
District of Columbia,2008,Female,Black,95,13070,726.8553940321350,366,1.9859436995413500
District of Columbia,2008,Female,White,,6001,,366,
District of Columbia,2008,Male,American Indian/Alaska Native,0,91,0.0,366,0.0
District of Columbia,2008,Male,Asian/Pacific Islander,0,344,0.0,366,0.0
District of Columbia,2008,Male,Black,124,9029,1373.3525307343000,366,3.752329318946180
District of Columbia,2008,Male,White,20,6008,332.88948069241000,366,0.9095341002524870
District of Columbia,2009,Female,American Indian/Alaska Native,0,104,0.0,365,0.0
District of Columbia,2009,Female,Asian/Pacific Islander,0,529,0.0,365,0.0
District of Columbia,2009,Female,Black,90,13060,689.1271056661560,365,1.88801946757851
District of Columbia,2009,Female,White,,6510,,365,
District of Columbia,2009,Male,American Indian/Alaska Native,0,92,0.0,365,0.0
District of Columbia,2009,Male,Asian/Pacific Islander,,355,,365,
District of Columbia,2009,Male,Black,140,9122,1534.7511510633600,365,4.204797674146200
District of Columbia,2009,Male,White,17,6398,265.70803376055000,365,0.7279672157823290
District of Columbia,2010,Female,American Indian/Alaska Native,0,102,0.0,365,0.0
District of Columbia,2010,Female,Asian/Pacific Islander,,547,,365,
District of Columbia,2010,Female,Black,93,13220,703.4795763993950,365,1.9273413052038200
District of Columbia,2010,Female,White,11,6824,161.1957796014070,365,0.4416322728805670
District of Columbia,2010,Male,American Indian/Alaska Native,0,91,0.0,365,0.0
District of Columbia,2010,Male,Asian/Pacific Islander,0,332,0.0,365,0.0
District of Columbia,2010,Male,Black,108,9205,1173.2753938077100,365,3.2144531337197600
District of Columbia,2010,Male,White,13,6648,195.54753309265900,365,0.5357466660072860
District of Columbia,2011,Female,American Indian/Alaska Native,0,104,0.0,365,0.0
District of Columbia,2011,Female,Asian/Pacific Islander,0,576,0.0,365,0.0
District of Columbia,2011,Female,Black,77,13418,573.856014309137,365,1.5722082583812000
District of Columbia,2011,Female,White,11,7281,151.0781486059610,365,0.41391273590674200
District of Columbia,2011,Male,American Indian/Alaska Native,0,90,0.0,365,0.0
District of Columbia,2011,Male,Asian/Pacific Islander,,337,,365,
District of Columbia,2011,Male,Black,101,9409,1073.4403230949100,365,2.940932392040850
District of Columbia,2011,Male,White,23,6858,335.37474482356400,365,0.9188349173248320
District of Columbia,2012,Female,American Indian/Alaska Native,0,121,0.0,366,0.0
District of Columbia,2012,Female,Asian/Pacific Islander,0,593,0.0,366,0.0
District of Columbia,2012,Female,Black,86,13615,631.6562614763130,366,1.7258367799899300
District of Columbia,2012,Female,White,11,7850,140.12738853503200,366,0.3828617173088300
District of Columbia,2012,Male,American Indian/Alaska Native,0,107,0.0,366,0.0
District of Columbia,2012,Male,Asian/Pacific Islander,,367,,366,
District of Columbia,2012,Male,Black,110,9743,1129.015703582060,366,3.0847423595138200
District of Columbia,2012,Male,White,21,7302,287.5924404272800,366,0.7857716951565030
District of Columbia,2013,Female,American Indian/Alaska Native,0,130,0.0,365,0.0
District of Columbia,2013,Female,Asian/Pacific Islander,0,630,0.0,365,0.0
District of Columbia,2013,Female,Black,85,13987,607.7071566454570,365,1.664951114097140
District of Columbia,2013,Female,White,12,8320,144.23076923076900,365,0.39515279241306600
District of Columbia,2013,Male,American Indian/Alaska Native,,99,,365,
District of Columbia,2013,Male,Asian/Pacific Islander,,395,,365,
District of Columbia,2013,Male,Black,138,9897,1394.3619278569300,365,3.8201696653614400
District of Columbia,2013,Male,White,24,7558,317.54432389521000,365,0.8699844490279740
District of Columbia,2014,Female,American Indian/Alaska Native,0,137,0.0,365,0.0
District of Columbia,2014,Female,Asian/Pacific Islander,,680,,365,
District of Columbia,2014,Female,Black,83,14434,575.0311763890810,365,1.575427880518030
District of Columbia,2014,Female,White,12,8739,137.31548232063200,365,0.37620680087844300
District of Columbia,2014,Male,American Indian/Alaska Native,0,99,0.0,365,0.0
District of Columbia,2014,Male,Asian/Pacific Islander,,410,,365,
District of Columbia,2014,Male,Black,131,10050,1303.4825870646800,365,3.5711851700402100
District of Columbia,2014,Male,White,26,7889,329.5728229179870,365,0.9029392408711980
District of Columbia,2015,Female,American Indian/Alaska Native,0,122,0.0,365,0.0
District of Columbia,2015,Female,Asian/Pacific Islander,,735,,365,
District of Columbia,2015,Female,Black,81,14992,540.2881536819640,365,1.480241516936890
District of Columbia,2015,Female,White,13,9147,142.12310047009900,365,0.3893783574523270
District of Columbia,2015,Male,American Indian/Alaska Native,0,104,0.0,365,0.0
District of Columbia,2015,Male,Asian/Pacific Islander,,426,,365,
District of Columbia,2015,Male,Black,130,10352,1255.7959814528600,365,3.4405369354872900
District of Columbia,2015,Male,White,23,8259,278.4840779755420,365,0.7629700766453200
District of Columbia,2016,Female,American Indian/Alaska Native,0,136,0.0,366,0.0
District of Columbia,2016,Female,Asian/Pacific Islander,,720,,366,
District of Columbia,2016,Female,Black,108,15408,700.9345794392520,366,1.915121801746590
District of Columbia,2016,Female,White,,9485,,366,
District of Columbia,2016,Male,American Indian/Alaska Native,,111,,366,
District of Columbia,2016,Male,Asian/Pacific Islander,,456,,366,
District of Columbia,2016,Male,Black,146,10669,1368.4506514200000,366,3.7389362060655800
District of Columbia,2016,Male,White,30,8574,349.89503149055300,366,0.9559973537993250
District of Columbia,2017,Female,American Indian/Alaska Native,0,140,0.0,365,0.0
District of Columbia,2017,Female,Asian/Pacific Islander,,794,,365,
District of Columbia,2017,Female,Black,102,16329,624.655520852471,365,1.7113849886369100
District of Columbia,2017,Female,White,15,10104,148.45605700712600,365,0.40672892330719400
District of Columbia,2017,Male,American Indian/Alaska Native,0,98,0.0,365,0.0
District of Columbia,2017,Male,Asian/Pacific Islander,,496,,365,
District of Columbia,2017,Male,Black,147,11083,1326.3556798700700,365,3.633851177726220
District of Columbia,2017,Male,White,24,9175,261.58038147139000,365,0.7166585793736700
District of Columbia,2018,Female,American Indian/Alaska Native,0,149,0.0,365,0.0
District of Columbia,2018,Female,Asian/Pacific Islander,,875,,365,
District of Columbia,2018,Female,Black,105,16742,627.1652132361730,365,1.7182608581812900
District of Columbia,2018,Female,White,14,10154,137.87669883789600,365,0.37774438037779800
District of Columbia,2018,Male,American Indian/Alaska Native,0,98,0.0,365,0.0
District of Columbia,2018,Male,Asian/Pacific Islander,0,520,0.0,365,0.0
District of Columbia,2018,Male,Black,131,11318,1157.4483124226900,365,3.1710912669114800
District of Columbia,2018,Male,White,29,9248,313.5813148788930,365,0.8591268900791580
District of Columbia,2019,Female,American Indian/Alaska Native,0,174,0.0,365,0.0
District of Columbia,2019,Female,Asian/Pacific Islander,0,904,0.0,365,0.0
District of Columbia,2019,Female,Black,97,17221,563.2657801521400,365,1.5431939182250400
District of Columbia,2019,Female,White,,10287,,365,
District of Columbia,2019,Male,American Indian/Alaska Native,0,94,0.0,365,0.0
District of Columbia,2019,Male,Asian/Pacific Islander,,539,,365,
District of Columbia,2019,Male,Black,126,11671,1079.5990060834500,365,2.957805496119050
District of Columbia,2019,Male,White,29,9329,310.8586129274310,365,0.8516674326778920
District of Columbia,2020,Female,American Indian/Alaska Native,0,185,0.0,366,0.0
District of Columbia,2020,Female,Asian/Pacific Islander,,934,,366,
District of Columbia,2020,Female,Black,112,17791,629.53178573436,366,1.72003220146
District of Columbia,2020,Female,White,21,10479,200.4008016032060,366,0.5475431737792520
District of Columbia,2020,Male,American Indian/Alaska Native,,107,,366,
District of Columbia,2020,Male,Asian/Pacific Islander,,549,,366,
District of Columbia,2020,Male,Black,162,11935,1357.3523250942600,366,3.708612910093610
District of Columbia,2020,Male,White,30,9577,313.25049597995200,366,0.8558756720763710
District of Columbia,2021,Female,American Indian/Alaska Native,0,162,0.0,365,0.0
District of Columbia,2021,Female,Asian/Pacific Islander,0,27,0.0,365,0.0
District of Columbia,2021,Female,Black,125,17089,731.4646848850140,365,2.004012835301410
District of Columbia,2021,Female,White,10,9951,100.49241282283200,365,0.27532167896666300
District of Columbia,2021,Male,American Indian/Alaska Native,0,91,0.0,365,0.0
District of Columbia,2021,Male,Asian/Pacific Islander,0,504,0.0,365,0.0
District of Columbia,2021,Male,Black,178,11715,1519.4195475885600,365,4.162793281064550
District of Columbia,2021,Male,White,34,9531,356.73066834539900,365,0.9773442968367100
District of Columbia,2022,Female,American Indian/Alaska Native,0,160,0.0,365,0.0
District of Columbia,2022,Female,Asian/Pacific Islander,0,96,0.0,365,0.0
District of Columbia,2022,Female,Black,107,16852,634.9394730595780,365,1.7395602001632300
District of Columbia,2022,Female,White,11,9665,113.81272633212600,365,0.3118156885811680
District of Columbia,2022,Male,American Indian/Alaska Native,0,100,0.0,365,0.0
District of Columbia,2022,Male,Asian/Pacific Islander,0,17,0.0,365,0.0
District of Columbia,2022,Male,Black,175,11406,1534.2802034017200,365,4.203507406580050
District of Columbia,2022,Male,White,29,9488,305.64924114671200,365,0.8373951812238680
District of Columbia,2023,Female,American Indian/Alaska Native,0,167,0.0,365,0.0
District of Columbia,2023,Female,Asian/Pacific Islander,0,34,0.0,365,0.0
District of Columbia,2023,Female,Black,84,17044,492.842055855433,365,1.350252207823100
District of Columbia,2023,Female,White,,9744,,365,
District of Columbia,2023,Male,American Indian/Alaska Native,0,113,0.0,365,0.0
District of Columbia,2023,Male,Asian/Pacific Islander,0,19,0.0,365,0.0
District of Columbia,2023,Male,Black,157,11580,1355.7858376511200,365,3.7144817469893800
District of Columbia,2023,Male,White,26,9661,269.1232791636480,365,0.7373240525031440
District of Columbia,2024,Female,American Indian/Alaska Native,0,182,0.0,366,0.0
District of Columbia,2024,Female,Asian/Pacific Islander,0,1023,0.0,366,0.0
District of Columbia,2024,Female,Black,81,17146,472.413390878339,366,1.290746969612950
District of Columbia,2024,Female,White,19,9719,195.49336351476500,366,0.5341348729911610
District of Columbia,2024,Male,American Indian/Alaska Native,0,119,0.0,366,0.0
District of Columbia,2024,Male,Asian/Pacific Islander,0,22,0.0,366,0.0
District of Columbia,2024,Male,Black,140,11663,1200.3772614250200,366,3.2797192935109800
District of Columbia,2024,Male,White,21,9757,215.23009121656200,366,0.588060358515198
District of Columbia,2025,Female,American Indian/Alaska Native,0,182,0.0,365,0.0
District of Columbia,2025,Female,Asian/Pacific Islander,0,1023,0.0,365,0.0
District of Columbia,2025,Female,Black,107,17146,624.0522570862010,365,1.7097322111950700
District of Columbia,2025,Female,White,,9719,,365,
District of Columbia,2025,Male,American Indian/Alaska Native,0,119,0.0,365,0.0
District of Columbia,2025,Male,Asian/Pacific Islander,0,22,0.0,365,0.0
District of Columbia,2025,Male,Black,139,11663,1191.8031381291300,365,3.2652140770661000
District of Columbia,2025,Male,White,24,9757,245.97724710464300,365,0.6739102660401170
Florida,1999,Female,American Indian/Alaska Native,,1124,,365,
Florida,1999,Female,Asian/Pacific Islander,14,7221,193.87896413239200,365,0.5311752441983330
Florida,1999,Female,Black,441,59464,741.6251849858740,365,2.0318498218791100
Florida,1999,Female,White,2781,722609,384.8554335747270,365,1.0543984481499400
Florida,1999,Male,American Indian/Alaska Native,,1101,,365,
Florida,1999,Male,Asian/Pacific Islander,17,5129,331.4486254630530,365,0.9080784259261730
Florida,1999,Male,Black,505,44799,1127.2573048505500,365,3.0883761776727500
Florida,1999,Male,White,4860,621418,782.0822699052810,365,2.142691150425430
Florida,2000,Female,American Indian/Alaska Native,,1276,,366,
Florida,2000,Female,Asian/Pacific Islander,11,7670,143.41590612777100,366,0.3918467380540180
Florida,2000,Female,Black,454,60798,746.7350899700650,366,2.0402598086613800
Florida,2000,Female,White,2683,713875,375.8361057608130,366,1.0268746059038600
Florida,2000,Male,American Indian/Alaska Native,,1214,,366,
Florida,2000,Male,Asian/Pacific Islander,23,5478,419.8612632347570,366,1.1471619214064400
Florida,2000,Male,Black,492,45729,1075.9036934986600,366,2.939627577865180
Florida,2000,Male,White,4681,616136,759.734863731384,366,2.0757783162059700
Florida,2001,Female,American Indian/Alaska Native,,1316,,365,
Florida,2001,Female,Asian/Pacific Islander,15,8437,177.78831338153400,365,0.48709126953844900
Florida,2001,Female,Black,505,63011,801.4473663328630,365,2.1957462091311300
Florida,2001,Female,White,2439,710119,343.46356033284600,365,0.9409960557064260
Florida,2001,Male,American Indian/Alaska Native,,1250,,365,
Florida,2001,Male,Asian/Pacific Islander,27,6210,434.7826086956520,365,1.1911852293031600
Florida,2001,Male,Black,528,47937,1101.4456474122300,365,3.0176593079787100
Florida,2001,Male,White,4480,617516,725.4872748236480,365,1.9876363693798600
Florida,2002,Female,American Indian/Alaska Native,,1371,,365,
Florida,2002,Female,Asian/Pacific Islander,13,9117,142.59076450586800,365,0.3906596287832000
Florida,2002,Female,Black,425,64977,654.0775966880590,365,1.7919934155837200
Florida,2002,Female,White,2342,707857,330.8577862477870,365,0.9064596883501020
Florida,2002,Male,American Indian/Alaska Native,,1360,,365,
Florida,2002,Male,Asian/Pacific Islander,24,6909,347.37299174989100,365,0.9517068267120310
Florida,2002,Male,Black,522,49930,1045.4636491087500,365,2.8642839701609700
Florida,2002,Male,White,4275,619014,690.6144287528230,365,1.8920943253502
Florida,2003,Female,American Indian/Alaska Native,,1460,,365,
Florida,2003,Female,Asian/Pacific Islander,14,10051,139.28962292309200,365,0.3816154052687460
Florida,2003,Female,Black,422,67307,626.9778774867400,365,1.717747609552710
Florida,2003,Female,White,2247,708848,316.9932058777060,365,0.8684745366512490
Florida,2003,Male,American Indian/Alaska Native,,1469,,365,
Florida,2003,Male,Asian/Pacific Islander,31,7687,403.2782620007810,365,1.10487195068707
Florida,2003,Male,Black,535,52317,1022.6121528375100,365,2.801677131061670
Florida,2003,Male,White,3947,622867,633.6826320867860,365,1.7361168002377700
Florida,2004,Female,American Indian/Alaska Native,,1567,,366,
Florida,2004,Female,Asian/Pacific Islander,11,10994,100.05457522284900,366,0.2733731563465820
Florida,2004,Female,Black,418,69698,599.7302648569540,366,1.63860728102993
Florida,2004,Female,White,2130,714617,298.0617589561960,366,0.8143763905907000
Florida,2004,Male,American Indian/Alaska Native,,1612,,366,
Florida,2004,Male,Asian/Pacific Islander,22,8617,255.30927236857400,366,0.6975663179469230
Florida,2004,Male,Black,496,54858,904.1525392832400,366,2.4703621291891800
Florida,2004,Male,White,3880,630984,614.9125809846210,366,1.6800890190836600
Florida,2005,Female,American Indian/Alaska Native,,1698,,365,
Florida,2005,Female,Asian/Pacific Islander,23,12007,191.55492629299600,365,0.5248080172410840
Florida,2005,Female,Black,377,72955,516.7569049414020,365,1.4157723423052100
Florida,2005,Female,White,1975,723921,272.8198242625920,365,0.7474515733221700
Florida,2005,Male,American Indian/Alaska Native,,1702,,365,
Florida,2005,Male,Asian/Pacific Islander,27,9570,282.13166144200600,365,0.7729634560054970
Florida,2005,Male,Black,474,57637,822.3883963426270,365,2.253118894089390
Florida,2005,Male,White,3640,640128,568.6362727454510,365,1.557907596562880
Florida,2006,Female,American Indian/Alaska Native,,1816,,365,
Florida,2006,Female,Asian/Pacific Islander,11,12949,84.94864468298710,365,0.23273601283010200
Florida,2006,Female,Black,338,75918,445.217208040254,365,1.2197731727130200
Florida,2006,Female,White,1842,727970,253.0324051815320,365,0.6932394662507730
Florida,2006,Male,American Indian/Alaska Native,,1778,,365,
Florida,2006,Male,Asian/Pacific Islander,23,10411,220.92018057823500,365,0.6052607687074920
Florida,2006,Male,Black,495,59965,825.481530893021,365,2.261593235323350
Florida,2006,Male,White,3447,644370,534.9411052656080,365,1.4655920692208400
Florida,2007,Female,American Indian/Alaska Native,,1959,,365,
Florida,2007,Female,Asian/Pacific Islander,19,13972,135.9862582307470,365,0.37256509104314300
Florida,2007,Female,Black,348,78512,443.24434481353200,365,1.2143680679822800
Florida,2007,Female,White,1750,743908,235.24414309296300,365,0.6445045016245570
Florida,2007,Male,American Indian/Alaska Native,,1893,,365,
Florida,2007,Male,Asian/Pacific Islander,36,11265,319.57390146471400,365,0.8755449355197640
Florida,2007,Male,Black,466,61993,751.697772329134,365,2.0594459515866700
Florida,2007,Male,White,3201,656946,487.25466020038200,365,1.3349442745215900
Florida,2008,Female,American Indian/Alaska Native,,2099,,366,
Florida,2008,Female,Asian/Pacific Islander,17,15077,112.75452676261900,366,0.3080724774934930
Florida,2008,Female,Black,322,82116,392.12820887525000,366,1.0713885488394800
Florida,2008,Female,White,1742,772732,225.43391499252000,366,0.6159396584495080
Florida,2008,Male,American Indian/Alaska Native,,2068,,366,
Florida,2008,Male,Asian/Pacific Islander,28,12182,229.84731571170600,366,0.6279981303598520
Florida,2008,Male,Black,471,64889,725.8549214812990,366,1.983210167981690
Florida,2008,Male,White,3378,681779,495.4684729215770,366,1.3537389970534900
Florida,2009,Female,American Indian/Alaska Native,,2249,,365,
Florida,2009,Female,Asian/Pacific Islander,16,16161,99.00377451890350,365,0.27124321786001000
Florida,2009,Female,Black,354,85088,416.0398646107560,365,1.1398352455089200
Florida,2009,Female,White,1684,798783,210.82071100661900,365,0.5775909890592300
Florida,2009,Male,American Indian/Alaska Native,,2212,,365,
Florida,2009,Male,Asian/Pacific Islander,35,13002,269.18935548377200,365,0.7375050835171830
Florida,2009,Male,Black,479,67142,713.4133627237790,365,1.9545571581473400
Florida,2009,Male,White,3356,705051,475.9939351905040,365,1.3040929731246700
Florida,2010,Female,American Indian/Alaska Native,,2342,,365,
Florida,2010,Female,Asian/Pacific Islander,17,17021,99.87662299512370,365,0.273634583548284
Florida,2010,Female,Black,335,87721,381.8925912837290,365,1.0462810720102200
Florida,2010,Female,White,1665,814755,204.35591067253300,365,0.5598792073220100
Florida,2010,Male,American Indian/Alaska Native,,2357,,365,
Florida,2010,Male,Asian/Pacific Islander,36,13588,264.93965263467800,365,0.7258620620128150
Florida,2010,Male,Black,494,69114,714.7611193101250,365,1.9582496419455500
Florida,2010,Male,White,3299,721042,457.5322935418460,365,1.25351313299136
Florida,2011,Female,American Indian/Alaska Native,,2588,,365,
Florida,2011,Female,Asian/Pacific Islander,30,18669,160.6941989394180,365,0.4402580792860780
Florida,2011,Female,Black,352,92296,381.3816416746120,365,1.0448812100674300
Florida,2011,Female,White,1757,835369,210.3262151217010,365,0.5762362058128790
Florida,2011,Male,American Indian/Alaska Native,,2584,,365,
Florida,2011,Male,Asian/Pacific Islander,30,14786,202.8946300554580,365,0.5558756987820760
Florida,2011,Male,Black,466,72777,640.3121865424520,365,1.7542799631300000
Florida,2011,Male,White,3335,739363,451.06395640571700,365,1.2357916613855300
Florida,2012,Female,American Indian/Alaska Native,,2982,,366,
Florida,2012,Female,Asian/Pacific Islander,21,20605,101.91701043436100,366,0.2784617771430620
Florida,2012,Female,Black,368,98381,374.05596609101400,366,1.0220108363142400
Florida,2012,Female,White,1825,888451,205.41369191998200,366,0.5612395954097870
Florida,2012,Male,American Indian/Alaska Native,,2903,,366,
Florida,2012,Male,Asian/Pacific Islander,38,16177,234.9014032268040,366,0.6418071126415400
Florida,2012,Male,Black,492,77306,636.4318422890850,366,1.7388848149975000
Florida,2012,Male,White,3531,787980,448.1078199954310,366,1.2243383059984500
Florida,2013,Female,American Indian/Alaska Native,,3261,,365,
Florida,2013,Female,Asian/Pacific Islander,15,22745,65.94856012310400,365,0.18068098663864100
Florida,2013,Female,Black,387,103473,374.01061146386000,365,1.0246866067503000
Florida,2013,Female,White,1902,929927,204.53218370904400,365,0.5603621471480650
Florida,2013,Male,American Indian/Alaska Native,,3157,,365,
Florida,2013,Male,Asian/Pacific Islander,45,17368,259.09719023491500,365,0.7098553157120950
Florida,2013,Male,Black,521,82088,634.6847285839590,365,1.7388622700930400
Florida,2013,Male,White,3698,823906,448.8376101157170,365,1.2296920825088100
Florida,2014,Female,American Indian/Alaska Native,,3560,,365,
Florida,2014,Female,Asian/Pacific Islander,24,25415,94.4324217981507,365,0.2587189638305500
Florida,2014,Female,Black,367,110761,331.34406514928500,365,0.9077919593131110
Florida,2014,Female,White,1996,972814,205.17796824470000,365,0.5621314198484940
Florida,2014,Male,American Indian/Alaska Native,10,3424,292.05607476635500,365,0.8001536294968630
Florida,2014,Male,Asian/Pacific Islander,56,19080,293.5010482180290,365,0.8041124608713130
Florida,2014,Male,Black,507,87518,579.3093992093060,365,1.5871490389296000
Florida,2014,Male,White,3936,860129,457.6057777379910,365,1.2537144595561400
Florida,2015,Female,American Indian/Alaska Native,,3869,,365,
Florida,2015,Female,Asian/Pacific Islander,41,27854,147.1960939182880,365,0.4032769696391460
Florida,2015,Female,Black,377,118014,319.4536241462880,365,0.8752154086199670
Florida,2015,Female,White,2171,1016992,213.47267235140500,365,0.5848566365791920
Florida,2015,Male,American Indian/Alaska Native,,3779,,365,
Florida,2015,Male,Asian/Pacific Islander,61,20817,293.029735312485,365,0.8028211926369450
Florida,2015,Male,Black,557,93139,598.0309000526100,365,1.6384408220619400
Florida,2015,Male,White,4148,896738,462.565431597635,365,1.2673025523222900
Florida,2016,Female,American Indian/Alaska Native,,4113,,366,
Florida,2016,Female,Asian/Pacific Islander,41,29647,138.2939251863600,366,0.37785225460754000
Florida,2016,Female,Black,456,125920,362.13468869123300,366,0.9894390401399800
Florida,2016,Female,White,2189,1059969,206.51547356573600,366,0.564249927775236
Florida,2016,Male,American Indian/Alaska Native,14,4083,342.8851334802840,366,0.9368446269953120
Florida,2016,Male,Asian/Pacific Islander,43,21850,196.79633867276900,366,0.5376949144064720
Florida,2016,Male,Black,592,99930,592.4146902831980,366,1.6186193723584700
Florida,2016,Male,White,4239,932072,454.7931919422530,366,1.2426043495690000
Florida,2017,Female,American Indian/Alaska Native,,4352,,365,
Florida,2017,Female,Asian/Pacific Islander,42,31990,131.2910284463900,365,0.3597014477983270
Florida,2017,Female,Black,456,133264,342.17793252491300,365,0.9374737877394880
Florida,2017,Female,White,2205,1088542,202.56453127210500,365,0.5549713185537130
Florida,2017,Male,American Indian/Alaska Native,,4365,,365,
Florida,2017,Male,Asian/Pacific Islander,71,23428,303.0561721017590,365,0.8302908824705720
Florida,2017,Male,Black,669,104816,638.2613341474590,365,1.7486611894450900
Florida,2017,Male,White,4487,951759,471.44287577002200,365,1.2916243171781400
Florida,2018,Female,American Indian/Alaska Native,,4759,,365,
Florida,2018,Female,Asian/Pacific Islander,37,34168,108.28845703582300,365,0.29668070420773400
Florida,2018,Female,Black,499,140448,355.29163818637500,365,0.973401748455822
Florida,2018,Female,White,2326,1110986,209.36357433847100,365,0.5735988338040290
Florida,2018,Male,American Indian/Alaska Native,,4742,,365,
Florida,2018,Male,Asian/Pacific Islander,57,24708,230.6945118989800,365,0.6320397586273430
Florida,2018,Male,Black,703,110442,636.5332029481540,365,1.7439265834196000
Florida,2018,Male,White,4716,967649,487.3668034586920,365,1.335251516325180
Florida,2019,Female,American Indian/Alaska Native,,5050,,365,
Florida,2019,Female,Asian/Pacific Islander,35,36402,96.14856326575460,365,0.26342072127604000
Florida,2019,Female,Black,475,148632,319.5812476451910,365,0.8755650620416190
Florida,2019,Female,White,2374,1138726,208.4785980121650,365,0.5711742411292180
Florida,2019,Male,American Indian/Alaska Native,15,5012,299.28172386272900,365,0.8199499283910400
Florida,2019,Male,Asian/Pacific Islander,62,26192,236.71350030543700,365,0.6485301378231140
Florida,2019,Male,Black,657,116191,565.4482705200920,365,1.5491733438906600
Florida,2019,Male,White,4720,989164,477.1706208475040,365,1.3073167694452200
Florida,2020,Female,American Indian/Alaska Native,,5418,,366,
Florida,2020,Female,Asian/Pacific Islander,33,38686,85.30217649795790,366,0.2330660560053500
Florida,2020,Female,Black,631,156594,402.95285898565700,366,1.1009640955892300
Florida,2020,Female,White,2451,1170451,209.4064595613140,366,0.5721487966156130
Florida,2020,Male,American Indian/Alaska Native,15,5306,282.69883151149600,366,0.7724011789931600
Florida,2020,Male,Asian/Pacific Islander,81,27855,290.79159935379600,366,0.7945125665404280
Florida,2020,Male,Black,831,122581,677.9190902342130,366,1.8522379514596000
Florida,2020,Male,White,4813,1012685,475.271185018046,366,1.29855515032253
Florida,2021,Female,American Indian/Alaska Native,,5298,,365,
Florida,2021,Female,Asian/Pacific Islander,52,37152,139.96554694229100,365,0.383467251896688
Florida,2021,Female,Black,650,158436,410.26029437754000,365,1.1240008065138100
Florida,2021,Female,White,2559,1172878,218.18126011401000,365,0.5977568770246850
Florida,2021,Male,American Indian/Alaska Native,10,5332,187.5468867216800,365,0.5138270869087140
Florida,2021,Male,Asian/Pacific Islander,60,26543,226.0482989865500,365,0.6193104081823290
Florida,2021,Male,Black,904,126701,713.4908169627710,365,1.9547693615418400
Florida,2021,Male,White,5096,1034639,492.53894353489500,365,1.3494217631093000
Florida,2022,Female,American Indian/Alaska Native,,5493,,365,
Florida,2022,Female,Asian/Pacific Islander,33,39147,84.29764732929730,365,0.23095245843643100
Florida,2022,Female,Black,563,164610,342.02053338193300,365,0.9370425572107760
Florida,2022,Female,White,2533,1171664,216.18825874994900,365,0.5922965993149280
Florida,2022,Male,American Indian/Alaska Native,,5490,,365,
Florida,2022,Male,Asian/Pacific Islander,71,27757,255.79133191627300,365,0.7007981696336260
Florida,2022,Male,Black,867,131072,661.468505859375,365,1.8122424818065100
Florida,2022,Male,White,5080,1030812,492.8153727352810,365,1.3501791033843300
Florida,2023,Female,American Indian/Alaska Native,,5855,,365,
Florida,2023,Female,Asian/Pacific Islander,45,41226,109.15441711541300,365,0.2990531975764730
Florida,2023,Female,Black,571,172546,330.92624575475500,365,0.906647248643165
Florida,2023,Female,White,2487,1198312,207.54194233221400,365,0.5686080611841480
Florida,2023,Male,American Indian/Alaska Native,13,5754,225.9297879735840,365,0.6189857204755710
Florida,2023,Male,Asian/Pacific Islander,67,28997,231.05838535020900,365,0.6330366721923530
Florida,2023,Male,Black,849,138206,614.3003921682130,365,1.6830147730636000
Florida,2023,Male,White,4965,1054650,470.7722941260130,365,1.289787107194560
Florida,2024,Female,American Indian/Alaska Native,,6162,,366,
Florida,2024,Female,Asian/Pacific Islander,46,43640,105.40788267644400,366,0.2879996794438350
Florida,2024,Female,Black,580,180761,320.86567345832300,366,0.8766821679189170
Florida,2024,Female,White,2488,1223982,203.27096313507900,366,0.5553851451778110
Florida,2024,Male,American Indian/Alaska Native,,6044,,366,
Florida,2024,Male,Asian/Pacific Islander,78,30938,252.11713750080800,366,0.6888446379803500
Florida,2024,Male,Black,823,144984,567.6488440103740,366,1.550953125711400
Florida,2024,Male,White,4846,1077302,449.8274392881480,366,1.2290367193665200
Florida,2025,Female,American Indian/Alaska Native,10,6162,162.2849724115550,365,0.4446163627713830
Florida,2025,Female,Asian/Pacific Islander,45,43640,103.11640696608600,365,0.2825107040166740
Florida,2025,Female,Black,606,180761,335.24930709611000,365,0.9184912523181110
Florida,2025,Female,White,2481,1223982,202.69905929989200,365,0.5553398884928540
Florida,2025,Male,American Indian/Alaska Native,13,6044,215.08934480476500,365,0.5892858761774390
Florida,2025,Male,Asian/Pacific Islander,61,30938,197.16853060960600,365,0.5401877550948120
Florida,2025,Male,Black,931,144984,642.1398223252220,365,1.759287184452660
Florida,2025,Male,White,5010,1077302,465.05065431977300,365,1.274111381698010
Georgia,1999,Female,American Indian/Alaska Native,,227,,365,
Georgia,1999,Female,Asian/Pacific Islander,,2635,,365,
Georgia,1999,Female,Black,455,51449,884.3709304359660,365,2.422934055988950
Georgia,1999,Female,White,966,186902,516.8484018362570,365,1.4160230187294700
Georgia,1999,Male,American Indian/Alaska Native,,226,,365,
Georgia,1999,Male,Asian/Pacific Islander,10,2041,489.9559039686430,365,1.3423449423798400
Georgia,1999,Male,Black,450,33740,1333.7285121517500,365,3.6540507182239700
Georgia,1999,Male,White,1608,154056,1043.776289141610,365,2.8596610661414
Georgia,2000,Female,American Indian/Alaska Native,0,354,0.0,366,0.0
Georgia,2000,Female,Asian/Pacific Islander,11,3144,349.8727735368960,366,0.9559365397182940
Georgia,2000,Female,Black,429,52096,823.4797297297300,366,2.249944616747900
Georgia,2000,Female,White,913,187414,487.15677590788300,366,1.3310294423712700
Georgia,2000,Male,American Indian/Alaska Native,,368,,366,
Georgia,2000,Male,Asian/Pacific Islander,,2400,,366,
Georgia,2000,Male,Black,453,34189,1324.9875691011700,366,3.6201846150305300
Georgia,2000,Male,White,1494,155730,959.3527258717010,366,2.621182311124870
Georgia,2001,Female,American Indian/Alaska Native,,353,,365,
Georgia,2001,Female,Asian/Pacific Islander,,3505,,365,
Georgia,2001,Female,Black,435,53437,814.0427044931420,365,2.2302539849127200
Georgia,2001,Female,White,883,188550,468.3107928931320,365,1.283043268200360
Georgia,2001,Male,American Indian/Alaska Native,,384,,365,
Georgia,2001,Male,Asian/Pacific Islander,12,2759,434.94019572308800,365,1.191616974583800
Georgia,2001,Male,Black,450,35653,1262.1658766443200,365,3.457988703135130
Georgia,2001,Male,White,1446,158469,912.4813054919260,365,2.49994878216966
Georgia,2002,Female,American Indian/Alaska Native,,373,,365,
Georgia,2002,Female,Asian/Pacific Islander,10,3857,259.26886180969700,365,0.7103256487936890
Georgia,2002,Female,Black,423,54725,772.9556875285520,365,2.117686815146720
Georgia,2002,Female,White,837,189512,441.66068639452900,365,1.2100292777932300
Georgia,2002,Male,American Indian/Alaska Native,,425,,365,
Georgia,2002,Male,Asian/Pacific Islander,15,3069,488.7585532746820,365,1.3390645295196800
Georgia,2002,Male,Black,454,36963,1228.2552823093400,365,3.3650829652310600
Georgia,2002,Male,White,1429,160965,887.7706333675020,365,2.4322483105959000
Georgia,2003,Female,American Indian/Alaska Native,,425,,365,
Georgia,2003,Female,Asian/Pacific Islander,,4203,,365,
Georgia,2003,Female,Black,384,56264,682.4968007962460,365,1.8698542487568400
Georgia,2003,Female,White,832,191937,433.4755675039210,365,1.1876042945312900
Georgia,2003,Male,American Indian/Alaska Native,,452,,365,
Georgia,2003,Male,Asian/Pacific Islander,12,3370,356.08308605341200,365,0.9755700987764720
Georgia,2003,Male,Black,438,38418,1140.0905825394300,365,3.123535842573790
Georgia,2003,Male,White,1378,164571,837.3285694320390,365,2.29405087515627
Georgia,2004,Female,American Indian/Alaska Native,,441,,366,
Georgia,2004,Female,Asian/Pacific Islander,,4542,,366,
Georgia,2004,Female,Black,382,57938,659.3254858642000,366,1.8014357537273200
Georgia,2004,Female,White,805,194421,414.04992259066700,366,1.1312839415045500
Georgia,2004,Male,American Indian/Alaska Native,,493,,366,
Georgia,2004,Male,Asian/Pacific Islander,,3756,,366,
Georgia,2004,Male,Black,424,39915,1062.2572967556100,366,2.9023423408623100
Georgia,2004,Male,White,1348,168071,802.0419941572310,366,2.191371568735600
Georgia,2005,Female,American Indian/Alaska Native,,508,,365,
Georgia,2005,Female,Asian/Pacific Islander,12,5020,239.0438247011950,365,0.6549145882224530
Georgia,2005,Female,Black,375,60191,623.016730075925,365,1.706895150892950
Georgia,2005,Female,White,758,199972,379.05306742944000,365,1.0385015546012100
Georgia,2005,Male,American Indian/Alaska Native,,528,,365,
Georgia,2005,Male,Asian/Pacific Islander,20,4245,471.1425206124850,365,1.290801426335580
Georgia,2005,Male,Black,476,42110,1130.3728330562800,365,3.096911871387070
Georgia,2005,Male,White,1278,174063,734.2169214594720,365,2.0115532094780000
Georgia,2006,Female,American Indian/Alaska Native,,532,,365,
Georgia,2006,Female,Asian/Pacific Islander,,5618,,365,
Georgia,2006,Female,Black,369,64338,573.5335260654670,365,1.5713247289464800
Georgia,2006,Female,White,717,208321,344.1803754782280,365,0.9429599328170640
Georgia,2006,Male,American Indian/Alaska Native,,564,,365,
Georgia,2006,Male,Asian/Pacific Islander,17,4797,354.38815926620800,365,0.9709264637430360
Georgia,2006,Male,Black,451,45292,995.7608407665810,365,2.7281118925111800
Georgia,2006,Male,White,1261,182225,692.0016463163670,365,1.8958949214147000
Georgia,2007,Female,American Indian/Alaska Native,0,565,0.0,365,0.0
Georgia,2007,Female,Asian/Pacific Islander,,6100,,365,
Georgia,2007,Female,Black,401,67179,596.9127257029730,365,1.635377330693080
Georgia,2007,Female,White,694,215271,322.38434345545800,365,0.8832447765902970
Georgia,2007,Male,American Indian/Alaska Native,,620,,365,
Georgia,2007,Male,Asian/Pacific Islander,11,5302,207.4688796680500,365,0.5684078895015060
Georgia,2007,Male,Black,430,47809,899.4122445564640,365,2.464143135771140
Georgia,2007,Male,White,1260,189487,664.9532685619590,365,1.8217897768820800
Georgia,2008,Female,American Indian/Alaska Native,0,648,0.0,366,0.0
Georgia,2008,Female,Asian/Pacific Islander,,6560,,366,
Georgia,2008,Female,Black,335,70575,474.67233439603300,366,1.2969189464372500
Georgia,2008,Female,White,743,226185,328.4921634944850,366,0.8975195723893020
Georgia,2008,Male,American Indian/Alaska Native,0,661,0.0,366,0.0
Georgia,2008,Male,Asian/Pacific Islander,16,5780,276.8166089965400,366,0.7563295327774310
Georgia,2008,Male,Black,486,50932,954.2134610853690,366,2.607140604058390
Georgia,2008,Male,White,1230,200381,613.830652606784,366,1.6771329306196300
Georgia,2009,Female,American Indian/Alaska Native,,701,,365,
Georgia,2009,Female,Asian/Pacific Islander,,7149,,365,
Georgia,2009,Female,Black,360,74594,482.612542563745,365,1.3222261440102600
Georgia,2009,Female,White,697,235522,295.93838367541000,365,0.8107900922613980
Georgia,2009,Male,American Indian/Alaska Native,,706,,365,
Georgia,2009,Male,Asian/Pacific Islander,16,6284,254.6148949713560,365,0.6975750547160430
Georgia,2009,Male,Black,481,53825,893.6367858801670,365,2.448319961315530
Georgia,2009,Male,White,1262,209325,602.8902424459570,365,1.6517540888930300
Georgia,2010,Female,American Indian/Alaska Native,0,750,0.0,365,0.0
Georgia,2010,Female,Asian/Pacific Islander,13,7656,169.80146290491100,365,0.46520948741071600
Georgia,2010,Female,Black,353,77308,456.61509804936100,365,1.2510002686283900
Georgia,2010,Female,White,643,241652,266.08511413106500,365,0.729000312687848
Georgia,2010,Male,American Indian/Alaska Native,,766,,365,
Georgia,2010,Male,Asian/Pacific Islander,19,6748,281.5649081209250,365,0.7714107071806160
Georgia,2010,Male,Black,497,55954,888.2296171855450,365,2.4335058005083400
Georgia,2010,Male,White,1251,215595,580.2546441244000,365,1.5897387510257500
Georgia,2011,Female,American Indian/Alaska Native,0,826,0.0,365,0.0
Georgia,2011,Female,Asian/Pacific Islander,13,8530,152.40328253223900,365,0.4175432398143540
Georgia,2011,Female,Black,385,81876,470.2232644486790,365,1.2882829162977500
Georgia,2011,Female,White,733,252346,290.474190199171,365,0.795819699175811
Georgia,2011,Male,American Indian/Alaska Native,0,857,0.0,365,0.0
Georgia,2011,Male,Asian/Pacific Islander,13,7382,176.1040368463830,365,0.48247681327776200
Georgia,2011,Male,Black,475,59647,796.3518701694970,365,2.1817859456698600
Georgia,2011,Male,White,1238,225598,548.7637301749130,365,1.5034622744518200
Georgia,2012,Female,American Indian/Alaska Native,,965,,366,
Georgia,2012,Female,Asian/Pacific Islander,,9558,,366,
Georgia,2012,Female,Black,374,87756,426.18168558275200,366,1.1644308349255500
Georgia,2012,Female,White,714,271970,262.5289553994930,366,0.717292227867466
Georgia,2012,Male,American Indian/Alaska Native,,992,,366,
Georgia,2012,Male,Asian/Pacific Islander,14,7900,177.21518987341800,366,0.4841945078508680
Georgia,2012,Male,Black,465,64085,725.5988140750570,366,1.9825104209701000
Georgia,2012,Male,White,1350,243709,553.9393292820540,366,1.513495435196870
Georgia,2013,Female,American Indian/Alaska Native,0,1054,0.0,365,0.0
Georgia,2013,Female,Asian/Pacific Islander,,10435,,365,
Georgia,2013,Female,Black,420,94675,443.62292051756000,365,1.2154052616919500
Georgia,2013,Female,White,759,286537,264.88725714305700,365,0.7257185127207030
Georgia,2013,Male,American Indian/Alaska Native,,1111,,365,
Georgia,2013,Male,Asian/Pacific Islander,19,8724,217.79000458505300,365,0.5966849440686380
Georgia,2013,Male,Black,524,69477,754.2064280265410,365,2.0663189808946300
Georgia,2013,Male,White,1484,257046,577.3285715397240,365,1.5817221138074600
Georgia,2014,Female,American Indian/Alaska Native,0,1187,0.0,365,0.0
Georgia,2014,Female,Asian/Pacific Islander,,11500,,365,
Georgia,2014,Female,Black,432,102349,422.0852182239200,365,1.1563978581477300
Georgia,2014,Female,White,814,299628,271.6702043867730,365,0.7443019298267750
Georgia,2014,Male,American Indian/Alaska Native,,1244,,365,
Georgia,2014,Male,Asian/Pacific Islander,24,9578,250.57423261641300,365,0.6865047468942810
Georgia,2014,Male,Black,559,75079,744.5490749743600,365,2.039860479381810
Georgia,2014,Male,White,1473,268497,548.6094816701860,365,1.5030396758087300
Georgia,2015,Female,American Indian/Alaska Native,0,1264,0.0,365,0.0
Georgia,2015,Female,Asian/Pacific Islander,19,12499,152.01216097287800,365,0.4164716738982950
Georgia,2015,Female,Black,458,109880,416.81834728795100,365,1.1419680747615100
Georgia,2015,Female,White,863,311002,277.49017691204600,365,0.7602470600330020
Georgia,2015,Male,American Indian/Alaska Native,,1366,,365,
Georgia,2015,Male,Asian/Pacific Islander,29,10386,279.2220296553050,365,0.7649918620693300
Georgia,2015,Male,Black,660,80474,820.1406665506870,365,2.2469607302758600
Georgia,2015,Male,White,1618,278116,581.7716348573980,365,1.5938948900202700
Georgia,2016,Female,American Indian/Alaska Native,,1353,,366,
Georgia,2016,Female,Asian/Pacific Islander,12,13286,90.32063826584370,366,0.24677770017990100
Georgia,2016,Female,Black,496,118168,419.741385146571,366,1.146834385646370
Georgia,2016,Female,White,885,321938,274.89765110052200,366,0.751086478416728
Georgia,2016,Male,American Indian/Alaska Native,,1474,,366,
Georgia,2016,Male,Asian/Pacific Islander,34,11118,305.81039755351700,366,0.8355475342992260
Georgia,2016,Male,Black,650,86061,755.2782328813280,366,2.0636017291839600
Georgia,2016,Male,White,1703,285927,595.606570907959,366,1.6273403576720200
Georgia,2017,Female,American Indian/Alaska Native,,1495,,365,
Georgia,2017,Female,Asian/Pacific Islander,13,14648,88.74931731294380,365,0.24314881455601000
Georgia,2017,Female,Black,483,126485,381.86346207060100,365,1.0462012659468500
Georgia,2017,Female,White,866,330699,261.86955509390700,365,0.7174508358737180
Georgia,2017,Male,American Indian/Alaska Native,,1546,,365,
Georgia,2017,Male,Asian/Pacific Islander,27,11918,226.54807853666700,365,0.6206796672237460
Georgia,2017,Male,Black,732,91558,799.4932174140980,365,2.1903923764769800
Georgia,2017,Male,White,1735,292530,593.1015622329330,365,1.6249357869395400
Georgia,2018,Female,American Indian/Alaska Native,0,1581,0.0,365,0.0
Georgia,2018,Female,Asian/Pacific Islander,18,15762,114.19870574800200,365,0.3128731664328810
Georgia,2018,Female,Black,556,133724,415.7817594448270,365,1.1391281080680200
Georgia,2018,Female,White,940,336593,279.2690281734910,365,0.7651206251328530
Georgia,2018,Male,American Indian/Alaska Native,,1630,,365,
Georgia,2018,Male,Asian/Pacific Islander,39,12655,308.1785855393130,365,0.8443248918885280
Georgia,2018,Male,Black,780,96515,808.1645340102580,365,2.214149408247280
Georgia,2018,Male,White,1701,296959,572.8063470041320,365,1.5693324575455700
Georgia,2019,Female,American Indian/Alaska Native,,1684,,365,
Georgia,2019,Female,Asian/Pacific Islander,17,16971,100.17087973602000,365,0.2744407664000560
Georgia,2019,Female,Black,596,141555,421.037759174879,365,1.1535281073284400
Georgia,2019,Female,White,1006,344840,291.7294977380810,365,0.7992588979125520
Georgia,2019,Male,American Indian/Alaska Native,0,1703,0.0,365,0.0
Georgia,2019,Male,Asian/Pacific Islander,25,13398,186.59501418122100,365,0.5112192169348520
Georgia,2019,Male,Black,781,102042,765.3711216949880,365,2.096907182726000
Georgia,2019,Male,White,1843,303808,606.6331367179270,365,1.6620085937477500
Georgia,2020,Female,American Indian/Alaska Native,,1784,,366,
Georgia,2020,Female,Asian/Pacific Islander,13,18110,71.7835450027609,366,0.19612990437912800
Georgia,2020,Female,Black,696,149595,465.2561917176380,366,1.271191780649280
Georgia,2020,Female,White,1076,354740,303.3207419518520,366,0.8287451965897600
Georgia,2020,Male,American Indian/Alaska Native,0,1880,0.0,366,0.0
Georgia,2020,Male,Asian/Pacific Islander,34,14254,238.5295355689630,366,0.6517200425381510
Georgia,2020,Male,Black,954,107089,890.8477994938790,366,2.4340103811308200
Georgia,2020,Male,White,1912,311812,613.189999102023,366,1.675382511207710
Georgia,2021,Female,American Indian/Alaska Native,,1779,,365,
Georgia,2021,Female,Asian/Pacific Islander,15,18282,82.04791598293400,365,0.22478881091214800
Georgia,2021,Female,Black,683,154142,443.0979226946580,365,1.2139669114922100
Georgia,2021,Female,White,1142,356019,320.76939713891700,365,0.8788202661340180
Georgia,2021,Male,American Indian/Alaska Native,,1889,,365,
Georgia,2021,Male,Asian/Pacific Islander,41,14599,280.84115350366500,365,0.7694278178182590
Georgia,2021,Male,Black,922,113091,815.2726565332340,365,2.233623716529410
Georgia,2021,Male,White,2122,319128,664.936953197463,365,1.8217450772533200
Georgia,2022,Female,American Indian/Alaska Native,,1905,,365,
Georgia,2022,Female,Asian/Pacific Islander,23,19510,117.88826242952300,365,0.3229815409028040
Georgia,2022,Female,Black,726,159380,455.5151210942400,365,1.2479866331349000
Georgia,2022,Female,White,1185,353290,335.4184947210510,365,0.9189547800576730
Georgia,2022,Male,American Indian/Alaska Native,0,1989,0.0,365,0.0
Georgia,2022,Male,Asian/Pacific Islander,45,15627,287.9631407179880,365,0.7889401115561320
Georgia,2022,Male,Black,967,116437,830.4920257306530,365,2.2753206184401400
Georgia,2022,Male,White,2011,316422,635.5436726902680,365,1.7412155416171700
Georgia,2023,Female,American Indian/Alaska Native,,2038,,365,
Georgia,2023,Female,Asian/Pacific Islander,16,20759,77.0750036128908,365,0.2111643934599750
Georgia,2023,Female,Black,712,166858,426.7101367629960,365,1.169068867843830
Georgia,2023,Female,White,1045,357972,291.9222732504220,365,0.7997870500011560
Georgia,2023,Male,American Indian/Alaska Native,,2078,,365,
Georgia,2023,Male,Asian/Pacific Islander,38,16723,227.231955988758,365,0.6225533040787890
Georgia,2023,Male,Black,961,122832,782.3694151361210,365,2.1434778496880000
Georgia,2023,Male,White,1894,321547,589.0274205637120,365,1.6137737549690700
Georgia,2024,Female,American Indian/Alaska Native,0,2149,0.0,366,0.0
Georgia,2024,Female,Asian/Pacific Islander,29,22678,127.87723785166200,366,0.34939136025044400
Georgia,2024,Female,Black,708,173440,408.21033210332100,366,1.1153287762385800
Georgia,2024,Female,White,1080,362538,297.89980636512600,366,0.8139338971724750
Georgia,2024,Male,American Indian/Alaska Native,,2226,,366,
Georgia,2024,Male,Asian/Pacific Islander,43,18192,236.36763412489000,366,0.6458132079915030
Georgia,2024,Male,Black,1010,127746,790.6314092026370,366,2.160195107111030
Georgia,2024,Male,White,1916,327180,585.6103673818690,366,1.6000283261799700
Georgia,2025,Female,American Indian/Alaska Native,,2149,,365,
Georgia,2025,Female,Asian/Pacific Islander,24,22678,105.82943822206500,365,0.2899436663618230
Georgia,2025,Female,Black,680,173440,392.06642066420700,365,1.0741545771622100
Georgia,2025,Female,White,1122,362538,309.4847988348810,365,0.8479035584517280
Georgia,2025,Male,American Indian/Alaska Native,,2226,,365,
Georgia,2025,Male,Asian/Pacific Islander,47,18192,258.35532102022900,365,0.707822797315695
Georgia,2025,Male,Black,1021,127746,799.2422463325660,365,2.189704784472780
Georgia,2025,Male,White,2068,327180,632.0679748150870,365,1.7316930816851700
Hawaii,1999,Female,American Indian/Alaska Native,0,57,0.0,365,0.0
Hawaii,1999,Female,Asian/Pacific Islander,121,36436,332.0891426062140,365,0.9098332674142840
Hawaii,1999,Female,Black,,208,,365,
Hawaii,1999,Female,White,42,10142,414.11950305659600,365,1.1345739809769800
Hawaii,1999,Male,American Indian/Alaska Native,,66,,365,
Hawaii,1999,Male,Asian/Pacific Islander,215,27830,772.5476104922750,365,2.116568795869250
Hawaii,1999,Male,Black,,287,,365,
Hawaii,1999,Male,White,81,10436,776.1594480643920,365,2.1264642412723100
Hawaii,2000,Female,American Indian/Alaska Native,0,59,0.0,366,0.0
Hawaii,2000,Female,Asian/Pacific Islander,123,36323,338.6284172562840,366,0.9252142547985900
Hawaii,2000,Female,Black,0,191,0.0,366,0.0
Hawaii,2000,Female,White,37,10267,360.3779098081230,366,0.984639097836402
Hawaii,2000,Male,American Indian/Alaska Native,,71,,366,
Hawaii,2000,Male,Asian/Pacific Islander,223,27452,812.3269707125160,366,2.2194725975751800
Hawaii,2000,Male,Black,,273,,366,
Hawaii,2000,Male,White,79,10626,743.459439111613,366,2.0313099429279000
Hawaii,2001,Female,American Indian/Alaska Native,0,53,0.0,365,0.0
Hawaii,2001,Female,Asian/Pacific Islander,121,36019,335.93381270995900,365,0.9203666101642700
Hawaii,2001,Female,Black,0,219,0.0,365,0.0
Hawaii,2001,Female,White,30,10362,289.51939779965300,365,0.7932038295880890
Hawaii,2001,Male,American Indian/Alaska Native,,77,,365,
Hawaii,2001,Male,Asian/Pacific Islander,202,27062,746.4341142561530,365,2.0450249705648000
Hawaii,2001,Male,Black,,267,,365,
Hawaii,2001,Male,White,54,10781,500.8811798534460,365,1.3722772050779300
Hawaii,2002,Female,American Indian/Alaska Native,,55,,365,
Hawaii,2002,Female,Asian/Pacific Islander,123,35514,346.3422875485720,365,0.9488829795851300
Hawaii,2002,Female,Black,,219,,365,
Hawaii,2002,Female,White,45,10399,432.7339167227620,365,1.1855723745829100
Hawaii,2002,Male,American Indian/Alaska Native,,77,,365,
Hawaii,2002,Male,Asian/Pacific Islander,189,26682,708.3427029458060,365,1.940664939577550
Hawaii,2002,Male,Black,,288,,365,
Hawaii,2002,Male,White,76,11092,685.1785070320950,365,1.8772013891290300
Hawaii,2003,Female,American Indian/Alaska Native,0,66,0.0,365,0.0
Hawaii,2003,Female,Asian/Pacific Islander,95,35151,270.2625814343830,365,0.7404454285873510
Hawaii,2003,Female,Black,0,229,0.0,365,0.0
Hawaii,2003,Female,White,30,10633,282.14050597197400,365,0.7729876875944490
Hawaii,2003,Male,American Indian/Alaska Native,,81,,365,
Hawaii,2003,Male,Asian/Pacific Islander,164,26463,619.7332124097800,365,1.6978992120815900
Hawaii,2003,Male,Black,,314,,365,
Hawaii,2003,Male,White,73,11515,633.9557099435520,365,1.7368649587494600
Hawaii,2004,Female,American Indian/Alaska Native,0,80,0.0,366,0.0
Hawaii,2004,Female,Asian/Pacific Islander,102,34672,294.18550992155100,366,0.8037855462337450
Hawaii,2004,Female,Black,0,244,0.0,366,0.0
Hawaii,2004,Female,White,32,10991,291.1473023382770,366,0.7954844326182430
Hawaii,2004,Male,American Indian/Alaska Native,,81,,366,
Hawaii,2004,Male,Asian/Pacific Islander,181,26507,682.8384954917570,366,1.86567894943103
Hawaii,2004,Male,Black,,333,,366,
Hawaii,2004,Male,White,80,11887,673.0041221502480,366,1.8388090769132500
Hawaii,2005,Female,American Indian/Alaska Native,0,81,0.0,365,0.0
Hawaii,2005,Female,Asian/Pacific Islander,98,34612,283.13879579336600,365,0.775722728201004
Hawaii,2005,Female,Black,,254,,365,
Hawaii,2005,Female,White,32,11436,279.81811822315500,365,0.7666249814333010
Hawaii,2005,Male,American Indian/Alaska Native,0,93,0.0,365,0.0
Hawaii,2005,Male,Asian/Pacific Islander,164,26889,609.914835062665,365,1.6709995481168900
Hawaii,2005,Male,Black,,370,,365,
Hawaii,2005,Male,White,56,12331,454.1399724272160,365,1.2442191025403200
Hawaii,2006,Female,American Indian/Alaska Native,0,92,0.0,365,0.0
Hawaii,2006,Female,Asian/Pacific Islander,93,34498,269.58084526639200,365,0.7385776582640880
Hawaii,2006,Female,Black,,246,,365,
Hawaii,2006,Female,White,27,11927,226.37712752578200,365,0.6202113082898130
Hawaii,2006,Male,American Indian/Alaska Native,0,106,0.0,365,0.0
Hawaii,2006,Male,Asian/Pacific Islander,161,27174,592.4781040700670,365,1.6232276823837500
Hawaii,2006,Male,Black,,392,,365,
Hawaii,2006,Male,White,52,12745,408.00313848568100,365,1.117816817768990
Hawaii,2007,Female,American Indian/Alaska Native,0,94,0.0,365,0.0
Hawaii,2007,Female,Asian/Pacific Islander,89,34433,258.4729765050970,365,0.7081451411098540
Hawaii,2007,Female,Black,,257,,365,
Hawaii,2007,Female,White,24,12537,191.433357262503,365,0.5244749514041180
Hawaii,2007,Male,American Indian/Alaska Native,,114,,365,
Hawaii,2007,Male,Asian/Pacific Islander,159,27715,573.6965542125200,365,1.5717713814041700
Hawaii,2007,Male,Black,0,400,0.0,365,0.0
Hawaii,2007,Male,White,68,13378,508.297204365376,365,1.3925950804530800
Hawaii,2008,Female,American Indian/Alaska Native,,104,,366,
Hawaii,2008,Female,Asian/Pacific Islander,90,35074,256.60033072931500,366,0.701093799806872
Hawaii,2008,Female,Black,0,262,0.0,366,0.0
Hawaii,2008,Female,White,30,13358,224.58451864051500,366,0.6136189033893850
Hawaii,2008,Male,American Indian/Alaska Native,,119,,366,
Hawaii,2008,Male,Asian/Pacific Islander,168,28529,588.8744786007220,366,1.608946662843500
Hawaii,2008,Male,Black,,415,,366,
Hawaii,2008,Male,White,61,14517,420.1970104015980,366,1.1480792633923400
Hawaii,2009,Female,American Indian/Alaska Native,0,120,0.0,365,0.0
Hawaii,2009,Female,Asian/Pacific Islander,89,36440,244.23710208562000,365,0.6691427454400550
Hawaii,2009,Female,Black,,290,,365,
Hawaii,2009,Female,White,26,14259,182.34097762816500,365,0.49956432226894400
Hawaii,2009,Male,American Indian/Alaska Native,,132,,365,
Hawaii,2009,Male,Asian/Pacific Islander,150,29774,503.79525760730800,365,1.3802609797460500
Hawaii,2009,Male,Black,,438,,365,
Hawaii,2009,Male,White,77,15613,493.1787612886700,365,1.3511746884621100
Hawaii,2010,Female,American Indian/Alaska Native,,118,,365,
Hawaii,2010,Female,Asian/Pacific Islander,69,37249,185.23987221133500,365,0.5075064992091360
Hawaii,2010,Female,Black,0,280,0.0,365,0.0
Hawaii,2010,Female,White,19,14887,127.62813192718500,365,0.34966611486899900
Hawaii,2010,Male,American Indian/Alaska Native,0,144,0.0,365,0.0
Hawaii,2010,Male,Asian/Pacific Islander,155,30945,500.8886734529000,365,1.3722977354874000
Hawaii,2010,Male,Black,,461,,365,
Hawaii,2010,Male,White,76,16439,462.3152259869820,365,1.2666170574985800
Hawaii,2011,Female,American Indian/Alaska Native,,134,,365,
Hawaii,2011,Female,Asian/Pacific Islander,81,38789,208.82208873649700,365,0.5721153116068420
Hawaii,2011,Female,Black,,309,,365,
Hawaii,2011,Female,White,38,15686,242.25423944919000,365,0.663710245066275
Hawaii,2011,Male,American Indian/Alaska Native,0,155,0.0,365,0.0
Hawaii,2011,Male,Asian/Pacific Islander,168,32475,517.3210161662820,365,1.417317852510360
Hawaii,2011,Male,Black,,508,,365,
Hawaii,2011,Male,White,90,17386,517.6578856551250,365,1.4182407826167800
Hawaii,2012,Female,American Indian/Alaska Native,,144,,366,
Hawaii,2012,Female,Asian/Pacific Islander,84,40489,207.46375558793700,366,0.5668408622621240
Hawaii,2012,Female,Black,,347,,366,
Hawaii,2012,Female,White,35,17138,204.22453028358000,366,0.5579905199004930
Hawaii,2012,Male,American Indian/Alaska Native,0,161,0.0,366,0.0
Hawaii,2012,Male,Asian/Pacific Islander,157,34170,459.4673690371670,366,1.2553753252381600
Hawaii,2012,Male,Black,,566,,366,
Hawaii,2012,Male,White,95,19132,496.5502822496340,366,1.356694760244900
Hawaii,2013,Female,American Indian/Alaska Native,0,168,0.0,365,0.0
Hawaii,2013,Female,Asian/Pacific Islander,104,42850,242.7071178529760,365,0.6649510078163710
Hawaii,2013,Female,Black,,414,,365,
Hawaii,2013,Female,White,36,18918,190.29495718363500,365,0.5213560470784510
Hawaii,2013,Male,American Indian/Alaska Native,,169,,365,
Hawaii,2013,Male,Asian/Pacific Islander,195,36247,537.9755565977870,365,1.473905634514490
Hawaii,2013,Male,Black,,651,,365,
Hawaii,2013,Male,White,86,21120,407.19696969697000,365,1.1156081361560800
Hawaii,2014,Female,American Indian/Alaska Native,0,179,0.0,365,0.0
Hawaii,2014,Female,Asian/Pacific Islander,85,44672,190.27578796561600,365,0.5213035286729210
Hawaii,2014,Female,Black,0,455,0.0,365,0.0
Hawaii,2014,Female,White,40,20153,198.48161564035100,365,0.5437852483297300
Hawaii,2014,Male,American Indian/Alaska Native,0,207,0.0,365,0.0
Hawaii,2014,Male,Asian/Pacific Islander,161,37824,425.6556683587140,365,1.1661799133115500
Hawaii,2014,Male,Black,,713,,365,
Hawaii,2014,Male,White,106,22494,471.23677425091100,365,1.291059655481950
Hawaii,2015,Female,American Indian/Alaska Native,0,204,0.0,365,0.0
Hawaii,2015,Female,Asian/Pacific Islander,108,46813,230.70514600645100,365,0.6320688931683600
Hawaii,2015,Female,Black,,528,,365,
Hawaii,2015,Female,White,49,21337,229.64802924497400,365,0.6291726828629410
Hawaii,2015,Male,American Indian/Alaska Native,0,241,0.0,365,0.0
Hawaii,2015,Male,Asian/Pacific Islander,175,39545,442.5338222278420,365,1.2124214307612100
Hawaii,2015,Male,Black,,793,,365,
Hawaii,2015,Male,White,106,23811,445.17239931124300,365,1.2196504090719000
Hawaii,2016,Female,American Indian/Alaska Native,,230,,366,
Hawaii,2016,Female,Asian/Pacific Islander,97,48514,199.94228470132300,366,0.5462903953588070
Hawaii,2016,Female,Black,,572,,366,
Hawaii,2016,Female,White,51,22550,226.1640798226160,366,0.6179346443240890
Hawaii,2016,Male,American Indian/Alaska Native,0,255,0.0,366,0.0
Hawaii,2016,Male,Asian/Pacific Islander,185,41131,449.78240256740700,366,1.2289136682169600
Hawaii,2016,Male,Black,,877,,366,
Hawaii,2016,Male,White,108,24881,434.06615489731100,366,1.1859731008123300
Hawaii,2017,Female,American Indian/Alaska Native,0,242,0.0,365,0.0
Hawaii,2017,Female,Asian/Pacific Islander,111,50705,218.91332215757800,365,0.5997625264591180
Hawaii,2017,Female,Black,,599,,365,
Hawaii,2017,Female,White,43,23341,184.2251831541070,365,0.5047265291893330
Hawaii,2017,Male,American Indian/Alaska Native,,225,,365,
Hawaii,2017,Male,Asian/Pacific Islander,198,43067,459.7487635544620,365,1.2595856535738700
Hawaii,2017,Male,Black,,917,,365,
Hawaii,2017,Male,White,123,25840,476.00619195046400,365,1.3041265532889400
Hawaii,2018,Female,American Indian/Alaska Native,0,272,0.0,365,0.0
Hawaii,2018,Female,Asian/Pacific Islander,106,52060,203.61121782558600,365,0.5578389529468110
Hawaii,2018,Female,Black,,604,,365,
Hawaii,2018,Female,White,42,24168,173.7835153922540,365,0.4761192202527510
Hawaii,2018,Male,American Indian/Alaska Native,0,229,0.0,365,0.0
Hawaii,2018,Male,Asian/Pacific Islander,222,44288,501.264450867052,365,1.3733272626494600
Hawaii,2018,Male,Black,,978,,365,
Hawaii,2018,Male,White,117,26334,444.29254955570700,365,1.217239861796460
Hawaii,2019,Female,American Indian/Alaska Native,0,305,0.0,365,0.0
Hawaii,2019,Female,Asian/Pacific Islander,87,53204,163.52153973385500,365,0.44800421844891700
Hawaii,2019,Female,Black,,654,,365,
Hawaii,2019,Female,White,46,24751,185.85107672417300,365,0.5091810321210210
Hawaii,2019,Male,American Indian/Alaska Native,0,269,0.0,365,0.0
Hawaii,2019,Male,Asian/Pacific Islander,201,45200,444.69026548672600,365,1.21832949448418
Hawaii,2019,Male,Black,10,1074,931.098696461825,365,2.5509553327721200
Hawaii,2019,Male,White,123,26635,461.7983855828800,365,1.265201056391450
Hawaii,2020,Female,American Indian/Alaska Native,,284,,366,
Hawaii,2020,Female,Asian/Pacific Islander,105,54269,193.48062429748100,366,0.5286355855122430
Hawaii,2020,Female,Black,0,628,0.0,366,0.0
Hawaii,2020,Female,White,55,25157,218.62702229995600,366,0.597341590983487
Hawaii,2020,Male,American Indian/Alaska Native,0,282,0.0,366,0.0
Hawaii,2020,Male,Asian/Pacific Islander,224,46078,486.13221059941800,366,1.328230083604970
Hawaii,2020,Male,Black,10,1094,914.0767824497260,366,2.4974775476768500
Hawaii,2020,Male,White,149,26914,553.6152188452110,366,1.5126098875552200
Hawaii,2021,Female,American Indian/Alaska Native,,290,,365,
Hawaii,2021,Female,Asian/Pacific Islander,54,41407,130.41273214673800,365,0.35729515656640700
Hawaii,2021,Female,Black,,540,,365,
Hawaii,2021,Female,White,48,24857,193.10455807217300,365,0.5290535837593780
Hawaii,2021,Male,American Indian/Alaska Native,,277,,365,
Hawaii,2021,Male,Asian/Pacific Islander,119,34915,340.8277244737220,365,0.933774587599238
Hawaii,2021,Male,Black,,978,,365,
Hawaii,2021,Male,White,141,26765,526.8073977209040,365,1.4433079389613800
Hawaii,2022,Female,American Indian/Alaska Native,0,299,0.0,365,0.0
Hawaii,2022,Female,Asian/Pacific Islander,45,41829,107.5808649501540,365,0.2947420957538470
Hawaii,2022,Female,Black,,563,,365,
Hawaii,2022,Female,White,53,24256,218.50263852242700,365,0.5986373658148700
Hawaii,2022,Male,American Indian/Alaska Native,0,280,0.0,365,0.0
Hawaii,2022,Male,Asian/Pacific Islander,137,35455,386.40530249612200,365,1.0586446643729400
Hawaii,2022,Male,Black,11,1002,1097.804391217570,365,3.007683263609770
Hawaii,2022,Male,White,143,25885,552.443500096581,365,1.5135438358810400
Hawaii,2023,Female,American Indian/Alaska Native,,312,,365,
Hawaii,2023,Female,Asian/Pacific Islander,48,43067,111.45424571017300,365,0.3053540978360890
Hawaii,2023,Female,Black,,598,,365,
Hawaii,2023,Female,White,41,24344,168.41932303647700,365,0.46142280283966300
Hawaii,2023,Male,American Indian/Alaska Native,0,292,0.0,365,0.0
Hawaii,2023,Male,Asian/Pacific Islander,142,36584,388.14782418543600,365,1.0634186963984600
Hawaii,2023,Male,Black,,1065,,365,
Hawaii,2023,Male,White,129,25638,503.1593728059910,365,1.3785188296054600
Hawaii,2024,Female,American Indian/Alaska Native,0,328,0.0,366,0.0
Hawaii,2024,Female,Asian/Pacific Islander,51,43249,117.92180166015400,366,0.3221907149184540
Hawaii,2024,Female,Black,,646,,366,
Hawaii,2024,Female,White,72,23824,302.21625251846900,366,0.8257274658974560
Hawaii,2024,Male,American Indian/Alaska Native,0,314,0.0,366,0.0
Hawaii,2024,Male,Asian/Pacific Islander,128,36837,347.476721774303,366,0.9493899502030140
Hawaii,2024,Male,Black,,1122,,366,
Hawaii,2024,Male,White,134,25244,530.8192045634610,366,1.450325695528580
Hawaii,2025,Female,American Indian/Alaska Native,0,328,0.0,365,0.0
Hawaii,2025,Female,Asian/Pacific Islander,57,43249,131.79495479664300,365,0.3610820679360070
Hawaii,2025,Female,Black,,646,,365,
Hawaii,2025,Female,White,46,23824,193.08260577568800,365,0.528993440481338
Hawaii,2025,Male,American Indian/Alaska Native,0,314,0.0,365,0.0
Hawaii,2025,Male,Asian/Pacific Islander,120,36837,325.75942666340900,365,0.8924915798997510
Hawaii,2025,Male,Black,,1122,,365,
Hawaii,2025,Male,White,114,25244,451.5924576136900,365,1.2372396099005200
Idaho,1999,Female,American Indian/Alaska Native,,309,,365,
Idaho,1999,Female,Asian/Pacific Islander,0,345,0.0,365,0.0
Idaho,1999,Female,Black,0,37,0.0,365,0.0
Idaho,1999,Female,White,138,38873,355.00218660767100,365,0.9726087304319760
Idaho,1999,Male,American Indian/Alaska Native,,254,,365,
Idaho,1999,Male,Asian/Pacific Islander,,228,,365,
Idaho,1999,Male,Black,,56,,365,
Idaho,1999,Male,White,293,35262,830.9228064205090,365,2.2765008395082400
Idaho,2000,Female,American Indian/Alaska Native,,352,,366,
Idaho,2000,Female,Asian/Pacific Islander,,360,,366,
Idaho,2000,Female,Black,0,51,0.0,366,0.0
Idaho,2000,Female,White,153,38977,392.5391897785870,366,1.072511447482480
Idaho,2000,Male,American Indian/Alaska Native,,292,,366,
Idaho,2000,Male,Asian/Pacific Islander,,227,,366,
Idaho,2000,Male,Black,,66,,366,
Idaho,2000,Male,White,264,35645,740.6368354607940,366,2.0235979110950700
Idaho,2001,Female,American Indian/Alaska Native,,355,,365,
Idaho,2001,Female,Asian/Pacific Islander,,397,,365,
Idaho,2001,Female,Black,0,62,0.0,365,0.0
Idaho,2001,Female,White,146,39583,368.8452113280950,365,1.0105348255564300
Idaho,2001,Male,American Indian/Alaska Native,0,307,0.0,365,0.0
Idaho,2001,Male,Asian/Pacific Islander,,244,,365,
Idaho,2001,Male,Black,0,69,0.0,365,0.0
Idaho,2001,Male,White,261,36302,718.9686518649110,365,1.9697771283970200
Idaho,2002,Female,American Indian/Alaska Native,0,368,0.0,365,0.0
Idaho,2002,Female,Asian/Pacific Islander,0,399,0.0,365,0.0
Idaho,2002,Female,Black,,66,,365,
Idaho,2002,Female,White,147,40125,366.3551401869160,365,1.0037127128408700
Idaho,2002,Male,American Indian/Alaska Native,,342,,365,
Idaho,2002,Male,Asian/Pacific Islander,0,257,0.0,365,0.0
Idaho,2002,Male,Black,,77,,365,
Idaho,2002,Male,White,248,37353,663.9359623055710,365,1.8190026364536200
Idaho,2003,Female,American Indian/Alaska Native,,394,,365,
Idaho,2003,Female,Asian/Pacific Islander,0,417,0.0,365,0.0
Idaho,2003,Female,Black,0,66,0.0,365,0.0
Idaho,2003,Female,White,123,40918,300.6012024048100,365,0.8235649380953690
Idaho,2003,Male,American Indian/Alaska Native,,363,,365,
Idaho,2003,Male,Asian/Pacific Islander,,265,,365,
Idaho,2003,Male,Black,,91,,365,
Idaho,2003,Male,White,248,38288,647.7225240284160,365,1.774582257612100
Idaho,2004,Female,American Indian/Alaska Native,0,419,0.0,366,0.0
Idaho,2004,Female,Asian/Pacific Islander,0,434,0.0,366,0.0
Idaho,2004,Female,Black,0,69,0.0,366,0.0
Idaho,2004,Female,White,139,42110,330.08786511517500,366,0.9018794128829910
Idaho,2004,Male,American Indian/Alaska Native,,405,,366,
Idaho,2004,Male,Asian/Pacific Islander,,261,,366,
Idaho,2004,Male,Black,0,85,0.0,366,0.0
Idaho,2004,Male,White,239,39718,601.7422830958260,366,1.6441045986224700
Idaho,2005,Female,American Indian/Alaska Native,0,450,0.0,365,0.0
Idaho,2005,Female,Asian/Pacific Islander,,446,,365,
Idaho,2005,Female,Black,0,74,0.0,365,0.0
Idaho,2005,Female,White,125,43527,287.1780733797410,365,0.7867892421362780
Idaho,2005,Male,American Indian/Alaska Native,,435,,365,
Idaho,2005,Male,Asian/Pacific Islander,,271,,365,
Idaho,2005,Male,Black,0,100,0.0,365,0.0
Idaho,2005,Male,White,217,41471,523.2572158858000,365,1.4335814133857500
Idaho,2006,Female,American Indian/Alaska Native,,479,,365,
Idaho,2006,Female,Asian/Pacific Islander,,476,,365,
Idaho,2006,Female,Black,0,74,0.0,365,0.0
Idaho,2006,Female,White,120,45585,263.24448831852600,365,0.7212177762151390
Idaho,2006,Male,American Indian/Alaska Native,,473,,365,
Idaho,2006,Male,Asian/Pacific Islander,,303,,365,
Idaho,2006,Male,Black,0,112,0.0,365,0.0
Idaho,2006,Male,White,225,43976,511.6427142077500,365,1.40176086084315
Idaho,2007,Female,American Indian/Alaska Native,,515,,365,
Idaho,2007,Female,Asian/Pacific Islander,,495,,365,
Idaho,2007,Female,Black,0,85,0.0,365,0.0
Idaho,2007,Female,White,127,47502,267.357163908888,365,0.732485380572296
Idaho,2007,Male,American Indian/Alaska Native,,499,,365,
Idaho,2007,Male,Asian/Pacific Islander,,324,,365,
Idaho,2007,Male,Black,0,112,0.0,365,0.0
Idaho,2007,Male,White,239,46126,518.1459480553270,365,1.4195779398776100
Idaho,2008,Female,American Indian/Alaska Native,,550,,366,
Idaho,2008,Female,Asian/Pacific Islander,,519,,366,
Idaho,2008,Female,Black,0,94,0.0,366,0.0
Idaho,2008,Female,White,133,50194,264.97190899310700,366,0.7239669644620400
Idaho,2008,Male,American Indian/Alaska Native,,557,,366,
Idaho,2008,Male,Asian/Pacific Islander,,331,,366,
Idaho,2008,Male,Black,0,128,0.0,366,0.0
Idaho,2008,Male,White,208,48841,425.8717061485230,366,1.1635838965806600
Idaho,2009,Female,American Indian/Alaska Native,,580,,365,
Idaho,2009,Female,Asian/Pacific Islander,,534,,365,
Idaho,2009,Female,Black,0,102,0.0,365,0.0
Idaho,2009,Female,White,107,52798,202.65919163604700,365,0.5552306620165670
Idaho,2009,Male,American Indian/Alaska Native,,562,,365,
Idaho,2009,Male,Asian/Pacific Islander,0,367,0.0,365,0.0
Idaho,2009,Male,Black,0,129,0.0,365,0.0
Idaho,2009,Male,White,246,51061,481.7766984587060,365,1.3199361601608400
Idaho,2010,Female,American Indian/Alaska Native,,599,,365,
Idaho,2010,Female,Asian/Pacific Islander,,568,,365,
Idaho,2010,Female,Black,,103,,365,
Idaho,2010,Female,White,133,54468,244.18006903135800,365,0.6689864904968710
Idaho,2010,Male,American Indian/Alaska Native,,593,,365,
Idaho,2010,Male,Asian/Pacific Islander,,395,,365,
Idaho,2010,Male,Black,,138,,365,
Idaho,2010,Male,White,260,52670,493.6396430605660,365,1.3524373782481300
Idaho,2011,Female,American Indian/Alaska Native,,665,,365,
Idaho,2011,Female,Asian/Pacific Islander,,612,,365,
Idaho,2011,Female,Black,0,118,0.0,365,0.0
Idaho,2011,Female,White,122,57087,213.70890045019000,365,0.5855038368498360
Idaho,2011,Male,American Indian/Alaska Native,,637,,365,
Idaho,2011,Male,Asian/Pacific Islander,0,430,0.0,365,0.0
Idaho,2011,Male,Black,0,156,0.0,365,0.0
Idaho,2011,Male,White,262,55301,473.77081788756100,365,1.2980022407878400
Idaho,2012,Female,American Indian/Alaska Native,0,743,0.0,366,0.0
Idaho,2012,Female,Asian/Pacific Islander,,662,,366,
Idaho,2012,Female,Black,,128,,366,
Idaho,2012,Female,White,131,61084,214.45877807609200,366,0.5859529455630930
Idaho,2012,Male,American Indian/Alaska Native,,676,,366,
Idaho,2012,Male,Asian/Pacific Islander,0,472,0.0,366,0.0
Idaho,2012,Male,Black,0,185,0.0,366,0.0
Idaho,2012,Male,White,278,59393,468.068627616049,366,1.278876031737840
Idaho,2013,Female,American Indian/Alaska Native,,794,,365,
Idaho,2013,Female,Asian/Pacific Islander,,761,,365,
Idaho,2013,Female,Black,,138,,365,
Idaho,2013,Female,White,139,64900,214.17565485362100,365,0.5867826160373180
Idaho,2013,Male,American Indian/Alaska Native,,714,,365,
Idaho,2013,Male,Asian/Pacific Islander,0,530,0.0,365,0.0
Idaho,2013,Male,Black,,219,,365,
Idaho,2013,Male,White,271,63155,429.1030005541920,365,1.175624659052580
Idaho,2014,Female,American Indian/Alaska Native,,835,,365,
Idaho,2014,Female,Asian/Pacific Islander,,845,,365,
Idaho,2014,Female,Black,0,158,0.0,365,0.0
Idaho,2014,Female,White,147,68638,214.16707946035700,365,0.5867591218091980
Idaho,2014,Male,American Indian/Alaska Native,,775,,365,
Idaho,2014,Male,Asian/Pacific Islander,0,564,0.0,365,0.0
Idaho,2014,Male,Black,,242,,365,
Idaho,2014,Male,White,276,66636,414.19052764271600,365,1.1347685688841500
Idaho,2015,Female,American Indian/Alaska Native,,879,,365,
Idaho,2015,Female,Asian/Pacific Islander,,947,,365,
Idaho,2015,Female,Black,,196,,365,
Idaho,2015,Female,White,151,72147,209.2949117773440,365,0.5734107171982010
Idaho,2015,Male,American Indian/Alaska Native,0,840,0.0,365,0.0
Idaho,2015,Male,Asian/Pacific Islander,,635,,365,
Idaho,2015,Male,Black,0,263,0.0,365,0.0
Idaho,2015,Male,White,285,69837,408.0931311482450,365,1.118063373008890
Idaho,2016,Female,American Indian/Alaska Native,,963,,366,
Idaho,2016,Female,Asian/Pacific Islander,,1092,,366,
Idaho,2016,Female,Black,,209,,366,
Idaho,2016,Female,White,168,76166,220.57085838825700,366,0.6026526185471510
Idaho,2016,Male,American Indian/Alaska Native,,934,,366,
Idaho,2016,Male,Asian/Pacific Islander,,687,,366,
Idaho,2016,Male,Black,0,296,0.0,366,0.0
Idaho,2016,Male,White,339,73393,461.8969111495650,366,1.2620134184414300
Idaho,2017,Female,American Indian/Alaska Native,,1025,,365,
Idaho,2017,Female,Asian/Pacific Islander,,1157,,365,
Idaho,2017,Female,Black,,229,,365,
Idaho,2017,Female,White,165,79804,206.7565535562130,365,0.5664563111129120
Idaho,2017,Male,American Indian/Alaska Native,,959,,365,
Idaho,2017,Male,Asian/Pacific Islander,,738,,365,
Idaho,2017,Male,Black,0,325,0.0,365,0.0
Idaho,2017,Male,White,368,76615,480.32369640409800,365,1.3159553326139700
Idaho,2018,Female,American Indian/Alaska Native,,1100,,365,
Idaho,2018,Female,Asian/Pacific Islander,,1266,,365,
Idaho,2018,Female,Black,0,263,0.0,365,0.0
Idaho,2018,Female,White,170,83358,203.93963386837500,365,0.5587387229270550
Idaho,2018,Male,American Indian/Alaska Native,,1033,,365,
Idaho,2018,Male,Asian/Pacific Islander,,875,,365,
Idaho,2018,Male,Black,,366,,365,
Idaho,2018,Male,White,370,79980,462.6156539134780,365,1.26744014770816
Idaho,2019,Female,American Indian/Alaska Native,,1188,,365,
Idaho,2019,Female,Asian/Pacific Islander,0,1329,0.0,365,0.0
Idaho,2019,Female,Black,0,277,0.0,365,0.0
Idaho,2019,Female,White,175,87082,200.96001469879000,365,0.5505753827364100
Idaho,2019,Male,American Indian/Alaska Native,,1080,,365,
Idaho,2019,Male,Asian/Pacific Islander,,904,,365,
Idaho,2019,Male,Black,,402,,365,
Idaho,2019,Male,White,344,83604,411.46356633653900,365,1.1272974420179100
Idaho,2020,Female,American Indian/Alaska Native,,1277,,366,
Idaho,2020,Female,Asian/Pacific Islander,,1417,,366,
Idaho,2020,Female,Black,,314,,366,
Idaho,2020,Female,White,191,92405,206.69877171148700,366,0.5647507423811130
Idaho,2020,Male,American Indian/Alaska Native,,1167,,366,
Idaho,2020,Male,Asian/Pacific Islander,,1012,,366,
Idaho,2020,Male,Black,,441,,366,
Idaho,2020,Male,White,366,87909,416.33962392929100,366,1.1375399560909600
Idaho,2021,Female,American Indian/Alaska Native,,1214,,365,
Idaho,2021,Female,Asian/Pacific Islander,0,1353,0.0,365,0.0
Idaho,2021,Female,Black,0,294,0.0,365,0.0
Idaho,2021,Female,White,240,96300,249.22118380062300,365,0.6827977638373240
Idaho,2021,Male,American Indian/Alaska Native,,1139,,365,
Idaho,2021,Male,Asian/Pacific Islander,,958,,365,
Idaho,2021,Male,Black,0,444,0.0,365,0.0
Idaho,2021,Male,White,420,93165,450.81307357913400,365,1.2351043111757100
Idaho,2022,Female,American Indian/Alaska Native,,1237,,365,
Idaho,2022,Female,Asian/Pacific Islander,0,1422,0.0,365,0.0
Idaho,2022,Female,Black,,335,,365,
Idaho,2022,Female,White,228,97490,233.87014052723400,365,0.6407401110335170
Idaho,2022,Male,American Indian/Alaska Native,,1187,,365,
Idaho,2022,Male,Asian/Pacific Islander,,987,,365,
Idaho,2022,Male,Black,,513,,365,
Idaho,2022,Male,White,407,93628,434.6990216601870,365,1.19095622372654
Idaho,2023,Female,American Indian/Alaska Native,,1298,,365,
Idaho,2023,Female,Asian/Pacific Islander,0,119,0.0,365,0.0
Idaho,2023,Female,Black,,390,,365,
Idaho,2023,Female,White,211,100483,209.9857687370000,365,0.5753034759917820
Idaho,2023,Male,American Indian/Alaska Native,,1254,,365,
Idaho,2023,Male,Asian/Pacific Islander,0,123,0.0,365,0.0
Idaho,2023,Male,Black,,551,,365,
Idaho,2023,Male,White,386,95789,402.9690256710060,365,1.1040247278657700
Idaho,2024,Female,American Indian/Alaska Native,,1378,,366,
Idaho,2024,Female,Asian/Pacific Islander,,1594,,366,
Idaho,2024,Female,Black,,418,,366,
Idaho,2024,Female,White,191,103302,184.89477454453900,366,0.505176979629889
Idaho,2024,Male,American Indian/Alaska Native,,1291,,366,
Idaho,2024,Male,Asian/Pacific Islander,,1064,,366,
Idaho,2024,Male,Black,,573,,366,
Idaho,2024,Male,White,430,97975,438.88747129369700,366,1.1991460964308700
Idaho,2025,Female,American Indian/Alaska Native,,1378,,365,
Idaho,2025,Female,Asian/Pacific Islander,0,124,0.0,365,0.0
Idaho,2025,Female,Black,0,418,0.0,365,0.0
Idaho,2025,Female,White,187,103302,181.02263266926100,365,0.49595241827194800
Idaho,2025,Male,American Indian/Alaska Native,,1291,,365,
Idaho,2025,Male,Asian/Pacific Islander,0,138,0.0,365,0.0
Idaho,2025,Male,Black,,573,,365,
Idaho,2025,Male,White,425,97975,433.7841286042360,365,1.188449667408870
Illinois,1999,Female,American Indian/Alaska Native,,564,,365,
Illinois,1999,Female,Asian/Pacific Islander,17,9468,179.5521757498940,365,0.49192376917779300
Illinois,1999,Female,Black,503,55200,911.231884057971,365,2.496525709747870
Illinois,1999,Female,White,1730,367609,470.6087174144270,365,1.289338951820350
Illinois,1999,Male,American Indian/Alaska Native,,453,,365,
Illinois,1999,Male,Asian/Pacific Islander,31,7503,413.1680661068910,365,1.1319673044024400
Illinois,1999,Male,Black,580,38745,1496.9673506258900,365,4.101280412673660
Illinois,1999,Male,White,2961,298534,991.8468248172740,365,2.7173885611432200
Illinois,2000,Female,American Indian/Alaska Native,,679,,366,
Illinois,2000,Female,Asian/Pacific Islander,21,9891,212.31422505307900,366,0.5800935110739850
Illinois,2000,Female,Black,426,55481,767.8304284349600,366,2.0978973454507100
Illinois,2000,Female,White,1684,362475,464.58376439754500,366,1.269354547534280
Illinois,2000,Male,American Indian/Alaska Native,,522,,366,
Illinois,2000,Male,Asian/Pacific Islander,36,7845,458.89101338432100,366,1.2538005830172700
Illinois,2000,Male,Black,503,38881,1293.6910058897700,366,3.5346748794802400
Illinois,2000,Male,White,2632,296473,887.7705558347640,366,2.4256026115703900
Illinois,2001,Female,American Indian/Alaska Native,,724,,365,
Illinois,2001,Female,Asian/Pacific Islander,26,10678,243.49129050384000,365,0.6670994260379170
Illinois,2001,Female,Black,444,56083,791.6837544353900,365,2.16899658749422
Illinois,2001,Female,White,1529,355539,430.05127426245800,365,1.1782226692122100
Illinois,2001,Male,American Indian/Alaska Native,,574,,365,
Illinois,2001,Male,Asian/Pacific Islander,34,8491,400.42397832999600,365,1.0970519954246500
Illinois,2001,Male,Black,499,39576,1260.8651708105900,365,3.4544251255084700
Illinois,2001,Male,White,2399,293108,818.4696425890800,365,2.242382582435840
Illinois,2002,Female,American Indian/Alaska Native,,790,,365,
Illinois,2002,Female,Asian/Pacific Islander,25,11188,223.4537003932790,365,0.6122019188856950
Illinois,2002,Female,Black,427,56302,758.4100031970450,365,2.077835625197380
Illinois,2002,Female,White,1459,349657,417.2660635994700,365,1.1431946947930700
Illinois,2002,Male,American Indian/Alaska Native,,632,,365,
Illinois,2002,Male,Asian/Pacific Islander,32,9159,349.38312042799400,365,0.9572140285698480
Illinois,2002,Male,Black,509,39792,1279.1515882589500,365,3.5045248993395800
Illinois,2002,Male,White,2350,290832,808.0266270561700,365,2.2137715809758100
Illinois,2003,Female,American Indian/Alaska Native,0,842,0.0,365,0.0
Illinois,2003,Female,Asian/Pacific Islander,25,11890,210.26072329688800,365,0.5760567761558580
Illinois,2003,Female,Black,427,57112,747.6537330158290,365,2.048366391824190
Illinois,2003,Female,White,1330,347657,382.5609724527340,365,1.0481122532951600
Illinois,2003,Male,American Indian/Alaska Native,,659,,365,
Illinois,2003,Male,Asian/Pacific Islander,28,9918,282.31498285944700,365,0.7734657064642400
Illinois,2003,Male,Black,537,40458,1327.3023876612800,365,3.6364448977021300
Illinois,2003,Male,White,2255,290759,775.5563886242560,365,2.124812023628100
Illinois,2004,Female,American Indian/Alaska Native,,904,,366,
Illinois,2004,Female,Asian/Pacific Islander,24,12650,189.72332015810300,366,0.5183697272079310
Illinois,2004,Female,Black,403,57592,699.7499652729550,366,1.9118851510190000
Illinois,2004,Female,White,1296,347005,373.48165012031500,366,1.0204416669954000
Illinois,2004,Male,American Indian/Alaska Native,,731,,366,
Illinois,2004,Male,Asian/Pacific Islander,47,10773,436.2758748723660,366,1.1920105870829700
Illinois,2004,Male,Black,404,40673,993.2879305681900,366,2.713901449639860
Illinois,2004,Male,White,2049,291300,703.3985581874360,366,1.9218539841186800
Illinois,2005,Female,American Indian/Alaska Native,,997,,365,
Illinois,2005,Female,Asian/Pacific Islander,24,13501,177.76461002888700,365,0.48702632884626500
Illinois,2005,Female,Black,369,58140,634.6749226006190,365,1.738835404385260
Illinois,2005,Female,White,1214,344970,351.9146592457320,365,0.9641497513581690
Illinois,2005,Male,American Indian/Alaska Native,,793,,365,
Illinois,2005,Male,Asian/Pacific Islander,47,11672,402.67306374228900,365,1.103213873266550
Illinois,2005,Male,Black,438,41150,1064.3985419198100,365,2.9161603888213900
Illinois,2005,Male,White,1943,291131,667.3971511106680,365,1.8284853455086800
Illinois,2006,Female,American Indian/Alaska Native,,1039,,365,
Illinois,2006,Female,Asian/Pacific Islander,27,14508,186.10421836228300,365,0.5098745708555700
Illinois,2006,Female,Black,341,58532,582.5873026720430,365,1.5961295963617600
Illinois,2006,Female,White,1107,344560,321.27931274669100,365,0.880217295196415
Illinois,2006,Male,American Indian/Alaska Native,,851,,365,
Illinois,2006,Male,Asian/Pacific Islander,46,12722,361.5783681811040,365,0.9906256662495990
Illinois,2006,Male,Black,448,41506,1079.362019948920,365,2.9571562190381500
Illinois,2006,Male,White,1868,292682,638.2353544119560,365,1.7485900120875500
Illinois,2007,Female,American Indian/Alaska Native,,1117,,365,
Illinois,2007,Female,Asian/Pacific Islander,16,15513,103.13930252046700,365,0.28257343156292300
Illinois,2007,Female,Black,325,59602,545.2837153115670,365,1.4939279871549800
Illinois,2007,Female,White,996,350577,284.1030643767280,365,0.7783645599362400
Illinois,2007,Male,American Indian/Alaska Native,,908,,365,
Illinois,2007,Male,Asian/Pacific Islander,28,13729,203.9478476218220,365,0.5587612263611570
Illinois,2007,Male,Black,484,42177,1147.54487042701,365,3.143958549115100
Illinois,2007,Male,White,1816,300114,605.1033940435970,365,1.6578175179276600
Illinois,2008,Female,American Indian/Alaska Native,0,1201,0.0,366,0.0
Illinois,2008,Female,Asian/Pacific Islander,35,16490,212.24984839296500,366,0.5799176185600150
Illinois,2008,Female,Black,313,60753,515.2008954290320,366,1.4076527197514500
Illinois,2008,Female,White,1095,362635,301.956512746977,366,0.8250177943906480
Illinois,2008,Male,American Indian/Alaska Native,,930,,366,
Illinois,2008,Male,Asian/Pacific Islander,49,14762,331.9333423655330,366,0.9069217004522760
Illinois,2008,Male,Black,428,42952,996.4611659526910,366,2.72257149167402
Illinois,2008,Male,White,1861,312268,595.9624425173250,366,1.6283126844735700
Illinois,2009,Female,American Indian/Alaska Native,,1330,,365,
Illinois,2009,Female,Asian/Pacific Islander,30,17729,169.21428168537400,365,0.46360077174075100
Illinois,2009,Female,Black,311,61866,502.6993825364500,365,1.3772585822916400
Illinois,2009,Female,White,1087,372096,292.1289129686960,365,0.8003531862156060
Illinois,2009,Male,American Indian/Alaska Native,,1057,,365,
Illinois,2009,Male,Asian/Pacific Islander,50,15954,313.4010279553720,365,0.8586329533023880
Illinois,2009,Male,Black,429,43882,977.6218039287180,365,2.6784159011745700
Illinois,2009,Male,White,1801,321687,559.8609828808750,365,1.533865706522950
Illinois,2010,Female,American Indian/Alaska Native,,1379,,365,
Illinois,2010,Female,Asian/Pacific Islander,23,18705,122.96177492649000,365,0.33688157514106900
Illinois,2010,Female,Black,325,62656,518.7053115423900,365,1.4211104425818900
Illinois,2010,Female,White,1005,377496,266.2279865217120,365,0.7293917438951
Illinois,2010,Male,American Indian/Alaska Native,,1142,,365,
Illinois,2010,Male,Asian/Pacific Islander,46,16623,276.7250195512240,365,0.7581507384965050
Illinois,2010,Male,Black,424,44494,952.937474715692,365,2.6107876019608
Illinois,2010,Male,White,1814,327040,554.6722113502940,365,1.5196498941103900
Illinois,2011,Female,American Indian/Alaska Native,,1482,,365,
Illinois,2011,Female,Asian/Pacific Islander,21,20219,103.86270339779400,365,0.28455535177477900
Illinois,2011,Female,Black,334,63924,522.4954633627430,365,1.431494420171900
Illinois,2011,Female,White,1041,385954,269.72126211932000,365,0.7389623619707400
Illinois,2011,Male,American Indian/Alaska Native,,1237,,365,
Illinois,2011,Male,Asian/Pacific Islander,34,17966,189.24635422464700,365,0.5184831622593060
Illinois,2011,Male,Black,445,45559,976.7554160539080,365,2.6760422357641300
Illinois,2011,Male,White,1812,336604,538.318023552899,365,1.4748439001449300
Illinois,2012,Female,American Indian/Alaska Native,0,1616,0.0,366,0.0
Illinois,2012,Female,Asian/Pacific Islander,25,21946,113.91597557641500,366,0.31124583490823700
Illinois,2012,Female,Black,295,66162,445.8752758380940,366,1.2182384585740300
Illinois,2012,Female,White,1043,407812,255.75510284150500,366,0.6987844339931840
Illinois,2012,Male,American Indian/Alaska Native,,1294,,366,
Illinois,2012,Male,Asian/Pacific Islander,45,19557,230.09664058904700,366,0.6286793458717140
Illinois,2012,Male,Black,460,47321,972.0842754802310,366,2.6559679657929800
Illinois,2012,Male,White,1883,357791,526.2848981668070,366,1.4379368802371800
Illinois,2013,Female,American Indian/Alaska Native,,1706,,365,
Illinois,2013,Female,Asian/Pacific Islander,22,23708,92.79568078285810,365,0.25423474187084400
Illinois,2013,Female,Black,319,68839,463.4001074972040,365,1.2695893356087800
Illinois,2013,Female,White,1030,424055,242.8930209524710,365,0.6654603313766320
Illinois,2013,Male,American Indian/Alaska Native,,1433,,365,
Illinois,2013,Male,Asian/Pacific Islander,52,21063,246.8784123819020,365,0.6763792120052110
Illinois,2013,Male,Black,434,49049,884.8294562580280,365,2.4241902911178800
Illinois,2013,Male,White,1949,374926,519.835914287086,365,1.4242079843481800
Illinois,2014,Female,American Indian/Alaska Native,,1840,,365,
Illinois,2014,Female,Asian/Pacific Islander,35,25588,136.78286696889200,365,0.3747475807366900
Illinois,2014,Female,Black,358,71664,499.5534717570890,365,1.368639648649560
Illinois,2014,Female,White,1218,438503,277.76320800541800,365,0.7609950904258040
Illinois,2014,Male,American Indian/Alaska Native,,1582,,365,
Illinois,2014,Male,Asian/Pacific Islander,57,22629,251.88916876574300,365,0.6901073116869670
Illinois,2014,Male,Black,509,50856,1000.8651879817500,365,2.7420964054294600
Illinois,2014,Male,White,2029,389460,520.977764083603,365,1.4273363399550800
Illinois,2015,Female,American Indian/Alaska Native,,1928,,365,
Illinois,2015,Female,Asian/Pacific Islander,33,27621,119.47431302270000,365,0.32732688499369900
Illinois,2015,Female,Black,376,74805,502.64019784773700,365,1.3770964324595500
Illinois,2015,Female,White,1176,452068,260.1378553668920,365,0.7127064530599770
Illinois,2015,Male,American Indian/Alaska Native,,1672,,365,
Illinois,2015,Male,Asian/Pacific Islander,66,24100,273.8589211618260,365,0.7502984141419880
Illinois,2015,Male,Black,481,52822,910.6054295558670,365,2.494809396043470
Illinois,2015,Male,White,2141,403813,530.1959075116450,365,1.452591527429170
Illinois,2016,Female,American Indian/Alaska Native,,2129,,366,
Illinois,2016,Female,Asian/Pacific Islander,31,28529,108.6613621227520,366,0.2968889675485040
Illinois,2016,Female,Black,376,77395,485.8194973835520,366,1.327375675911340
Illinois,2016,Female,White,1153,466490,247.16499817788200,366,0.6753142026718080
Illinois,2016,Male,American Indian/Alaska Native,,1796,,366,
Illinois,2016,Male,Asian/Pacific Islander,50,24395,204.96003279360500,366,0.5600000896000140
Illinois,2016,Male,Black,498,54414,915.2056456059100,366,2.500561873240190
Illinois,2016,Male,White,2191,417695,524.545421898754,366,1.4331842128381300
Illinois,2017,Female,American Indian/Alaska Native,,2309,,365,
Illinois,2017,Female,Asian/Pacific Islander,30,30744,97.5800156128025,365,0.267342508528226
Illinois,2017,Female,Black,387,80319,481.82870802674300,365,1.3200786521280600
Illinois,2017,Female,White,1269,484024,262.17708212815900,365,0.7182933756935860
Illinois,2017,Male,American Indian/Alaska Native,,1989,,365,
Illinois,2017,Male,Asian/Pacific Islander,55,25861,212.6754572522330,365,0.5826724856225560
Illinois,2017,Male,Black,537,56703,947.0398391619490,365,2.594629696334110
Illinois,2017,Male,White,2322,435040,533.7440235380650,365,1.462312393254970
Illinois,2018,Female,American Indian/Alaska Native,,2403,,365,
Illinois,2018,Female,Asian/Pacific Islander,32,32287,99.11109734568090,365,0.27153725300186600
Illinois,2018,Female,Black,391,82453,474.20954968285000,365,1.2992042457064400
Illinois,2018,Female,White,1205,493222,244.31189200806100,365,0.6693476493371540
Illinois,2018,Male,American Indian/Alaska Native,,2163,,365,
Illinois,2018,Male,Asian/Pacific Islander,51,26630,191.5133308298910,365,0.5246940570681950
Illinois,2018,Male,Black,553,58062,952.4301608625260,365,2.6093977009932200
Illinois,2018,Male,White,2333,445033,524.2307873798120,365,1.4362487325474300
Illinois,2019,Female,American Indian/Alaska Native,,2496,,365,
Illinois,2019,Female,Asian/Pacific Islander,47,33791,139.09029031398900,365,0.38106928853147700
Illinois,2019,Female,Black,388,85600,453.27102803738300,365,1.2418384329791300
Illinois,2019,Female,White,1241,506334,245.09513483194900,365,0.671493520087531
Illinois,2019,Male,American Indian/Alaska Native,,2290,,365,
Illinois,2019,Male,Asian/Pacific Islander,70,27349,255.95085743537200,365,0.7012352258503350
Illinois,2019,Male,Black,611,59962,1018.9786865014500,365,2.791722428771100
Illinois,2019,Male,White,2363,458211,515.701281723922,365,1.412880223901160
Illinois,2020,Female,American Indian/Alaska Native,,2639,,366,
Illinois,2020,Female,Asian/Pacific Islander,42,34921,120.27146988917800,366,0.3286105734677010
Illinois,2020,Female,Black,496,89051,556.9842000651310,366,1.521814754276320
Illinois,2020,Female,White,1403,520928,269.32704711591600,366,0.7358662489505910
Illinois,2020,Male,American Indian/Alaska Native,,2470,,366,
Illinois,2020,Male,Asian/Pacific Islander,79,28250,279.6460176991150,366,0.7640601576478550
Illinois,2020,Male,Black,730,61907,1179.1881370442800,366,3.2218255110499300
Illinois,2020,Male,White,2638,471575,559.4020039230240,366,1.528420775745970
Illinois,2021,Female,American Indian/Alaska Native,,2346,,365,
Illinois,2021,Female,Asian/Pacific Islander,30,34930,85.88605782994560,365,0.23530426802724800
Illinois,2021,Female,Black,501,91183,549.4445236502420,365,1.5053274620554600
Illinois,2021,Female,White,1377,532797,258.4474011677990,365,0.7080750716926010
Illinois,2021,Male,American Indian/Alaska Native,,2386,,365,
Illinois,2021,Male,Asian/Pacific Islander,54,28595,188.84420353208600,365,0.5173813795399620
Illinois,2021,Male,Black,700,64551,1084.4138743009400,365,2.970996915892990
Illinois,2021,Male,White,2670,493423,541.1178643881620,365,1.4825146969538700
Illinois,2022,Female,American Indian/Alaska Native,,2467,,365,
Illinois,2022,Female,Asian/Pacific Islander,38,35544,106.9097456673420,365,0.292903412787238
Illinois,2022,Female,Black,467,92764,503.4280539864600,365,1.3792549424286600
Illinois,2022,Female,White,1357,531436,255.3458930143990,365,0.6995777890805450
Illinois,2022,Male,American Indian/Alaska Native,,2494,,365,
Illinois,2022,Male,Asian/Pacific Islander,91,29070,313.0374957000340,365,0.8576369745206420
Illinois,2022,Male,Black,799,64735,1234.2627635745700,365,3.3815418180125300
Illinois,2022,Male,White,2677,492735,543.2940627314890,365,1.488476884195860
Illinois,2023,Female,American Indian/Alaska Native,0,2647,0.0,365,0.0
Illinois,2023,Female,Asian/Pacific Islander,39,36443,107.01643662706100,365,0.29319571678647000
Illinois,2023,Female,Black,445,95042,468.21405273458000,365,1.2827782266700800
Illinois,2023,Female,White,1352,543331,248.83542444660800,365,0.6817408888948170
Illinois,2023,Male,American Indian/Alaska Native,,2660,,365,
Illinois,2023,Male,Asian/Pacific Islander,71,29789,238.3430125214010,365,0.6529945548531520
Illinois,2023,Male,Black,740,67406,1097.8251194255700,365,3.0077400532207400
Illinois,2023,Male,White,2556,504148,506.99397795885300,365,1.3890245971475400
Illinois,2024,Female,American Indian/Alaska Native,,2783,,366,
Illinois,2024,Female,Asian/Pacific Islander,33,38119,86.57100133791550,366,0.23653279054075300
Illinois,2024,Female,Black,482,97112,496.334129664717,366,1.356104179411800
Illinois,2024,Female,White,1364,552437,246.90598203958100,366,0.674606508304866
Illinois,2024,Male,American Indian/Alaska Native,,2814,,366,
Illinois,2024,Male,Asian/Pacific Islander,59,30796,191.5833225094170,366,0.5234517008454010
Illinois,2024,Male,Black,714,68859,1036.901494358040,366,2.833064192235070
Illinois,2024,Male,White,2533,514102,492.7037825178660,366,1.3461851981362500
Illinois,2025,Female,American Indian/Alaska Native,,2783,,365,
Illinois,2025,Female,Asian/Pacific Islander,33,38119,86.57100133791550,365,0.23718082558333000
Illinois,2025,Female,Black,500,97112,514.869429112777,365,1.4106011756514400
Illinois,2025,Female,White,1385,552437,250.70732047274200,365,0.6868693711581960
Illinois,2025,Male,American Indian/Alaska Native,,2814,,365,
Illinois,2025,Male,Asian/Pacific Islander,60,30796,194.83049746720400,365,0.5337821848416540
Illinois,2025,Male,Black,762,68859,1106.6091578442900,365,3.0318059119021700
Illinois,2025,Male,White,2505,514102,487.25739250187700,365,1.3349517602791200
Indiana,1999,Female,American Indian/Alaska Native,,240,,365,
Indiana,1999,Female,Asian/Pacific Islander,0,939,0.0,365,0.0
Indiana,1999,Female,Black,120,14484,828.5004142502070,365,2.2698641486307000
Indiana,1999,Female,White,1177,204575,575.3391176830010,365,1.576271555295890
Indiana,1999,Male,American Indian/Alaska Native,,212,,365,
Indiana,1999,Male,Asian/Pacific Islander,,668,,365,
Indiana,1999,Male,Black,145,10695,1355.7737260402100,365,3.7144485644937100
Indiana,1999,Male,White,1703,165267,1030.453750597520,365,2.823160960541150
Indiana,2000,Female,American Indian/Alaska Native,,308,,366,
Indiana,2000,Female,Asian/Pacific Islander,,1137,,366,
Indiana,2000,Female,Black,130,14506,896.1808906659310,366,2.448581668486150
Indiana,2000,Female,White,1073,202590,529.6411471444790,366,1.4471069594111400
Indiana,2000,Male,American Indian/Alaska Native,,281,,366,
Indiana,2000,Male,Asian/Pacific Islander,,779,,366,
Indiana,2000,Male,Black,144,10679,1348.4408652495600,366,3.6842646591517900
Indiana,2000,Male,White,1545,165113,935.7228080163280,366,2.556619694033680
Indiana,2001,Female,American Indian/Alaska Native,,320,,365,
Indiana,2001,Female,Asian/Pacific Islander,,1256,,365,
Indiana,2001,Female,Black,108,14600,739.7260273972600,365,2.026646650403450
Indiana,2001,Female,White,936,199991,468.0210609477430,365,1.2822494820486100
Indiana,2001,Male,American Indian/Alaska Native,,279,,365,
Indiana,2001,Male,Asian/Pacific Islander,,860,,365,
Indiana,2001,Male,Black,151,10756,1403.8676087765000,365,3.846212626784920
Indiana,2001,Male,White,1446,164964,876.5548847021170,365,2.401520232060590
Indiana,2002,Female,American Indian/Alaska Native,,328,,365,
Indiana,2002,Female,Asian/Pacific Islander,,1290,,365,
Indiana,2002,Female,Black,104,14561,714.2366595700840,365,1.9568127659454400
Indiana,2002,Female,White,929,198084,468.9929524848040,365,1.2849121985885100
Indiana,2002,Male,American Indian/Alaska Native,,307,,365,
Indiana,2002,Male,Asian/Pacific Islander,,980,,365,
Indiana,2002,Male,Black,115,10610,1083.8831291234700,365,2.969542819516350
Indiana,2002,Male,White,1472,164419,895.2736605866720,365,2.4528045495525300
Indiana,2003,Female,American Indian/Alaska Native,,341,,365,
Indiana,2003,Female,Asian/Pacific Islander,,1387,,365,
Indiana,2003,Female,Black,119,14749,806.8343616516370,365,2.2105051004154500
Indiana,2003,Female,White,888,197999,448.4871135712810,365,1.2287318180035100
Indiana,2003,Male,American Indian/Alaska Native,,296,,365,
Indiana,2003,Male,Asian/Pacific Islander,,1082,,365,
Indiana,2003,Male,Black,153,10782,1419.0317195325500,365,3.887758135705630
Indiana,2003,Male,White,1397,165404,844.598679596624,365,2.31396898519623
Indiana,2004,Female,American Indian/Alaska Native,,374,,366,
Indiana,2004,Female,Asian/Pacific Islander,,1481,,366,
Indiana,2004,Female,Black,86,14796,581.2381724790480,366,1.5880824384673500
Indiana,2004,Female,White,838,198368,422.4471688982090,366,1.1542272374268000
Indiana,2004,Male,American Indian/Alaska Native,0,338,0.0,366,0.0
Indiana,2004,Male,Asian/Pacific Islander,,1170,,366,
Indiana,2004,Male,Black,122,10864,1122.9749631811500,366,3.0682376043200800
Indiana,2004,Male,White,1259,167079,753.5357525481960,366,2.058840853956820
Indiana,2005,Female,American Indian/Alaska Native,,422,,365,
Indiana,2005,Female,Asian/Pacific Islander,,1555,,365,
Indiana,2005,Female,Black,112,14884,752.4858908895460,365,2.0616051805193000
Indiana,2005,Female,White,848,198954,426.2291786040990,365,1.1677511742578100
Indiana,2005,Male,American Indian/Alaska Native,0,347,0.0,365,0.0
Indiana,2005,Male,Asian/Pacific Islander,,1260,,365,
Indiana,2005,Male,Black,107,11034,969.7299256842490,365,2.656794316943150
Indiana,2005,Male,White,1199,169148,708.8466904722490,365,1.9420457273212300
Indiana,2006,Female,American Indian/Alaska Native,,454,,365,
Indiana,2006,Female,Asian/Pacific Islander,,1665,,365,
Indiana,2006,Female,Black,80,15233,525.1756055931200,365,1.4388372755975900
Indiana,2006,Female,White,786,201772,389.5485994092340,365,1.067256436737630
Indiana,2006,Male,American Indian/Alaska Native,,357,,365,
Indiana,2006,Male,Asian/Pacific Islander,,1394,,365,
Indiana,2006,Male,Black,140,11268,1242.4565140220100,365,3.4039904493753700
Indiana,2006,Male,White,1270,172801,734.9494505240130,365,2.013560138421950
Indiana,2007,Female,American Indian/Alaska Native,,479,,365,
Indiana,2007,Female,Asian/Pacific Islander,,1744,,365,
Indiana,2007,Female,Black,75,15452,485.3740616101480,365,1.3297919496168400
Indiana,2007,Female,White,723,206251,350.54375493937,365,0.9603938491489590
Indiana,2007,Male,American Indian/Alaska Native,0,373,0.0,365,0.0
Indiana,2007,Male,Asian/Pacific Islander,,1534,,365,
Indiana,2007,Male,Black,102,11490,887.7284595300260,365,2.432132765835690
Indiana,2007,Male,White,1168,177631,657.5428838434730,365,1.8014873529958200
Indiana,2008,Female,American Indian/Alaska Native,,510,,366,
Indiana,2008,Female,Asian/Pacific Islander,,1879,,366,
Indiana,2008,Female,Black,69,15890,434.235368156073,366,1.186435432120420
Indiana,2008,Female,White,664,213137,311.5367111294610,366,0.8511931998072710
Indiana,2008,Male,American Indian/Alaska Native,0,424,0.0,366,0.0
Indiana,2008,Male,Asian/Pacific Islander,,1618,,366,
Indiana,2008,Male,Black,107,11835,904.0980143641740,366,2.4702131540004800
Indiana,2008,Male,White,1147,185317,618.9394389073860,366,1.6910913631349300
Indiana,2009,Female,American Indian/Alaska Native,0,547,0.0,365,0.0
Indiana,2009,Female,Asian/Pacific Islander,,2067,,365,
Indiana,2009,Female,Black,76,16104,471.93243914555400,365,1.2929655867001500
Indiana,2009,Female,White,704,219185,321.1898624449670,365,0.8799722258766210
Indiana,2009,Male,American Indian/Alaska Native,0,475,0.0,365,0.0
Indiana,2009,Male,Asian/Pacific Islander,,1725,,365,
Indiana,2009,Male,Black,112,12074,927.6130528408150,365,2.5414056242214100
Indiana,2009,Male,White,1179,191317,616.2546977006750,365,1.6883690347963700
Indiana,2010,Female,American Indian/Alaska Native,0,578,0.0,365,0.0
Indiana,2010,Female,Asian/Pacific Islander,,2178,,365,
Indiana,2010,Female,Black,71,16406,432.76849932951400,365,1.1856671214507200
Indiana,2010,Female,White,709,222993,317.9472001363270,365,0.8710882195515810
Indiana,2010,Male,American Indian/Alaska Native,,502,,365,
Indiana,2010,Male,Asian/Pacific Islander,,1810,,365,
Indiana,2010,Male,Black,104,12316,844.4300097434230,365,2.3135068760093800
Indiana,2010,Male,White,1177,195552,601.8859433807890,365,1.6490025846049000
Indiana,2011,Female,American Indian/Alaska Native,,658,,365,
Indiana,2011,Female,Asian/Pacific Islander,,2395,,365,
Indiana,2011,Female,Black,87,16845,516.473731077471,365,1.4149965234999200
Indiana,2011,Female,White,705,228336,308.75551818372900,365,0.845905529270491
Indiana,2011,Male,American Indian/Alaska Native,,542,,365,
Indiana,2011,Male,Asian/Pacific Islander,,1985,,365,
Indiana,2011,Male,Black,96,12781,751.1149362334720,365,2.0578491403656800
Indiana,2011,Male,White,1194,201247,593.3007697009150,365,1.6254815608244200
Indiana,2012,Female,American Indian/Alaska Native,0,706,0.0,366,0.0
Indiana,2012,Female,Asian/Pacific Islander,,2653,,366,
Indiana,2012,Female,Black,86,17650,487.25212464589200,366,1.3312899580488900
Indiana,2012,Female,White,786,242274,324.42606305257700,366,0.8864100083403740
Indiana,2012,Male,American Indian/Alaska Native,,613,,366,
Indiana,2012,Male,Asian/Pacific Islander,,2223,,366,
Indiana,2012,Male,Black,119,13296,895.0060168471720,366,2.445371630729980
Indiana,2012,Male,White,1238,214139,578.1291590975950,366,1.579587866386870
Indiana,2013,Female,American Indian/Alaska Native,,758,,365,
Indiana,2013,Female,Asian/Pacific Islander,,2861,,365,
Indiana,2013,Female,Black,74,18472,400.606323083586,365,1.0975515700920200
Indiana,2013,Female,White,778,251932,308.8134893542700,365,0.8460643543952610
Indiana,2013,Male,American Indian/Alaska Native,,710,,365,
Indiana,2013,Male,Asian/Pacific Islander,,2375,,365,
Indiana,2013,Male,Black,97,13970,694.3450250536870,365,1.9023151371333900
Indiana,2013,Male,White,1288,223445,576.4282038085440,365,1.5792553529001200
Indiana,2014,Female,American Indian/Alaska Native,,806,,365,
Indiana,2014,Female,Asian/Pacific Islander,,3134,,365,
Indiana,2014,Female,Black,83,19427,427.2404385648840,365,1.1705217494928300
Indiana,2014,Female,White,749,262025,285.850586776071,365,0.7831522925371810
Indiana,2014,Male,American Indian/Alaska Native,0,758,0.0,365,0.0
Indiana,2014,Male,Asian/Pacific Islander,,2573,,365,
Indiana,2014,Male,Black,116,14630,792.8913192071090,365,2.172304984129070
Indiana,2014,Male,White,1317,232758,565.8237310855050,365,1.5502020029739900
Indiana,2015,Female,American Indian/Alaska Native,0,870,0.0,365,0.0
Indiana,2015,Female,Asian/Pacific Islander,,3377,,365,
Indiana,2015,Female,Black,111,20460,542.5219941348970,365,1.486361627766840
Indiana,2015,Female,White,820,271318,302.22838145644600,365,0.8280229628943720
Indiana,2015,Male,American Indian/Alaska Native,,835,,365,
Indiana,2015,Male,Asian/Pacific Islander,,2775,,365,
Indiana,2015,Male,Black,119,15404,772.5266164632560,365,2.1165112779815200
Indiana,2015,Male,White,1412,241653,584.3089057450150,365,1.6008463171096300
Indiana,2016,Female,American Indian/Alaska Native,,946,,366,
Indiana,2016,Female,Asian/Pacific Islander,,3766,,366,
Indiana,2016,Female,Black,101,21484,470.11729659281300,366,1.284473487958510
Indiana,2016,Female,White,831,280159,296.6172780456810,366,0.8104297214362870
Indiana,2016,Male,American Indian/Alaska Native,,909,,366,
Indiana,2016,Male,Asian/Pacific Islander,,2947,,366,
Indiana,2016,Male,Black,137,16181,846.672022742723,366,2.3133115375484200
Indiana,2016,Male,White,1427,249986,570.831966590129,366,1.5596501819402400
Indiana,2017,Female,American Indian/Alaska Native,0,1008,0.0,365,0.0
Indiana,2017,Female,Asian/Pacific Islander,,4080,,365,
Indiana,2017,Female,Black,124,22522,550.5727732883400,365,1.508418556954360
Indiana,2017,Female,White,893,290327,307.58420677374100,365,0.8426964569143600
Indiana,2017,Male,American Indian/Alaska Native,,945,,365,
Indiana,2017,Male,Asian/Pacific Islander,,3397,,365,
Indiana,2017,Male,Black,146,17083,854.6508224550720,365,2.3415091026166400
Indiana,2017,Male,White,1546,259582,595.5728825573420,365,1.631706527554360
Indiana,2018,Female,American Indian/Alaska Native,,1057,,365,
Indiana,2018,Female,Asian/Pacific Islander,,4337,,365,
Indiana,2018,Female,Black,107,23429,456.69896282385100,365,1.2512300351338400
Indiana,2018,Female,White,887,297877,297.77391339378300,365,0.8158189408048860
Indiana,2018,Male,American Indian/Alaska Native,,1001,,365,
Indiana,2018,Male,Asian/Pacific Islander,10,3623,276.0143527463430,365,0.7562037061543640
Indiana,2018,Male,Black,144,17919,803.616273229533,365,2.2016884198069400
Indiana,2018,Male,White,1601,266338,601.1158753163270,365,1.6468928090858300
Indiana,2019,Female,American Indian/Alaska Native,,1119,,365,
Indiana,2019,Female,Asian/Pacific Islander,,4524,,365,
Indiana,2019,Female,Black,109,24791,439.675688758017,365,1.2045909281041600
Indiana,2019,Female,White,938,307217,305.3216456120590,365,0.8364976592111210
Indiana,2019,Male,American Indian/Alaska Native,0,1085,0.0,365,0.0
Indiana,2019,Male,Asian/Pacific Islander,10,3785,264.2007926023780,365,0.72383778795172
Indiana,2019,Male,Black,156,18790,830.2288451303880,365,2.2745995756996900
Indiana,2019,Male,White,1537,275426,558.0446290473670,365,1.5288893946503200
Indiana,2020,Female,American Indian/Alaska Native,0,1196,0.0,366,0.0
Indiana,2020,Female,Asian/Pacific Islander,,4806,,366,
Indiana,2020,Female,Black,130,26193,496.3158095674420,366,1.3560541245012100
Indiana,2020,Female,White,940,317443,296.11615313615400,366,0.8090605276944090
Indiana,2020,Male,American Indian/Alaska Native,,1220,,366,
Indiana,2020,Male,Asian/Pacific Islander,16,3794,421.71850289931500,366,1.1522363467194400
Indiana,2020,Male,Black,213,19748,1078.590236986020,366,2.946967860617550
Indiana,2020,Male,White,1730,284482,608.1228337821020,366,1.6615377972188600
Indiana,2021,Female,American Indian/Alaska Native,0,1131,0.0,365,0.0
Indiana,2021,Female,Asian/Pacific Islander,,4777,,365,
Indiana,2021,Female,Black,151,27057,558.0810880733270,365,1.5289892823926800
Indiana,2021,Female,White,1045,322834,323.6957693427580,365,0.8868377242267350
Indiana,2021,Male,American Indian/Alaska Native,0,1241,0.0,365,0.0
Indiana,2021,Male,Asian/Pacific Islander,10,3799,263.2271650434330,365,0.7211703151874860
Indiana,2021,Male,Black,201,20648,973.4598992638510,365,2.667013422640690
Indiana,2021,Male,White,1897,295359,642.2692384521890,365,1.7596417491840800
Indiana,2022,Female,American Indian/Alaska Native,0,1186,0.0,365,0.0
Indiana,2022,Female,Asian/Pacific Islander,0,137,0.0,365,0.0
Indiana,2022,Female,Black,132,28088,469.95158074622600,365,1.287538577386920
Indiana,2022,Female,White,1027,323815,317.15640103145300,365,0.8689216466615160
Indiana,2022,Male,American Indian/Alaska Native,0,1302,0.0,365,0.0
Indiana,2022,Male,Asian/Pacific Islander,,4011,,365,
Indiana,2022,Male,Black,205,21279,963.3911368015410,365,2.6394277720590200
Indiana,2022,Male,White,1830,297304,615.5315771062620,365,1.6863878824829100
Indiana,2023,Female,American Indian/Alaska Native,,1270,,365,
Indiana,2023,Female,Asian/Pacific Islander,0,154,0.0,365,0.0
Indiana,2023,Female,Black,131,29403,445.532768765092,365,1.2206377226440900
Indiana,2023,Female,White,958,330575,289.79807910459000,365,0.7939673400125770
Indiana,2023,Male,American Indian/Alaska Native,,1365,,365,
Indiana,2023,Male,Asian/Pacific Islander,,4260,,365,
Indiana,2023,Male,Black,197,22287,883.9233633957020,365,2.4217078449197300
Indiana,2023,Male,White,1762,303198,581.138398010541,365,1.5921599945494300
Indiana,2024,Female,American Indian/Alaska Native,,1360,,366,
Indiana,2024,Female,Asian/Pacific Islander,,5919,,366,
Indiana,2024,Female,Black,164,30786,532.7096732280910,366,1.4554909104592600
Indiana,2024,Female,White,982,335938,292.3158439950230,366,0.7986771693853090
Indiana,2024,Male,American Indian/Alaska Native,,1446,,366,
Indiana,2024,Male,Asian/Pacific Islander,10,4584,218.1500872600350,366,0.5960384897815160
Indiana,2024,Male,Black,221,23165,954.0254694582340,366,2.606626965732880
Indiana,2024,Male,White,1849,308058,600.2116484558100,366,1.6399225367645100
Indiana,2025,Female,American Indian/Alaska Native,,1360,,365,
Indiana,2025,Female,Asian/Pacific Islander,0,197,0.0,365,0.0
Indiana,2025,Female,Black,142,30786,461.24861950237100,365,1.263694847951700
Indiana,2025,Female,White,1026,335938,305.4134989194440,365,0.8367493121080640
Indiana,2025,Male,American Indian/Alaska Native,0,1446,0.0,365,0.0
Indiana,2025,Male,Asian/Pacific Islander,14,4584,305.41012216404900,365,0.8367400607234220
Indiana,2025,Male,Black,222,23165,958.3423267861000,365,2.6255954158523300
Indiana,2025,Male,White,1865,308058,605.4054755922590,365,1.6586451386089300
Iowa,1999,Female,American Indian/Alaska Native,,78,,365,
Iowa,1999,Female,Asian/Pacific Islander,,467,,365,
Iowa,1999,Female,Black,11,1137,967.4582233948990,365,2.650570475054520
Iowa,1999,Female,White,478,114844,416.2167810246940,365,1.1403199480128600
Iowa,1999,Male,American Indian/Alaska Native,,75,,365,
Iowa,1999,Male,Asian/Pacific Islander,,360,,365,
Iowa,1999,Male,Black,14,954,1467.505241090150,365,4.020562304356570
Iowa,1999,Male,White,832,95362,872.4649231350010,365,2.390314857904110
Iowa,2000,Female,American Indian/Alaska Native,0,108,0.0,366,0.0
Iowa,2000,Female,Asian/Pacific Islander,,577,,366,
Iowa,2000,Female,Black,13,1203,1080.6317539484600,366,2.9525457758154700
Iowa,2000,Female,White,465,113656,409.1293024565360,366,1.1178396241981800
Iowa,2000,Male,American Indian/Alaska Native,,108,,366,
Iowa,2000,Male,Asian/Pacific Islander,,453,,366,
Iowa,2000,Male,Black,,1014,,366,
Iowa,2000,Male,White,778,94816,820.5366182922710,366,2.241903328667410
Iowa,2001,Female,American Indian/Alaska Native,0,120,0.0,365,0.0
Iowa,2001,Female,Asian/Pacific Islander,,595,,365,
Iowa,2001,Female,Black,,1196,,365,
Iowa,2001,Female,White,421,111960,376.02715255448400,365,1.0302113768616000
Iowa,2001,Male,American Indian/Alaska Native,,109,,365,
Iowa,2001,Male,Asian/Pacific Islander,,473,,365,
Iowa,2001,Male,Black,18,1022,1761.252446183950,365,4.825349167627270
Iowa,2001,Male,White,746,93904,794.428352359857,365,2.1765160338626200
Iowa,2002,Female,American Indian/Alaska Native,0,123,0.0,365,0.0
Iowa,2002,Female,Asian/Pacific Islander,0,638,0.0,365,0.0
Iowa,2002,Female,Black,,1204,,365,
Iowa,2002,Female,White,416,110696,375.80400375804000,365,1.0296000102960000
Iowa,2002,Male,American Indian/Alaska Native,,112,,365,
Iowa,2002,Male,Asian/Pacific Islander,0,511,0.0,365,0.0
Iowa,2002,Male,Black,,1037,,365,
Iowa,2002,Male,White,699,93050,751.2090274046210,365,2.0581069243962200
Iowa,2003,Female,American Indian/Alaska Native,0,145,0.0,365,0.0
Iowa,2003,Female,Asian/Pacific Islander,0,702,0.0,365,0.0
Iowa,2003,Female,Black,11,1269,866.8242710795900,365,2.3748610166564100
Iowa,2003,Female,White,370,109770,337.06841577844600,365,0.9234751117217690
Iowa,2003,Male,American Indian/Alaska Native,0,129,0.0,365,0.0
Iowa,2003,Male,Asian/Pacific Islander,,555,,365,
Iowa,2003,Male,Black,14,1056,1325.7575757575800,365,3.632212536322130
Iowa,2003,Male,White,632,92739,681.4824399659260,365,1.8670751779888400
Iowa,2004,Female,American Indian/Alaska Native,,155,,366,
Iowa,2004,Female,Asian/Pacific Islander,,722,,366,
Iowa,2004,Female,Black,,1266,,366,
Iowa,2004,Female,White,349,109480,318.77968578735800,366,0.8709827480528920
Iowa,2004,Male,American Indian/Alaska Native,0,123,0.0,366,0.0
Iowa,2004,Male,Asian/Pacific Islander,,611,,366,
Iowa,2004,Male,Black,13,1065,1220.6572769953100,366,3.33512917211832
Iowa,2004,Male,White,583,92963,627.1312242505080,366,1.7134732903019400
Iowa,2005,Female,American Indian/Alaska Native,,169,,365,
Iowa,2005,Female,Asian/Pacific Islander,0,775,0.0,365,0.0
Iowa,2005,Female,Black,,1295,,365,
Iowa,2005,Female,White,341,109034,312.74648274850000,365,0.8568396787630150
Iowa,2005,Male,American Indian/Alaska Native,,115,,365,
Iowa,2005,Male,Asian/Pacific Islander,,637,,365,
Iowa,2005,Male,Black,,1077,,365,
Iowa,2005,Male,White,562,93862,598.751358377192,365,1.6404146804854600
Iowa,2006,Female,American Indian/Alaska Native,0,187,0.0,365,0.0
Iowa,2006,Female,Asian/Pacific Islander,,808,,365,
Iowa,2006,Female,Black,,1335,,365,
Iowa,2006,Female,White,297,109574,271.0497015715410,365,0.74260192211381
Iowa,2006,Male,American Indian/Alaska Native,0,127,0.0,365,0.0
Iowa,2006,Male,Asian/Pacific Islander,,676,,365,
Iowa,2006,Male,Black,,1121,,365,
Iowa,2006,Male,White,575,94821,606.4057539996410,365,1.6613856273962800
Iowa,2007,Female,American Indian/Alaska Native,,207,,365,
Iowa,2007,Female,Asian/Pacific Islander,,854,,365,
Iowa,2007,Female,Black,,1368,,365,
Iowa,2007,Female,White,314,110522,284.1063317710500,365,0.7783735117015070
Iowa,2007,Male,American Indian/Alaska Native,,146,,365,
Iowa,2007,Male,Asian/Pacific Islander,,708,,365,
Iowa,2007,Male,Black,12,1174,1022.1465076661000,365,2.800401390866020
Iowa,2007,Male,White,527,96992,543.3437809303860,365,1.4886130984394100
Iowa,2008,Female,American Indian/Alaska Native,0,210,0.0,366,0.0
Iowa,2008,Female,Asian/Pacific Islander,,889,,366,
Iowa,2008,Female,Black,,1386,,366,
Iowa,2008,Female,White,332,112998,293.81050992053000,366,0.8027609560670210
Iowa,2008,Male,American Indian/Alaska Native,,148,,366,
Iowa,2008,Male,Asian/Pacific Islander,,775,,366,
Iowa,2008,Male,Black,10,1231,812.3476848090980,366,2.2195291934674800
Iowa,2008,Male,White,585,99679,586.8838973103660,366,1.603507916148540
Iowa,2009,Female,American Indian/Alaska Native,0,236,0.0,365,0.0
Iowa,2009,Female,Asian/Pacific Islander,,1005,,365,
Iowa,2009,Female,Black,12,1430,839.1608391608390,365,2.2990707922214800
Iowa,2009,Female,White,278,115146,241.43261598318700,365,0.661459221871744
Iowa,2009,Male,American Indian/Alaska Native,,159,,365,
Iowa,2009,Male,Asian/Pacific Islander,,824,,365,
Iowa,2009,Male,Black,12,1313,913.9375476009140,365,2.5039384865778500
Iowa,2009,Male,White,586,102085,574.0314443845820,365,1.5726888887248800
Iowa,2010,Female,American Indian/Alaska Native,,242,,365,
Iowa,2010,Female,Asian/Pacific Islander,,1032,,365,
Iowa,2010,Female,Black,,1448,,365,
Iowa,2010,Female,White,342,116152,294.4417659618430,365,0.8066897697584740
Iowa,2010,Male,American Indian/Alaska Native,,159,,365,
Iowa,2010,Male,Asian/Pacific Islander,,860,,365,
Iowa,2010,Male,Black,,1326,,365,
Iowa,2010,Male,White,565,103437,546.2262053230470,365,1.4965101515699900
Iowa,2011,Female,American Indian/Alaska Native,,251,,365,
Iowa,2011,Female,Asian/Pacific Islander,,1128,,365,
Iowa,2011,Female,Black,10,1508,663.1299734748010,365,1.8167944478761700
Iowa,2011,Female,White,307,117565,261.132139667418,365,0.7154305196367620
Iowa,2011,Male,American Indian/Alaska Native,0,168,0.0,365,0.0
Iowa,2011,Male,Asian/Pacific Islander,,924,,365,
Iowa,2011,Male,Black,12,1375,872.7272727272730,365,2.3910336239103400
Iowa,2011,Male,White,541,105431,513.1318113268390,365,1.405840578977640
Iowa,2012,Female,American Indian/Alaska Native,,251,,366,
Iowa,2012,Female,Asian/Pacific Islander,,1189,,366,
Iowa,2012,Female,Black,,1598,,366,
Iowa,2012,Female,White,301,123350,244.02107823267100,366,0.6667242574663150
Iowa,2012,Male,American Indian/Alaska Native,,195,,366,
Iowa,2012,Male,Asian/Pacific Islander,,1002,,366,
Iowa,2012,Male,Black,17,1500,1133.3333333333300,366,3.0965391621129300
Iowa,2012,Male,White,554,111459,497.04375599996400,366,1.3580430491802300
Iowa,2013,Female,American Indian/Alaska Native,0,269,0.0,365,0.0
Iowa,2013,Female,Asian/Pacific Islander,,1275,,365,
Iowa,2013,Female,Black,,1700,,365,
Iowa,2013,Female,White,331,127802,258.994381934555,365,0.7095736491357670
Iowa,2013,Male,American Indian/Alaska Native,0,227,0.0,365,0.0
Iowa,2013,Male,Asian/Pacific Islander,,1073,,365,
Iowa,2013,Male,Black,11,1618,679.8516687268230,365,1.8626073115803400
Iowa,2013,Male,White,626,116311,538.2122069279780,365,1.4745539915835000
Iowa,2014,Female,American Indian/Alaska Native,0,282,0.0,365,0.0
Iowa,2014,Female,Asian/Pacific Islander,,1403,,365,
Iowa,2014,Female,Black,,1799,,365,
Iowa,2014,Female,White,331,132284,250.21922530313600,365,0.6855321241181800
Iowa,2014,Male,American Indian/Alaska Native,0,264,0.0,365,0.0
Iowa,2014,Male,Asian/Pacific Islander,,1093,,365,
Iowa,2014,Male,Black,12,1710,701.7543859649120,365,1.922614756068250
Iowa,2014,Male,White,597,121113,492.92809194719000,365,1.3504879231429900
Iowa,2015,Female,American Indian/Alaska Native,0,301,0.0,365,0.0
Iowa,2015,Female,Asian/Pacific Islander,,1564,,365,
Iowa,2015,Female,Black,,1935,,365,
Iowa,2015,Female,White,340,136930,248.30205214343100,365,0.6802795949135100
Iowa,2015,Male,American Indian/Alaska Native,,291,,365,
Iowa,2015,Male,Asian/Pacific Islander,,1163,,365,
Iowa,2015,Male,Black,18,1821,988.4678747940690,365,2.7081311638193700
Iowa,2015,Male,White,614,126451,485.5635779867300,365,1.3303111725663800
Iowa,2016,Female,American Indian/Alaska Native,,320,,366,
Iowa,2016,Female,Asian/Pacific Islander,0,1633,0.0,366,0.0
Iowa,2016,Female,Black,,2009,,366,
Iowa,2016,Female,White,352,142002,247.88383262207600,366,0.6772782312078570
Iowa,2016,Male,American Indian/Alaska Native,,301,,366,
Iowa,2016,Male,Asian/Pacific Islander,,1254,,366,
Iowa,2016,Male,Black,19,1958,970.3779366700720,366,2.6513058378963700
Iowa,2016,Male,White,673,131569,511.51867081151300,366,1.3975919967527700
Iowa,2017,Female,American Indian/Alaska Native,0,355,0.0,365,0.0
Iowa,2017,Female,Asian/Pacific Islander,,1754,,365,
Iowa,2017,Female,Black,17,2183,778.7448465414570,365,2.133547524771110
Iowa,2017,Female,White,405,146795,275.8949555502570,365,0.7558765905486500
Iowa,2017,Male,American Indian/Alaska Native,,319,,365,
Iowa,2017,Male,Asian/Pacific Islander,,1353,,365,
Iowa,2017,Male,Black,,2078,,365,
Iowa,2017,Male,White,652,136674,477.0475730570560,365,1.306979652211110
Iowa,2018,Female,American Indian/Alaska Native,,409,,365,
Iowa,2018,Female,Asian/Pacific Islander,,1893,,365,
Iowa,2018,Female,Black,10,2360,423.728813559322,365,1.1609008590666400
Iowa,2018,Female,White,364,151090,240.91601032497200,365,0.6600438639040330
Iowa,2018,Male,American Indian/Alaska Native,,369,,365,
Iowa,2018,Male,Asian/Pacific Islander,,1442,,365,
Iowa,2018,Male,Black,12,2187,548.6968449931410,365,1.503279027378470
Iowa,2018,Male,White,764,141123,541.3717112022850,365,1.4832101676774900
Iowa,2019,Female,American Indian/Alaska Native,0,446,0.0,365,0.0
Iowa,2019,Female,Asian/Pacific Islander,,2009,,365,
Iowa,2019,Female,Black,13,2543,511.20723554856500,365,1.4005677686262000
Iowa,2019,Female,White,395,156190,252.89711249119700,365,0.6928688013457440
Iowa,2019,Male,American Indian/Alaska Native,,400,,365,
Iowa,2019,Male,Asian/Pacific Islander,,1501,,365,
Iowa,2019,Male,Black,23,2373,969.2372524230930,365,2.6554445271865600
Iowa,2019,Male,White,793,145985,543.206493817858,365,1.4882369693639900
Iowa,2020,Female,American Indian/Alaska Native,0,451,0.0,366,0.0
Iowa,2020,Female,Asian/Pacific Islander,,2128,,366,
Iowa,2020,Female,Black,20,2657,752.7286413248020,366,2.056635632034980
Iowa,2020,Female,White,434,162029,267.8532855229620,366,0.7318395779315900
Iowa,2020,Male,American Indian/Alaska Native,0,394,0.0,366,0.0
Iowa,2020,Male,Asian/Pacific Islander,,1573,,366,
Iowa,2020,Male,Black,22,2486,884.9557522123890,366,2.4179118912906800
Iowa,2020,Male,White,856,151631,564.5283616147090,366,1.5424272175265300
Iowa,2021,Female,American Indian/Alaska Native,,463,,365,
Iowa,2021,Female,Asian/Pacific Islander,,2070,,365,
Iowa,2021,Female,Black,18,2691,668.8963210702340,365,1.8325926604663900
Iowa,2021,Female,White,477,166257,286.9052130135870,365,0.7860416794892810
Iowa,2021,Male,American Indian/Alaska Native,0,383,0.0,365,0.0
Iowa,2021,Male,Asian/Pacific Islander,,1541,,365,
Iowa,2021,Male,Black,35,2560,1367.1875,365,3.745719178082190
Iowa,2021,Male,White,912,158467,575.5141449008310,365,1.5767510819200900
Iowa,2022,Female,American Indian/Alaska Native,,500,,365,
Iowa,2022,Female,Asian/Pacific Islander,,2087,,365,
Iowa,2022,Female,Black,19,2697,704.4864664441970,365,1.930099908066290
Iowa,2022,Female,White,464,166606,278.50137450031800,365,0.7630174643844330
Iowa,2022,Male,American Indian/Alaska Native,,415,,365,
Iowa,2022,Male,Asian/Pacific Islander,0,80,0.0,365,0.0
Iowa,2022,Male,Black,26,2622,991.6094584286800,365,2.716738242270360
Iowa,2022,Male,White,912,159165,572.9902930920740,365,1.5698364194303400
Iowa,2023,Female,American Indian/Alaska Native,,523,,365,
Iowa,2023,Female,Asian/Pacific Islander,,2223,,365,
Iowa,2023,Female,Black,14,2789,501.97203298673400,365,1.37526584379927
Iowa,2023,Female,White,456,170797,266.98361212433500,365,0.7314619510255750
Iowa,2023,Male,American Indian/Alaska Native,,430,,365,
Iowa,2023,Male,Asian/Pacific Islander,,1734,,365,
Iowa,2023,Male,Black,23,2743,838.4979948960990,365,2.297254780537260
Iowa,2023,Male,White,923,162872,566.7026867724350,365,1.5526101007464000
Iowa,2024,Female,American Indian/Alaska Native,,527,,366,
Iowa,2024,Female,Asian/Pacific Islander,0,80,0.0,366,0.0
Iowa,2024,Female,Black,13,2884,450.7628294036060,366,1.2315924300645000
Iowa,2024,Female,White,451,173926,259.3056817267110,366,0.708485469198665
Iowa,2024,Male,American Indian/Alaska Native,0,509,0.0,366,0.0
Iowa,2024,Male,Asian/Pacific Islander,,1922,,366,
Iowa,2024,Male,Black,24,2965,809.4435075885330,366,2.211594283028780
Iowa,2024,Male,White,916,165796,552.4861878453040,366,1.5095251034024700
Iowa,2025,Female,American Indian/Alaska Native,,527,,365,
Iowa,2025,Female,Asian/Pacific Islander,0,2367,0.0,365,0.0
Iowa,2025,Female,Black,22,2884,762.8294036061030,365,2.089943571523570
Iowa,2025,Female,White,522,173926,300.12764049078300,365,0.8222675081939270
Iowa,2025,Male,American Indian/Alaska Native,,509,,365,
Iowa,2025,Male,Asian/Pacific Islander,0,106,0.0,365,0.0
Iowa,2025,Male,Black,37,2965,1247.8920741989900,365,3.4188823950657200
Iowa,2025,Male,White,940,165796,566.961808487539,365,1.5533200232535300
Kansas,1999,Female,American Indian/Alaska Native,,465,,365,
Kansas,1999,Female,Asian/Pacific Islander,,796,,365,
Kansas,1999,Female,Black,22,3905,563.3802816901410,365,1.5435076210688800
Kansas,1999,Female,White,383,91688,417.7209667568280,365,1.144441004813230
Kansas,1999,Male,American Indian/Alaska Native,,401,,365,
Kansas,1999,Male,Asian/Pacific Islander,,568,,365,
Kansas,1999,Male,Black,36,2842,1266.713581984520,365,3.4704481698206000
Kansas,1999,Male,White,655,76598,855.1137105407450,365,2.3427772891527300
Kansas,2000,Female,American Indian/Alaska Native,,492,,366,
Kansas,2000,Female,Asian/Pacific Islander,,863,,366,
Kansas,2000,Female,Black,37,3942,938.6098427194320,366,2.5645077669929800
Kansas,2000,Female,White,388,90669,427.93016356196700,366,1.1692080971638400
Kansas,2000,Male,American Indian/Alaska Native,,459,,366,
Kansas,2000,Male,Asian/Pacific Islander,,610,,366,
Kansas,2000,Male,Black,31,2866,1081.6468946266600,366,2.95531938422584
Kansas,2000,Male,White,605,76015,795.8955469315270,366,2.1745779970806700
Kansas,2001,Female,American Indian/Alaska Native,,517,,365,
Kansas,2001,Female,Asian/Pacific Islander,,925,,365,
Kansas,2001,Female,Black,28,3990,701.7543859649120,365,1.922614756068250
Kansas,2001,Female,White,348,89037,390.8487482731900,365,1.0708184884197000
Kansas,2001,Male,American Indian/Alaska Native,,456,,365,
Kansas,2001,Male,Asian/Pacific Islander,0,726,0.0,365,0.0
Kansas,2001,Male,Black,33,2926,1127.8195488721800,365,3.089916572252550
Kansas,2001,Male,White,570,75336,756.6103854730810,365,2.072905165679670
Kansas,2002,Female,American Indian/Alaska Native,,551,,365,
Kansas,2002,Female,Asian/Pacific Islander,,965,,365,
Kansas,2002,Female,Black,28,3953,708.322792815583,365,1.9406103912755700
Kansas,2002,Female,White,329,87801,374.71099418002100,365,1.0266054635069100
Kansas,2002,Male,American Indian/Alaska Native,,472,,365,
Kansas,2002,Male,Asian/Pacific Islander,,773,,365,
Kansas,2002,Male,Black,25,2962,844.0243079000680,365,2.3123953641097700
Kansas,2002,Male,White,577,74696,772.4643889900400,365,2.116340791753530
Kansas,2003,Female,American Indian/Alaska Native,,548,,365,
Kansas,2003,Female,Asian/Pacific Islander,,1015,,365,
Kansas,2003,Female,Black,26,3979,653.4305101784370,365,1.7902205758313300
Kansas,2003,Female,White,287,87244,328.9624501398380,365,0.9012669866844870
Kansas,2003,Male,American Indian/Alaska Native,,502,,365,
Kansas,2003,Male,Asian/Pacific Islander,,837,,365,
Kansas,2003,Male,Black,26,2998,867.244829886591,365,2.376013232566000
Kansas,2003,Male,White,512,74375,688.4033613445380,365,1.8860366064233900
Kansas,2004,Female,American Indian/Alaska Native,,561,,366,
Kansas,2004,Female,Asian/Pacific Islander,,1096,,366,
Kansas,2004,Female,Black,24,3999,600.1500375093770,366,1.6397542008452900
Kansas,2004,Female,White,289,86905,332.54703411771500,366,0.9085984538735380
Kansas,2004,Male,American Indian/Alaska Native,,528,,366,
Kansas,2004,Male,Asian/Pacific Islander,,911,,366,
Kansas,2004,Male,Black,30,3074,975.9271307742360,366,2.6664675704214100
Kansas,2004,Male,White,454,74686,607.8783172214340,366,1.660869719184250
Kansas,2005,Female,American Indian/Alaska Native,,608,,365,
Kansas,2005,Female,Asian/Pacific Islander,,1153,,365,
Kansas,2005,Female,Black,18,4025,447.20496894409900,365,1.2252190929975300
Kansas,2005,Female,White,272,86719,313.6567534219720,365,0.8593335710191020
Kansas,2005,Male,American Indian/Alaska Native,,554,,365,
Kansas,2005,Male,Asian/Pacific Islander,,981,,365,
Kansas,2005,Male,Black,23,3097,742.6541814659350,365,2.0346689903176300
Kansas,2005,Male,White,449,74990,598.746499533271,365,1.6404013685843000
Kansas,2006,Female,American Indian/Alaska Native,,625,,365,
Kansas,2006,Female,Asian/Pacific Islander,,1210,,365,
Kansas,2006,Female,Black,22,4088,538.1604696673190,365,1.4744122456638900
Kansas,2006,Female,White,275,87240,315.2223750573130,365,0.8636229453625020
Kansas,2006,Male,American Indian/Alaska Native,,550,,365,
Kansas,2006,Male,Asian/Pacific Islander,,1034,,365,
Kansas,2006,Male,Black,23,3174,724.6376811594200,365,1.9853087155052600
Kansas,2006,Male,White,431,75755,568.9393439376940,365,1.5587379285964200
Kansas,2007,Female,American Indian/Alaska Native,,644,,365,
Kansas,2007,Female,Asian/Pacific Islander,,1301,,365,
Kansas,2007,Female,Black,20,4185,477.89725209080000,365,1.3093075399748000
Kansas,2007,Female,White,246,88240,278.7851314596560,365,0.7637948807113850
Kansas,2007,Male,American Indian/Alaska Native,,580,,365,
Kansas,2007,Male,Asian/Pacific Islander,,1093,,365,
Kansas,2007,Male,Black,24,3208,748.1296758104740,365,2.0496703446862300
Kansas,2007,Male,White,424,77151,549.5716192920380,365,1.505675669293250
Kansas,2008,Female,American Indian/Alaska Native,,680,,366,
Kansas,2008,Female,Asian/Pacific Islander,,1421,,366,
Kansas,2008,Female,Black,26,4234,614.0765233821450,366,1.677804708694380
Kansas,2008,Female,White,264,90299,292.3620416615910,366,0.798803392518008
Kansas,2008,Male,American Indian/Alaska Native,,593,,366,
Kansas,2008,Male,Asian/Pacific Islander,,1172,,366,
Kansas,2008,Male,Black,19,3297,576.2814680012130,366,1.5745395300579600
Kansas,2008,Male,White,434,79836,543.614409539556,366,1.4852852719660000
Kansas,2009,Female,American Indian/Alaska Native,,721,,365,
Kansas,2009,Female,Asian/Pacific Islander,,1516,,365,
Kansas,2009,Female,Black,16,4394,364.13290851160700,365,0.9976244068811140
Kansas,2009,Female,White,235,92644,253.6591684296880,365,0.6949566258347610
Kansas,2009,Male,American Indian/Alaska Native,,629,,365,
Kansas,2009,Male,Asian/Pacific Islander,0,1297,0.0,365,0.0
Kansas,2009,Male,Black,33,3414,966.6080843585240,365,2.6482413270096500
Kansas,2009,Male,White,404,82265,491.0958487813770,365,1.3454680788530900
Kansas,2010,Female,American Indian/Alaska Native,,759,,365,
Kansas,2010,Female,Asian/Pacific Islander,,1600,,365,
Kansas,2010,Female,Black,15,4443,337.609723160027,365,0.9249581456439100
Kansas,2010,Female,White,200,94207,212.29844915982900,365,0.5816395867392570
Kansas,2010,Male,American Indian/Alaska Native,,672,,365,
Kansas,2010,Male,Asian/Pacific Islander,,1344,,365,
Kansas,2010,Male,Black,24,3459,693.8421509106680,365,1.9009373997552500
Kansas,2010,Male,White,431,83905,513.676181395626,365,1.4073320038236300
Kansas,2011,Female,American Indian/Alaska Native,,831,,365,
Kansas,2011,Female,Asian/Pacific Islander,,1772,,365,
Kansas,2011,Female,Black,21,4538,462.7589246364040,365,1.2678326702367200
Kansas,2011,Female,White,221,96185,229.76555595986900,365,0.6294946738626550
Kansas,2011,Male,American Indian/Alaska Native,10,739,1353.1799729364000,365,3.7073423916065800
Kansas,2011,Male,Asian/Pacific Islander,,1425,,365,
Kansas,2011,Male,Black,29,3601,805.3318522632600,365,2.2063886363377000
Kansas,2011,Male,White,404,86169,468.846104747647,365,1.2845098760209500
Kansas,2012,Female,American Indian/Alaska Native,,894,,366,
Kansas,2012,Female,Asian/Pacific Islander,,1895,,366,
Kansas,2012,Female,Black,20,4684,426.9854824935950,366,1.1666270013486200
Kansas,2012,Female,White,245,101628,241.075294210257,366,0.6586756672411390
Kansas,2012,Male,American Indian/Alaska Native,,821,,366,
Kansas,2012,Male,Asian/Pacific Islander,,1505,,366,
Kansas,2012,Male,Black,30,3801,789.2659826361490,366,2.1564644334321000
Kansas,2012,Male,White,467,91602,509.81419619659000,366,1.392934962285760
Kansas,2013,Female,American Indian/Alaska Native,0,960,0.0,365,0.0
Kansas,2013,Female,Asian/Pacific Islander,,1983,,365,
Kansas,2013,Female,Black,18,4867,369.83768235052400,365,1.0132539242480100
Kansas,2013,Female,White,263,105819,248.53759721789100,365,0.6809249238846330
Kansas,2013,Male,American Indian/Alaska Native,13,850,1529.4117647058800,365,4.19016921837228
Kansas,2013,Male,Asian/Pacific Islander,,1643,,365,
Kansas,2013,Male,Black,29,3961,732.1383489017930,365,2.005858490141900
Kansas,2013,Male,White,425,96461,440.5925710909070,365,1.207102934495640
Kansas,2014,Female,American Indian/Alaska Native,,985,,365,
Kansas,2014,Female,Asian/Pacific Islander,,2176,,365,
Kansas,2014,Female,Black,21,5126,409.6761607491220,365,1.122400440408550
Kansas,2014,Female,White,248,109828,225.80762647048100,365,0.6186510314259760
Kansas,2014,Male,American Indian/Alaska Native,,918,,365,
Kansas,2014,Male,Asian/Pacific Islander,,1802,,365,
Kansas,2014,Male,Black,35,4163,840.7398510689410,365,2.303396852243670
Kansas,2014,Male,White,510,100585,507.0338519659990,365,1.3891338410027400
Kansas,2015,Female,American Indian/Alaska Native,,1036,,365,
Kansas,2015,Female,Asian/Pacific Islander,,2368,,365,
Kansas,2015,Female,Black,20,5383,371.540033438603,365,1.017917899831790
Kansas,2015,Female,White,245,114104,214.7163990745290,365,0.5882641070535030
Kansas,2015,Male,American Indian/Alaska Native,,963,,365,
Kansas,2015,Male,Asian/Pacific Islander,,1916,,365,
Kansas,2015,Male,Black,30,4478,669.9419383653420,365,1.8354573653845000
Kansas,2015,Male,White,526,105020,500.856979622929,365,1.372210903076520
Kansas,2016,Female,American Indian/Alaska Native,,1090,,366,
Kansas,2016,Female,Asian/Pacific Islander,,2484,,366,
Kansas,2016,Female,Black,22,5600,392.8571428571430,366,1.0733801717408300
Kansas,2016,Female,White,275,118672,231.73115815019500,366,0.6331452408475290
Kansas,2016,Male,American Indian/Alaska Native,,993,,366,
Kansas,2016,Male,Asian/Pacific Islander,,1889,,366,
Kansas,2016,Male,Black,43,4690,916.8443496801710,366,2.5050392067764200
Kansas,2016,Male,White,540,109578,492.79964956469400,366,1.3464471299581800
Kansas,2017,Female,American Indian/Alaska Native,,1169,,365,
Kansas,2017,Female,Asian/Pacific Islander,,2665,,365,
Kansas,2017,Female,Black,30,5764,520.4718945176960,365,1.4259503959388900
Kansas,2017,Female,White,305,123408,247.14767276027500,365,0.677116911671986
Kansas,2017,Male,American Indian/Alaska Native,,1004,,365,
Kansas,2017,Male,Asian/Pacific Islander,,1976,,365,
Kansas,2017,Male,Black,30,4946,606.550748079256,365,1.6617828714500200
Kansas,2017,Male,White,594,114125,520.4819277108430,365,1.425977884139300
Kansas,2018,Female,American Indian/Alaska Native,,1245,,365,
Kansas,2018,Female,Asian/Pacific Islander,,2797,,365,
Kansas,2018,Female,Black,31,5952,520.8333333333330,365,1.4269406392694100
Kansas,2018,Female,White,308,126908,242.6954959498220,365,0.6649191669858130
Kansas,2018,Male,American Indian/Alaska Native,,1075,,365,
Kansas,2018,Male,Asian/Pacific Islander,,2080,,365,
Kansas,2018,Male,Black,45,5144,874.8055987558320,365,2.3967276678242000
Kansas,2018,Male,White,616,117656,523.5602094240840,365,1.4344115326687200
Kansas,2019,Female,American Indian/Alaska Native,,1312,,365,
Kansas,2019,Female,Asian/Pacific Islander,0,2965,0.0,365,0.0
Kansas,2019,Female,Black,28,6216,450.45045045045000,365,1.234110823151920
Kansas,2019,Female,White,352,131550,267.5788673508170,365,0.7330927872625130
Kansas,2019,Male,American Indian/Alaska Native,12,1124,1067.6156583629900,365,2.9249744064739400
Kansas,2019,Male,Asian/Pacific Islander,,2253,,365,
Kansas,2019,Male,Black,50,5391,927.4717121127810,365,2.541018389350080
Kansas,2019,Male,White,655,121425,539.4276302244180,365,1.477883918423060
Kansas,2020,Female,American Indian/Alaska Native,,1410,,366,
Kansas,2020,Female,Asian/Pacific Islander,,3142,,366,
Kansas,2020,Female,Black,39,6567,593.8784833257200,366,1.6226188069008700
Kansas,2020,Female,White,375,136180,275.37083272139800,366,0.7523793243754050
Kansas,2020,Male,American Indian/Alaska Native,12,1230,975.609756097561,366,2.665600426496070
Kansas,2020,Male,Asian/Pacific Islander,10,2415,414.0786749482400,366,1.1313624998585800
Kansas,2020,Male,Black,61,5687,1072.6217689467200,366,2.9306605708926800
Kansas,2020,Male,White,667,125827,530.0929053382820,366,1.4483412714160700
Kansas,2021,Female,American Indian/Alaska Native,,1329,,365,
Kansas,2021,Female,Asian/Pacific Islander,0,66,0.0,365,0.0
Kansas,2021,Female,Black,33,6702,492.39033124440500,365,1.3490146061490500
Kansas,2021,Female,White,373,139470,267.44102674410300,365,0.7327151417646650
Kansas,2021,Male,American Indian/Alaska Native,,1119,,365,
Kansas,2021,Male,Asian/Pacific Islander,,2392,,365,
Kansas,2021,Male,Black,65,5943,1093.723708564700,365,2.9965033111361600
Kansas,2021,Male,White,746,131057,569.2179738587030,365,1.559501298243020
Kansas,2022,Female,American Indian/Alaska Native,,1347,,365,
Kansas,2022,Female,Asian/Pacific Islander,,3241,,365,
Kansas,2022,Female,Black,30,6814,440.2700322864690,365,1.2062192665382700
Kansas,2022,Female,White,425,139994,303.58443933311400,365,0.8317381899537380
Kansas,2022,Male,American Indian/Alaska Native,,1115,,365,
Kansas,2022,Male,Asian/Pacific Islander,0,107,0.0,365,0.0
Kansas,2022,Male,Black,64,6187,1034.4270244060100,365,2.8340466422082500
Kansas,2022,Male,White,757,131194,577.0080948823880,365,1.5808440955681900
Kansas,2023,Female,American Indian/Alaska Native,,1458,,365,
Kansas,2023,Female,Asian/Pacific Islander,0,80,0.0,365,0.0
Kansas,2023,Female,Black,26,7077,367.387311007489,365,1.0065405781027100
Kansas,2023,Female,White,349,143767,242.75390040830000,365,0.6650791792008210
Kansas,2023,Male,American Indian/Alaska Native,,1168,,365,
Kansas,2023,Male,Asian/Pacific Islander,,2556,,365,
Kansas,2023,Male,Black,60,6532,918.5548071034910,365,2.516588512612300
Kansas,2023,Male,White,667,133464,499.76023496973000,365,1.3692061232047400
Kansas,2024,Female,American Indian/Alaska Native,,1516,,366,
Kansas,2024,Female,Asian/Pacific Islander,,3599,,366,
Kansas,2024,Female,Black,39,7299,534.3197698314840,366,1.4598900815067900
Kansas,2024,Female,White,359,146425,245.17671162711300,366,0.669881725757139
Kansas,2024,Male,American Indian/Alaska Native,,1215,,366,
Kansas,2024,Male,Asian/Pacific Islander,0,2677,0.0,366,0.0
Kansas,2024,Male,Black,55,6876,799.8836532867950,366,2.185474462532230
Kansas,2024,Male,White,654,135720,481.8744473916890,366,1.3165968507969600
Kansas,2025,Female,American Indian/Alaska Native,,1516,,365,
Kansas,2025,Female,Asian/Pacific Islander,0,104,0.0,365,0.0
Kansas,2025,Female,Black,40,7299,548.0202767502400,365,1.5014254157540800
Kansas,2025,Female,White,360,146425,245.85965511353900,365,0.6735880962014780
Kansas,2025,Male,American Indian/Alaska Native,,1215,,365,
Kansas,2025,Male,Asian/Pacific Islander,,2677,,365,
Kansas,2025,Male,Black,60,6876,872.6003490401400,365,2.3906858877812000
Kansas,2025,Male,White,717,135720,528.2935455349250,365,1.4473795768080100
Kentucky,1999,Female,American Indian/Alaska Native,0,122,0.0,365,0.0
Kentucky,1999,Female,Asian/Pacific Islander,0,499,0.0,365,0.0
Kentucky,1999,Female,Black,69,8253,836.0596146855690,365,2.2905742868097800
Kentucky,1999,Female,White,861,142724,603.2622404080600,365,1.652773261391950
Kentucky,1999,Male,American Indian/Alaska Native,0,104,0.0,365,0.0
Kentucky,1999,Male,Asian/Pacific Islander,,282,,365,
Kentucky,1999,Male,Black,88,6060,1452.145214521450,365,3.9784800397848000
Kentucky,1999,Male,White,1371,115974,1182.1615189611500,365,3.2387986820853300
Kentucky,2000,Female,American Indian/Alaska Native,0,199,0.0,366,0.0
Kentucky,2000,Female,Asian/Pacific Islander,,626,,366,
Kentucky,2000,Female,Black,74,8266,895.2334865714980,366,2.4459931327090100
Kentucky,2000,Female,White,860,142054,605.4035789206920,366,1.654108139127570
Kentucky,2000,Male,American Indian/Alaska Native,,175,,366,
Kentucky,2000,Male,Asian/Pacific Islander,0,399,0.0,366,0.0
Kentucky,2000,Male,Black,77,6068,1268.9518787079800,366,3.467081635814140
Kentucky,2000,Male,White,1258,116156,1083.02627500947,366,2.9590881830859800
Kentucky,2001,Female,American Indian/Alaska Native,0,199,0.0,365,0.0
Kentucky,2001,Female,Asian/Pacific Islander,,719,,365,
Kentucky,2001,Female,Black,68,8266,822.6469876602950,365,2.253827363452860
Kentucky,2001,Female,White,804,141567,567.9289664964290,365,1.5559697712230900
Kentucky,2001,Male,American Indian/Alaska Native,,173,,365,
Kentucky,2001,Male,Asian/Pacific Islander,0,464,0.0,365,0.0
Kentucky,2001,Male,Black,78,6145,1269.3246541904000,365,3.4776017923024600
Kentucky,2001,Male,White,1150,116817,984.4457570387870,365,2.6971116631199600
Kentucky,2002,Female,American Indian/Alaska Native,0,205,0.0,365,0.0
Kentucky,2002,Female,Asian/Pacific Islander,,749,,365,
Kentucky,2002,Female,Black,65,8225,790.2735562310030,365,2.1651330307698700
Kentucky,2002,Female,White,780,140844,553.8042089119880,365,1.5172718052383200
Kentucky,2002,Male,American Indian/Alaska Native,,192,,365,
Kentucky,2002,Male,Asian/Pacific Islander,,488,,365,
Kentucky,2002,Male,Black,88,6076,1448.3212639894700,365,3.9680034629848400
Kentucky,2002,Male,White,1239,117315,1056.130929548650,365,2.8935093960237000
Kentucky,2003,Female,American Indian/Alaska Native,0,211,0.0,365,0.0
Kentucky,2003,Female,Asian/Pacific Islander,,806,,365,
Kentucky,2003,Female,Black,59,8322,708.9641913001680,365,1.9423676473977200
Kentucky,2003,Female,White,701,141820,494.28853476237500,365,1.3542151637325300
Kentucky,2003,Male,American Indian/Alaska Native,0,203,0.0,365,0.0
Kentucky,2003,Male,Asian/Pacific Islander,,539,,365,
Kentucky,2003,Male,Black,75,6100,1229.5081967213100,365,3.368515607455650
Kentucky,2003,Male,White,1065,118866,895.9668870829340,365,2.454703800227220
Kentucky,2004,Female,American Indian/Alaska Native,0,225,0.0,366,0.0
Kentucky,2004,Female,Asian/Pacific Islander,,874,,366,
Kentucky,2004,Female,Black,53,8455,626.8480189237140,366,1.7126995052560500
Kentucky,2004,Female,White,639,143065,446.6501240694790,366,1.220355530244480
Kentucky,2004,Male,American Indian/Alaska Native,,226,,366,
Kentucky,2004,Male,Asian/Pacific Islander,,590,,366,
Kentucky,2004,Male,Black,80,6129,1305.2700277369900,366,3.5663115511939600
Kentucky,2004,Male,White,1084,121117,895.0023530965930,366,2.4453616204824900
Kentucky,2005,Female,American Indian/Alaska Native,0,224,0.0,365,0.0
Kentucky,2005,Female,Asian/Pacific Islander,,918,,365,
Kentucky,2005,Female,Black,61,8520,715.962441314554,365,1.961540935108370
Kentucky,2005,Female,White,695,145007,479.28720682449800,365,1.3131156351356100
Kentucky,2005,Male,American Indian/Alaska Native,,236,,365,
Kentucky,2005,Male,Asian/Pacific Islander,,652,,365,
Kentucky,2005,Male,Black,65,6264,1037.6756066411200,365,2.8429468675099300
Kentucky,2005,Male,White,1050,123720,848.6905916585840,365,2.3251797031742000
Kentucky,2006,Female,American Indian/Alaska Native,,230,,365,
Kentucky,2006,Female,Asian/Pacific Islander,,978,,365,
Kentucky,2006,Female,Black,43,8631,498.2041478391840,365,1.3649428707922900
Kentucky,2006,Female,White,668,148204,450.73007476181500,365,1.2348769171556600
Kentucky,2006,Male,American Indian/Alaska Native,0,243,0.0,365,0.0
Kentucky,2006,Male,Asian/Pacific Islander,,701,,365,
Kentucky,2006,Male,Black,82,6385,1284.259984338290,365,3.518520505036420
Kentucky,2006,Male,White,995,127214,782.1466190828050,365,2.1428674495419300
Kentucky,2007,Female,American Indian/Alaska Native,,241,,365,
Kentucky,2007,Female,Asian/Pacific Islander,,1012,,365,
Kentucky,2007,Female,Black,54,8724,618.9821182943600,365,1.6958414199845500
Kentucky,2007,Female,White,610,151660,402.21548199920900,365,1.1019602246553700
Kentucky,2007,Male,American Indian/Alaska Native,0,251,0.0,365,0.0
Kentucky,2007,Male,Asian/Pacific Islander,,773,,365,
Kentucky,2007,Male,Black,71,6557,1082.812261705050,365,2.966608936178210
Kentucky,2007,Male,White,965,131236,735.3165290011890,365,2.0145658328799700
Kentucky,2008,Female,American Indian/Alaska Native,0,255,0.0,366,0.0
Kentucky,2008,Female,Asian/Pacific Islander,,1050,,366,
Kentucky,2008,Female,Black,57,8880,641.8918918918920,366,1.7538029833111800
Kentucky,2008,Female,White,602,156607,384.40171895253700,366,1.0502779206353500
Kentucky,2008,Male,American Indian/Alaska Native,0,291,0.0,366,0.0
Kentucky,2008,Male,Asian/Pacific Islander,,841,,366,
Kentucky,2008,Male,Black,66,6609,998.6382206082620,366,2.7285197284378700
Kentucky,2008,Male,White,1025,136646,750.1134317872460,366,2.049490250784830
Kentucky,2009,Female,American Indian/Alaska Native,0,262,0.0,365,0.0
Kentucky,2009,Female,Asian/Pacific Islander,0,1163,0.0,365,0.0
Kentucky,2009,Female,Black,63,9087,693.298118190822,365,1.899446899152940
Kentucky,2009,Female,White,593,160512,369.4427830940990,365,1.0121720084769800
Kentucky,2009,Male,American Indian/Alaska Native,,316,,365,
Kentucky,2009,Male,Asian/Pacific Islander,,867,,365,
Kentucky,2009,Male,Black,61,6760,902.3668639053260,365,2.4722379833022600
Kentucky,2009,Male,White,1045,140747,742.4669797580060,365,2.0341561089260400
Kentucky,2010,Female,American Indian/Alaska Native,0,273,0.0,365,0.0
Kentucky,2010,Female,Asian/Pacific Islander,,1193,,365,
Kentucky,2010,Female,Black,59,9227,639.4277663379210,365,1.7518568940765000
Kentucky,2010,Female,White,609,163044,373.5188047398250,365,1.0233391910680100
Kentucky,2010,Male,American Indian/Alaska Native,,313,,365,
Kentucky,2010,Male,Asian/Pacific Islander,,918,,365,
Kentucky,2010,Male,Black,68,6926,981.8076812012710,365,2.6898840580856700
Kentucky,2010,Male,White,957,143420,667.2709524473570,365,1.8281395957461800
Kentucky,2011,Female,American Indian/Alaska Native,,303,,365,
Kentucky,2011,Female,Asian/Pacific Islander,,1306,,365,
Kentucky,2011,Female,Black,44,9571,459.7220771079300,365,1.2595125400217300
Kentucky,2011,Female,White,610,167181,364.8739988395810,365,0.999654791341318
Kentucky,2011,Male,American Indian/Alaska Native,,351,,365,
Kentucky,2011,Male,Asian/Pacific Islander,0,991,0.0,365,0.0
Kentucky,2011,Male,Black,61,7262,839.9889837510330,365,2.301339681509680
Kentucky,2011,Male,White,1060,147581,718.2496391811950,365,1.9678072306334100
Kentucky,2012,Female,American Indian/Alaska Native,0,351,0.0,366,0.0
Kentucky,2012,Female,Asian/Pacific Islander,0,1432,0.0,366,0.0
Kentucky,2012,Female,Black,54,10092,535.077288941736,366,1.4619598058517400
Kentucky,2012,Female,White,617,177243,348.10965736305500,366,0.9511192824127190
Kentucky,2012,Male,American Indian/Alaska Native,,386,,366,
Kentucky,2012,Male,Asian/Pacific Islander,,1042,,366,
Kentucky,2012,Male,Black,59,7726,763.6551902666320,366,2.0864895908924400
Kentucky,2012,Male,White,1111,157026,707.5261421675390,366,1.9331315359768800
Kentucky,2013,Female,American Indian/Alaska Native,0,378,0.0,365,0.0
Kentucky,2013,Female,Asian/Pacific Islander,,1606,,365,
Kentucky,2013,Female,Black,44,10623,414.1956132919140,365,1.1347825021696300
Kentucky,2013,Female,White,647,184048,351.5387290272100,365,0.9631198055540010
Kentucky,2013,Male,American Indian/Alaska Native,,451,,365,
Kentucky,2013,Male,Asian/Pacific Islander,,1098,,365,
Kentucky,2013,Male,Black,62,8268,749.8790517658440,365,2.054463155522860
Kentucky,2013,Male,White,1150,163656,702.6934545632300,365,1.9251875467485800
Kentucky,2014,Female,American Indian/Alaska Native,,414,,365,
Kentucky,2014,Female,Asian/Pacific Islander,,1730,,365,
Kentucky,2014,Female,Black,48,11306,424.5533345126480,365,1.1631598205826000
Kentucky,2014,Female,White,717,191222,374.95685642865400,365,1.02727905870864
Kentucky,2014,Male,American Indian/Alaska Native,0,478,0.0,365,0.0
Kentucky,2014,Male,Asian/Pacific Islander,,1205,,365,
Kentucky,2014,Male,Black,66,8993,733.9041476704100,365,2.0106962949874300
Kentucky,2014,Male,White,1148,170039,675.1392327642480,365,1.8496965281212300
Kentucky,2015,Female,American Indian/Alaska Native,0,453,0.0,365,0.0
Kentucky,2015,Female,Asian/Pacific Islander,,1923,,365,
Kentucky,2015,Female,Black,50,11999,416.70139178264900,365,1.141647648719590
Kentucky,2015,Female,White,721,197299,365.4352024085270,365,1.0011923353658300
Kentucky,2015,Male,American Indian/Alaska Native,0,537,0.0,365,0.0
Kentucky,2015,Male,Asian/Pacific Islander,,1315,,365,
Kentucky,2015,Male,Black,81,9682,836.6040074364800,365,2.2920657737985800
Kentucky,2015,Male,White,1220,175658,694.5314190073890,365,1.902825805499700
Kentucky,2016,Female,American Indian/Alaska Native,,467,,366,
Kentucky,2016,Female,Asian/Pacific Islander,,2052,,366,
Kentucky,2016,Female,Black,70,12727,550.0117859668420,366,1.5027644425323600
Kentucky,2016,Female,White,724,203234,356.23960557780700,366,0.9733322556770680
Kentucky,2016,Male,American Indian/Alaska Native,0,545,0.0,366,0.0
Kentucky,2016,Male,Asian/Pacific Islander,0,1349,0.0,366,0.0
Kentucky,2016,Male,Black,85,10318,823.8030626090330,366,2.25082803991539
Kentucky,2016,Male,White,1318,180995,728.1969115168930,366,1.9896090478603600
Kentucky,2017,Female,American Indian/Alaska Native,0,529,0.0,365,0.0
Kentucky,2017,Female,Asian/Pacific Islander,,2180,,365,
Kentucky,2017,Female,Black,67,13463,497.6602540295630,365,1.3634527507659200
Kentucky,2017,Female,White,784,209738,373.7996929502520,365,1.0241087478089100
Kentucky,2017,Male,American Indian/Alaska Native,,580,,365,
Kentucky,2017,Male,Asian/Pacific Islander,,1516,,365,
Kentucky,2017,Male,Black,84,10943,767.6139998172350,365,2.1030520542937900
Kentucky,2017,Male,White,1266,186444,679.024264658557,365,1.8603404511193300
Kentucky,2018,Female,American Indian/Alaska Native,0,569,0.0,365,0.0
Kentucky,2018,Female,Asian/Pacific Islander,,2194,,365,
Kentucky,2018,Female,Black,59,14297,412.6739875498360,365,1.1306136645201000
Kentucky,2018,Female,White,836,214343,390.02906556313900,365,1.0685727823647700
Kentucky,2018,Male,American Indian/Alaska Native,0,618,0.0,365,0.0
Kentucky,2018,Male,Asian/Pacific Islander,,1578,,365,
Kentucky,2018,Male,Black,132,11495,1148.3253588516700,365,3.146096873566230
Kentucky,2018,Male,White,1341,190111,705.3773847909910,365,1.932540780249290
Kentucky,2019,Female,American Indian/Alaska Native,,599,,365,
Kentucky,2019,Female,Asian/Pacific Islander,,2256,,365,
Kentucky,2019,Female,Black,59,15156,389.2847717075750,365,1.0665336211166400
Kentucky,2019,Female,White,743,220210,337.40520412333700,365,0.9243978195159910
Kentucky,2019,Male,American Indian/Alaska Native,,671,,365,
Kentucky,2019,Male,Asian/Pacific Islander,,1665,,365,
Kentucky,2019,Male,Black,109,12140,897.8583196046130,365,2.4598858071359300
Kentucky,2019,Male,White,1394,195179,714.2161810440670,365,1.9567566603947000
Kentucky,2020,Female,American Indian/Alaska Native,0,631,0.0,366,0.0
Kentucky,2020,Female,Asian/Pacific Islander,,2417,,366,
Kentucky,2020,Female,Black,85,16063,529.1664072713690,366,1.4458098559327000
Kentucky,2020,Female,White,848,227131,373.35282282031100,366,1.0200896798369100
Kentucky,2020,Male,American Indian/Alaska Native,,706,,366,
Kentucky,2020,Male,Asian/Pacific Islander,,1734,,366,
Kentucky,2020,Male,Black,112,12855,871.2563204978610,366,2.3804817499941600
Kentucky,2020,Male,White,1457,200825,725.5072824598530,366,1.9822603345897600
Kentucky,2021,Female,American Indian/Alaska Native,0,656,0.0,365,0.0
Kentucky,2021,Female,Asian/Pacific Islander,0,78,0.0,365,0.0
Kentucky,2021,Female,Black,100,16643,600.8532115604160,365,1.6461731823573000
Kentucky,2021,Female,White,941,230248,408.6897606059550,365,1.1196979742628900
Kentucky,2021,Male,American Indian/Alaska Native,,708,,365,
Kentucky,2021,Male,Asian/Pacific Islander,0,84,0.0,365,0.0
Kentucky,2021,Male,Black,131,13561,966.005456824718,365,2.64659029267046
Kentucky,2021,Male,White,1558,206908,752.991667794382,365,2.06299087066954
Kentucky,2022,Female,American Indian/Alaska Native,,705,,365,
Kentucky,2022,Female,Asian/Pacific Islander,0,94,0.0,365,0.0
Kentucky,2022,Female,Black,90,17122,525.6395280925130,365,1.44010829614387
Kentucky,2022,Female,White,942,230099,409.38900212517200,365,1.1216137044525300
Kentucky,2022,Male,American Indian/Alaska Native,,706,,365,
Kentucky,2022,Male,Asian/Pacific Islander,0,95,0.0,365,0.0
Kentucky,2022,Male,Black,147,13996,1050.3000857387800,365,2.8775344814761200
Kentucky,2022,Male,White,1530,206317,741.5772815618680,365,2.031718579621560
Kentucky,2023,Female,American Indian/Alaska Native,0,752,0.0,365,0.0
Kentucky,2023,Female,Asian/Pacific Islander,0,94,0.0,365,0.0
Kentucky,2023,Female,Black,84,17782,472.38780789562500,365,1.2942131723167800
Kentucky,2023,Female,White,837,233676,358.18826066861800,365,0.9813377004619670
Kentucky,2023,Male,American Indian/Alaska Native,0,755,0.0,365,0.0
Kentucky,2023,Male,Asian/Pacific Islander,0,100,0.0,365,0.0
Kentucky,2023,Male,Black,167,14584,1145.0905101481100,365,3.1372342743783800
Kentucky,2023,Male,White,1430,208816,684.8134242586780,365,1.8762011623525400
Kentucky,2024,Female,American Indian/Alaska Native,,798,,366,
Kentucky,2024,Female,Asian/Pacific Islander,0,97,0.0,366,0.0
Kentucky,2024,Female,Black,83,18428,450.40156283915800,366,1.2306053629485200
Kentucky,2024,Female,White,934,236471,394.97443661167800,366,1.0791651273543100
Kentucky,2024,Male,American Indian/Alaska Native,,803,,366,
Kentucky,2024,Male,Asian/Pacific Islander,0,115,0.0,366,0.0
Kentucky,2024,Male,Black,150,15105,993.0486593843100,366,2.7132477032358200
Kentucky,2024,Male,White,1486,211203,703.5884906937870,366,1.9223729253928600
Kentucky,2025,Female,American Indian/Alaska Native,0,798,0.0,365,0.0
Kentucky,2025,Female,Asian/Pacific Islander,,2635,,365,
Kentucky,2025,Female,Black,106,18428,575.2116344692860,365,1.5759222862172200
Kentucky,2025,Female,White,910,236471,384.82520055313300,365,1.05431561795379
Kentucky,2025,Male,American Indian/Alaska Native,,803,,365,
Kentucky,2025,Male,Asian/Pacific Islander,0,115,0.0,365,0.0
Kentucky,2025,Male,Black,133,15105,880.503144654088,365,2.41233738261394
Kentucky,2025,Male,White,1551,211203,734.3645686851040,365,2.0119577224249400
Louisiana,1999,Female,American Indian/Alaska Native,0,509,0.0,365,0.0
Louisiana,1999,Female,Asian/Pacific Islander,,1009,,365,
Louisiana,1999,Female,Black,340,39309,864.9418708183880,365,2.3697037556668200
Louisiana,1999,Female,White,671,117952,568.8754747693980,365,1.5585629445736900
Louisiana,1999,Male,American Indian/Alaska Native,,440,,365,
Louisiana,1999,Male,Asian/Pacific Islander,,838,,365,
Louisiana,1999,Male,Black,361,27414,1316.8454074560400,365,3.6077956368658800
Louisiana,1999,Male,White,1022,96162,1062.7898754185600,365,2.911753083338530
Louisiana,2000,Female,American Indian/Alaska Native,,576,,366,
Louisiana,2000,Female,Asian/Pacific Islander,,1149,,366,
Louisiana,2000,Female,Black,308,39279,784.1340156317630,366,2.1424426656605500
Louisiana,2000,Female,White,614,117118,524.2575863658870,366,1.4323977769559800
Louisiana,2000,Male,American Indian/Alaska Native,,539,,366,
Louisiana,2000,Male,Asian/Pacific Islander,,954,,366,
Louisiana,2000,Male,Black,357,27124,1316.1775549329000,366,3.596113538068040
Louisiana,2000,Male,White,981,96186,1019.8989457925300,366,2.7866091415096400
Louisiana,2001,Female,American Indian/Alaska Native,,579,,365,
Louisiana,2001,Female,Asian/Pacific Islander,,1211,,365,
Louisiana,2001,Female,Black,302,39605,762.5299835879310,365,2.0891232427066600
Louisiana,2001,Female,White,550,115446,476.4132148363740,365,1.3052416844832200
Louisiana,2001,Male,American Indian/Alaska Native,,530,,365,
Louisiana,2001,Male,Asian/Pacific Islander,,1002,,365,
Louisiana,2001,Male,Black,315,27608,1140.973630831640,365,3.1259551529634100
Louisiana,2001,Male,White,896,95765,935.6236620894900,365,2.5633524988753100
Louisiana,2002,Female,American Indian/Alaska Native,,595,,365,
Louisiana,2002,Female,Asian/Pacific Islander,,1316,,365,
Louisiana,2002,Female,Black,313,39893,784.5988017948010,365,2.149585758341920
Louisiana,2002,Female,White,525,114240,459.55882352941200,365,1.259065269943590
Louisiana,2002,Male,American Indian/Alaska Native,,557,,365,
Louisiana,2002,Male,Asian/Pacific Islander,,1072,,365,
Louisiana,2002,Male,Black,324,28045,1155.286147263330,365,3.165167526748840
Louisiana,2002,Male,White,896,95697,936.2884938921810,365,2.5651739558689900
Louisiana,2003,Female,American Indian/Alaska Native,,595,,365,
Louisiana,2003,Female,Asian/Pacific Islander,,1388,,365,
Louisiana,2003,Female,Black,289,40130,720.1594816845250,365,1.9730396758480100
Louisiana,2003,Female,White,553,114067,484.8027913419310,365,1.3282268255943300
Louisiana,2003,Male,American Indian/Alaska Native,,592,,365,
Louisiana,2003,Male,Asian/Pacific Islander,,1144,,365,
Louisiana,2003,Male,Black,345,28481,1211.3338717039400,365,3.318722936175190
Louisiana,2003,Male,White,862,96461,893.6254030126170,365,2.4482887753770300
Louisiana,2004,Female,American Indian/Alaska Native,,619,,366,
Louisiana,2004,Female,Asian/Pacific Islander,,1416,,366,
Louisiana,2004,Female,Black,291,40544,717.7387529597470,366,1.9610348441523200
Louisiana,2004,Female,White,513,114110,449.566208044869,366,1.2283229728001900
Louisiana,2004,Male,American Indian/Alaska Native,,633,,366,
Louisiana,2004,Male,Asian/Pacific Islander,0,1199,0.0,366,0.0
Louisiana,2004,Male,Black,351,29028,1209.1773460107500,366,3.3037632404665300
Louisiana,2004,Male,White,795,96920,820.2641353693770,366,2.241158839807040
Louisiana,2005,Female,American Indian/Alaska Native,,655,,365,
Louisiana,2005,Female,Asian/Pacific Islander,,1495,,365,
Louisiana,2005,Female,Black,262,41039,638.4171154267890,365,1.749087987470660
Louisiana,2005,Female,White,481,114833,418.86914040389100,365,1.1475866860380600
Louisiana,2005,Male,American Indian/Alaska Native,,675,,365,
Louisiana,2005,Male,Asian/Pacific Islander,,1244,,365,
Louisiana,2005,Male,Black,351,29545,1188.0182772042600,365,3.2548445950801800
Louisiana,2005,Male,White,783,98324,796.3467718969940,365,2.1817719777999800
Louisiana,2006,Female,American Indian/Alaska Native,,665,,365,
Louisiana,2006,Female,Asian/Pacific Islander,,1452,,365,
Louisiana,2006,Female,Black,249,38105,653.4575515024280,365,1.7902946616504900
Louisiana,2006,Female,White,421,112203,375.2127839719080,365,1.027980230060020
Louisiana,2006,Male,American Indian/Alaska Native,,672,,365,
Louisiana,2006,Male,Asian/Pacific Islander,,1236,,365,
Louisiana,2006,Male,Black,293,28102,1042.6304177638600,365,2.8565216925037300
Louisiana,2006,Male,White,749,97083,771.5047948662480,365,2.113711766756850
Louisiana,2007,Female,American Indian/Alaska Native,,698,,365,
Louisiana,2007,Female,Asian/Pacific Islander,,1502,,365,
Louisiana,2007,Female,Black,222,39348,564.1964013418730,365,1.5457435653202000
Louisiana,2007,Female,White,446,113893,391.595620450774,365,1.0728647135637600
Louisiana,2007,Male,American Indian/Alaska Native,,692,,365,
Louisiana,2007,Male,Asian/Pacific Islander,,1320,,365,
Louisiana,2007,Male,Black,320,28948,1105.4304269725000,365,3.0285765122534300
Louisiana,2007,Male,White,679,99365,683.339203945051,365,1.8721622025891800
Louisiana,2008,Female,American Indian/Alaska Native,,758,,366,
Louisiana,2008,Female,Asian/Pacific Islander,,1595,,366,
Louisiana,2008,Female,Black,230,40937,561.8389232234900,366,1.5350790252007900
Louisiana,2008,Female,White,431,117399,367.12408112505200,366,1.0030712599045100
Louisiana,2008,Male,American Indian/Alaska Native,0,723,0.0,366,0.0
Louisiana,2008,Male,Asian/Pacific Islander,,1410,,366,
Louisiana,2008,Male,Black,293,30157,971.5820539178300,366,2.654595775731780
Louisiana,2008,Male,White,705,102813,685.7109509497830,366,1.8735271883873800
Louisiana,2009,Female,American Indian/Alaska Native,,816,,365,
Louisiana,2009,Female,Asian/Pacific Islander,,1718,,365,
Louisiana,2009,Female,Black,251,42124,595.8598423701450,365,1.632492718822320
Louisiana,2009,Female,White,446,120791,369.2328070799980,365,1.011596731726020
Louisiana,2009,Male,American Indian/Alaska Native,,771,,365,
Louisiana,2009,Male,Asian/Pacific Islander,,1508,,365,
Louisiana,2009,Male,Black,314,31393,1000.2229796451400,365,2.7403369305346400
Louisiana,2009,Male,White,784,106443,736.5444416260350,365,2.017929977057630
Louisiana,2010,Female,American Indian/Alaska Native,,856,,365,
Louisiana,2010,Female,Asian/Pacific Islander,,1807,,365,
Louisiana,2010,Female,Black,228,43060,529.493729679517,365,1.4506677525466200
Louisiana,2010,Female,White,432,123020,351.1624126158350,365,0.9620888016872190
Louisiana,2010,Male,American Indian/Alaska Native,,781,,365,
Louisiana,2010,Male,Asian/Pacific Islander,,1599,,365,
Louisiana,2010,Male,Black,296,32299,916.4370413944710,365,2.5107864147793700
Louisiana,2010,Male,White,794,108572,731.3119404634710,365,2.0035943574341700
Louisiana,2011,Female,American Indian/Alaska Native,,920,,365,
Louisiana,2011,Female,Asian/Pacific Islander,0,1992,0.0,365,0.0
Louisiana,2011,Female,Black,242,44801,540.1665141403100,365,1.479908257918660
Louisiana,2011,Female,White,460,126238,364.39107083445600,365,0.9983317009163170
Louisiana,2011,Male,American Indian/Alaska Native,,873,,365,
Louisiana,2011,Male,Asian/Pacific Islander,,1733,,365,
Louisiana,2011,Male,Black,324,33747,960.0853409191930,365,2.6303707970388800
Louisiana,2011,Male,White,748,111610,670.1908431144160,365,1.83613929620388
Louisiana,2012,Female,American Indian/Alaska Native,,1009,,366,
Louisiana,2012,Female,Asian/Pacific Islander,,2222,,366,
Louisiana,2012,Female,Black,264,47135,560.0933488914820,366,1.530309696424810
Louisiana,2012,Female,White,453,133794,338.58020539037600,366,0.9250825283890060
Louisiana,2012,Male,American Indian/Alaska Native,,950,,366,
Louisiana,2012,Male,Asian/Pacific Islander,,1862,,366,
Louisiana,2012,Male,Black,330,35713,924.033265197547,366,2.5246810524523100
Louisiana,2012,Male,White,827,118971,695.1273839843320,366,1.899255147498180
Louisiana,2013,Female,American Indian/Alaska Native,,1136,,365,
Louisiana,2013,Female,Asian/Pacific Islander,,2404,,365,
Louisiana,2013,Female,Black,285,49187,579.4213918311750,365,1.5874558680306200
Louisiana,2013,Female,White,482,138025,349.21209925738100,365,0.956745477417482
Louisiana,2013,Male,American Indian/Alaska Native,,1050,,365,
Louisiana,2013,Male,Asian/Pacific Islander,,2012,,365,
Louisiana,2013,Male,Black,329,37738,871.8003073824790,365,2.3884939928287100
Louisiana,2013,Male,White,860,123606,695.7591055450380,365,1.906189330260380
Louisiana,2014,Female,American Indian/Alaska Native,,1205,,365,
Louisiana,2014,Female,Asian/Pacific Islander,,2587,,365,
Louisiana,2014,Female,Black,276,51993,530.8406900928970,365,1.4543580550490300
Louisiana,2014,Female,White,503,143227,351.1907671039680,365,0.9621664852163500
Louisiana,2014,Male,American Indian/Alaska Native,,1087,,365,
Louisiana,2014,Male,Asian/Pacific Islander,,2148,,365,
Louisiana,2014,Male,Black,389,40083,970.4862410498220,365,2.6588664138351300
Louisiana,2014,Male,White,871,128402,678.3383436395070,365,1.8584612154507000
Louisiana,2015,Female,American Indian/Alaska Native,,1261,,365,
Louisiana,2015,Female,Asian/Pacific Islander,,2865,,365,
Louisiana,2015,Female,Black,303,54975,551.1596180081860,365,1.5100263507073600
Louisiana,2015,Female,White,491,148007,331.7410663009180,365,0.9088796337011460
Louisiana,2015,Male,American Indian/Alaska Native,,1145,,365,
Louisiana,2015,Male,Asian/Pacific Islander,10,2375,421.05263157894700,365,1.1535688536409500
Louisiana,2015,Male,Black,406,42627,952.4479789804580,365,2.60944651775468
Louisiana,2015,Male,White,891,132716,671.3583893426560,365,1.8393380529935800
Louisiana,2016,Female,American Indian/Alaska Native,0,1358,0.0,366,0.0
Louisiana,2016,Female,Asian/Pacific Islander,,3047,,366,
Louisiana,2016,Female,Black,302,58357,517.5043268159780,366,1.413946248131090
Louisiana,2016,Female,White,555,152980,362.79252189828700,366,0.9912363986292010
Louisiana,2016,Male,American Indian/Alaska Native,,1238,,366,
Louisiana,2016,Male,Asian/Pacific Islander,,2584,,366,
Louisiana,2016,Male,Black,437,45048,970.0763629905880,366,2.6504818660945000
Louisiana,2016,Male,White,920,137297,670.0801911185240,366,1.8308201943129100
Louisiana,2017,Female,American Indian/Alaska Native,,1470,,365,
Louisiana,2017,Female,Asian/Pacific Islander,,3324,,365,
Louisiana,2017,Female,Black,326,61537,529.7625818613190,365,1.451404333866630
Louisiana,2017,Female,White,532,157187,338.4503807566780,365,0.9272613171415850
Louisiana,2017,Male,American Indian/Alaska Native,,1323,,365,
Louisiana,2017,Male,Asian/Pacific Islander,,2771,,365,
Louisiana,2017,Male,Black,480,47325,1014.2630744849400,365,2.7788029437943700
Louisiana,2017,Male,White,954,141482,674.2907224947340,365,1.847371842451330
Louisiana,2018,Female,American Indian/Alaska Native,,1541,,365,
Louisiana,2018,Female,Asian/Pacific Islander,,3388,,365,
Louisiana,2018,Female,Black,347,64400,538.8198757763980,365,1.4762188377435500
Louisiana,2018,Female,White,541,160362,337.36171911051200,365,0.9242786824945550
Louisiana,2018,Male,American Indian/Alaska Native,,1385,,365,
Louisiana,2018,Male,Asian/Pacific Islander,,2883,,365,
Louisiana,2018,Male,Black,457,49329,926.4327271990110,365,2.538171855339760
Louisiana,2018,Male,White,999,144658,690.5943674044990,365,1.8920393627520500
Louisiana,2019,Female,American Indian/Alaska Native,,1626,,365,
Louisiana,2019,Female,Asian/Pacific Islander,,3552,,365,
Louisiana,2019,Female,Black,367,67792,541.361812603257,365,1.4831830482281000
Louisiana,2019,Female,White,540,164834,327.60231505636000,365,0.8975405891955060
Louisiana,2019,Male,American Indian/Alaska Native,,1457,,365,
Louisiana,2019,Male,Asian/Pacific Islander,10,2966,337.1544167228590,365,0.9237107307475590
Louisiana,2019,Male,Black,502,51642,972.0769915959880,365,2.6632246345095600
Louisiana,2019,Male,White,922,148665,620.1863249588,365,1.6991406163254800
Louisiana,2020,Female,American Indian/Alaska Native,,1718,,366,
Louisiana,2020,Female,Asian/Pacific Islander,,3772,,366,
Louisiana,2020,Female,Black,419,71044,589.7753504870220,366,1.6114080614399500
Louisiana,2020,Female,White,594,169734,349.95934815652700,366,0.9561730823948830
Louisiana,2020,Male,American Indian/Alaska Native,,1536,,366,
Louisiana,2020,Male,Asian/Pacific Islander,13,3175,409.4488188976380,366,1.118712619938900
Louisiana,2020,Male,Black,561,54085,1037.2561708421900,366,2.8340332536671900
Louisiana,2020,Male,White,1124,153218,733.5952694853090,366,2.004358659795930
Louisiana,2021,Female,American Indian/Alaska Native,,1661,,365,
Louisiana,2021,Female,Asian/Pacific Islander,0,89,0.0,365,0.0
Louisiana,2021,Female,Black,413,72503,569.6316014509750,365,1.5606345245232200
Louisiana,2021,Female,White,635,171061,371.2126083677750,365,1.0170208448432200
Louisiana,2021,Male,American Indian/Alaska Native,,1547,,365,
Louisiana,2021,Male,Asian/Pacific Islander,,3114,,365,
Louisiana,2021,Male,Black,596,56216,1060.196385370710,365,2.9046476311526400
Louisiana,2021,Male,White,1136,157731,720.2135280953020,365,1.9731877482063100
Louisiana,2022,Female,American Indian/Alaska Native,,1672,,365,
Louisiana,2022,Female,Asian/Pacific Islander,0,96,0.0,365,0.0
Louisiana,2022,Female,Black,414,73312,564.7097337407250,365,1.5471499554540400
Louisiana,2022,Female,White,651,170362,382.12746974090500,365,1.0469245746326200
Louisiana,2022,Male,American Indian/Alaska Native,,1589,,365,
Louisiana,2022,Male,Asian/Pacific Islander,11,3188,345.0439146800500,365,0.9453257936439730
Louisiana,2022,Male,Black,621,56171,1105.5526873297600,365,3.0289114721363300
Louisiana,2022,Male,White,1089,156776,694.6216257590450,365,1.9030729472850500
Louisiana,2023,Female,American Indian/Alaska Native,,1725,,365,
Louisiana,2023,Female,Asian/Pacific Islander,0,97,0.0,365,0.0
Louisiana,2023,Female,Black,412,75398,546.4335924029820,365,1.4970783353506300
Louisiana,2023,Female,White,596,172448,345.61143069215100,365,0.9468806320332900
Louisiana,2023,Male,American Indian/Alaska Native,,1697,,365,
Louisiana,2023,Male,Asian/Pacific Islander,15,3323,451.39933794763800,365,1.2367105149250300
Louisiana,2023,Male,Black,620,57784,1072.961373390560,365,2.9396202010700200
Louisiana,2023,Male,White,1040,158264,657.1298589698230,365,1.8003557779995100
Louisiana,2024,Female,American Indian/Alaska Native,,1810,,366,
Louisiana,2024,Female,Asian/Pacific Islander,0,101,0.0,366,0.0
Louisiana,2024,Female,Black,406,77463,524.121193343919,366,1.4320251184260100
Louisiana,2024,Female,White,654,174179,375.475803627303,366,1.02589017384509
Louisiana,2024,Male,American Indian/Alaska Native,,1736,,366,
Louisiana,2024,Male,Asian/Pacific Islander,13,3394,383.02887448438400,366,1.0465269794655300
Louisiana,2024,Male,Black,588,59083,995.2101281248410,366,2.7191533555323500
Louisiana,2024,Male,White,1175,160134,733.7604756016840,366,2.004810042627550
Louisiana,2025,Female,American Indian/Alaska Native,,1810,,365,
Louisiana,2025,Female,Asian/Pacific Islander,0,101,0.0,365,0.0
Louisiana,2025,Female,Black,386,77463,498.30241534668200,365,1.3652120968402200
Louisiana,2025,Female,White,632,174179,362.8451191016140,365,0.9940962167167500
Louisiana,2025,Male,American Indian/Alaska Native,,1736,,365,
Louisiana,2025,Male,Asian/Pacific Islander,13,3394,383.02887448438400,365,1.0493941766695500
Louisiana,2025,Male,Black,660,59083,1117.0725927931900,365,3.060472856967640
Louisiana,2025,Male,White,1072,160134,669.4393445489400,365,1.8340803960244900
Maine,1999,Female,American Indian/Alaska Native,,95,,365,
Maine,1999,Female,Asian/Pacific Islander,0,177,0.0,365,0.0
Maine,1999,Female,Black,0,71,0.0,365,0.0
Maine,1999,Female,White,239,51833,461.0962128373820,365,1.263277295444880
Maine,1999,Male,American Indian/Alaska Native,,85,,365,
Maine,1999,Male,Asian/Pacific Islander,,82,,365,
Maine,1999,Male,Black,0,76,0.0,365,0.0
Maine,1999,Male,White,367,43555,842.6127884284240,365,2.3085281874751300
Maine,2000,Female,American Indian/Alaska Native,,125,,366,
Maine,2000,Female,Asian/Pacific Islander,0,209,0.0,366,0.0
Maine,2000,Female,Black,0,73,0.0,366,0.0
Maine,2000,Female,White,199,51655,385.24828187010000,366,1.0525909340713100
Maine,2000,Male,American Indian/Alaska Native,,119,,366,
Maine,2000,Male,Asian/Pacific Islander,,108,,366,
Maine,2000,Male,Black,0,101,0.0,366,0.0
Maine,2000,Male,White,352,43806,803.542893667534,366,2.1954723870697600
Maine,2001,Female,American Indian/Alaska Native,,141,,365,
Maine,2001,Female,Asian/Pacific Islander,0,224,0.0,365,0.0
Maine,2001,Female,Black,0,97,0.0,365,0.0
Maine,2001,Female,White,196,51273,382.2674702084920,365,1.0473081375575100
Maine,2001,Male,American Indian/Alaska Native,,113,,365,
Maine,2001,Male,Asian/Pacific Islander,0,125,0.0,365,0.0
Maine,2001,Male,Black,0,113,0.0,365,0.0
Maine,2001,Male,White,310,44137,702.3585653759880,365,1.9242700421260000
Maine,2002,Female,American Indian/Alaska Native,,142,,365,
Maine,2002,Female,Asian/Pacific Islander,0,235,0.0,365,0.0
Maine,2002,Female,Black,0,105,0.0,365,0.0
Maine,2002,Female,White,195,51031,382.120671748545,365,1.0469059499960100
Maine,2002,Male,American Indian/Alaska Native,,134,,365,
Maine,2002,Male,Asian/Pacific Islander,0,142,0.0,365,0.0
Maine,2002,Male,Black,0,118,0.0,365,0.0
Maine,2002,Male,White,320,44439,720.0882108058240,365,1.9728444131666400
Maine,2003,Female,American Indian/Alaska Native,,157,,365,
Maine,2003,Female,Asian/Pacific Islander,,253,,365,
Maine,2003,Female,Black,0,114,0.0,365,0.0
Maine,2003,Female,White,168,51024,329.2568203198500,365,0.9020734803283550
Maine,2003,Male,American Indian/Alaska Native,,150,,365,
Maine,2003,Male,Asian/Pacific Islander,0,149,0.0,365,0.0
Maine,2003,Male,Black,0,134,0.0,365,0.0
Maine,2003,Male,White,300,44668,671.6217426345480,365,1.840059568861780
Maine,2004,Female,American Indian/Alaska Native,0,164,0.0,366,0.0
Maine,2004,Female,Asian/Pacific Islander,,275,,366,
Maine,2004,Female,Black,0,122,0.0,366,0.0
Maine,2004,Female,White,158,51082,309.3066050663640,366,0.8451000138425240
Maine,2004,Male,American Indian/Alaska Native,,153,,366,
Maine,2004,Male,Asian/Pacific Islander,0,161,0.0,366,0.0
Maine,2004,Male,Black,,141,,366,
Maine,2004,Male,White,274,45061,608.0646235103530,366,1.6613787527605300
Maine,2005,Female,American Indian/Alaska Native,,176,,365,
Maine,2005,Female,Asian/Pacific Islander,0,279,0.0,365,0.0
Maine,2005,Female,Black,,141,,365,
Maine,2005,Female,White,157,51320,305.9236165237720,365,0.8381468945856780
Maine,2005,Male,American Indian/Alaska Native,0,163,0.0,365,0.0
Maine,2005,Male,Asian/Pacific Islander,,171,,365,
Maine,2005,Male,Black,0,157,0.0,365,0.0
Maine,2005,Male,White,286,45451,629.2490814283520,365,1.7239700861050700
Maine,2006,Female,American Indian/Alaska Native,0,188,0.0,365,0.0
Maine,2006,Female,Asian/Pacific Islander,0,288,0.0,365,0.0
Maine,2006,Female,Black,0,148,0.0,365,0.0
Maine,2006,Female,White,142,51823,274.0096096327890,365,0.7507112592679140
Maine,2006,Male,American Indian/Alaska Native,0,167,0.0,365,0.0
Maine,2006,Male,Asian/Pacific Islander,0,182,0.0,365,0.0
Maine,2006,Male,Black,0,182,0.0,365,0.0
Maine,2006,Male,White,259,46369,558.5628329271710,365,1.5303091313073200
Maine,2007,Female,American Indian/Alaska Native,0,209,0.0,365,0.0
Maine,2007,Female,Asian/Pacific Islander,,287,,365,
Maine,2007,Female,Black,0,161,0.0,365,0.0
Maine,2007,Female,White,129,52756,244.5219501099400,365,0.6699231509861370
Maine,2007,Male,American Indian/Alaska Native,,179,,365,
Maine,2007,Male,Asian/Pacific Islander,0,198,0.0,365,0.0
Maine,2007,Male,Black,0,181,0.0,365,0.0
Maine,2007,Male,White,274,47618,575.4126590785000,365,1.5764730385712300
Maine,2008,Female,American Indian/Alaska Native,,233,,366,
Maine,2008,Female,Asian/Pacific Islander,0,299,0.0,366,0.0
Maine,2008,Female,Black,0,165,0.0,366,0.0
Maine,2008,Female,White,112,55063,203.40337431669200,366,0.5557469243625460
Maine,2008,Male,American Indian/Alaska Native,,191,,366,
Maine,2008,Male,Asian/Pacific Islander,0,185,0.0,366,0.0
Maine,2008,Male,Black,0,214,0.0,366,0.0
Maine,2008,Male,White,273,49632,550.0483558994200,366,1.5028643603809300
Maine,2009,Female,American Indian/Alaska Native,0,249,0.0,365,0.0
Maine,2009,Female,Asian/Pacific Islander,0,323,0.0,365,0.0
Maine,2009,Female,Black,0,180,0.0,365,0.0
Maine,2009,Female,White,133,56955,233.5176894039150,365,0.6397744915175760
Maine,2009,Male,American Indian/Alaska Native,0,192,0.0,365,0.0
Maine,2009,Male,Asian/Pacific Islander,0,209,0.0,365,0.0
Maine,2009,Male,Black,,232,,365,
Maine,2009,Male,White,234,51689,452.70753932171300,365,1.2402946282786600
Maine,2010,Female,American Indian/Alaska Native,0,262,0.0,365,0.0
Maine,2010,Female,Asian/Pacific Islander,0,348,0.0,365,0.0
Maine,2010,Female,Black,,193,,365,
Maine,2010,Female,White,127,58182,218.28056787322500,365,0.5980289530773300
Maine,2010,Male,American Indian/Alaska Native,0,206,0.0,365,0.0
Maine,2010,Male,Asian/Pacific Islander,0,235,0.0,365,0.0
Maine,2010,Male,Black,0,241,0.0,365,0.0
Maine,2010,Male,White,258,52984,486.93945341990000,365,1.3340806943011000
Maine,2011,Female,American Indian/Alaska Native,,288,,365,
Maine,2011,Female,Asian/Pacific Islander,0,357,0.0,365,0.0
Maine,2011,Female,Black,0,207,0.0,365,0.0
Maine,2011,Female,White,139,60050,231.47377185678600,365,0.6341747174158520
Maine,2011,Male,American Indian/Alaska Native,,228,,365,
Maine,2011,Male,Asian/Pacific Islander,,261,,365,
Maine,2011,Male,Black,,257,,365,
Maine,2011,Male,White,236,55065,428.584400254245,365,1.174203836313
Maine,2012,Female,American Indian/Alaska Native,,307,,366,
Maine,2012,Female,Asian/Pacific Islander,,416,,366,
Maine,2012,Female,Black,,240,,366,
Maine,2012,Female,White,104,64309,161.7191994899630,366,0.44185573631137300
Maine,2012,Male,American Indian/Alaska Native,,247,,366,
Maine,2012,Male,Asian/Pacific Islander,0,289,0.0,366,0.0
Maine,2012,Male,Black,,281,,366,
Maine,2012,Male,White,232,59602,389.24868293010300,366,1.0635209916123000
Maine,2013,Female,American Indian/Alaska Native,,340,,365,
Maine,2013,Female,Asian/Pacific Islander,,453,,365,
Maine,2013,Female,Black,,256,,365,
Maine,2013,Female,White,138,67890,203.26999558108700,365,0.5569040974824300
Maine,2013,Male,American Indian/Alaska Native,0,295,0.0,365,0.0
Maine,2013,Male,Asian/Pacific Islander,0,311,0.0,365,0.0
Maine,2013,Male,Black,,318,,365,
Maine,2013,Male,White,275,63507,433.02313130836000,365,1.1863647433105700
Maine,2014,Female,American Indian/Alaska Native,,367,,365,
Maine,2014,Female,Asian/Pacific Islander,,500,,365,
Maine,2014,Female,Black,0,269,0.0,365,0.0
Maine,2014,Female,White,139,71474,194.47631306489100,365,0.532811816616139
Maine,2014,Male,American Indian/Alaska Native,,318,,365,
Maine,2014,Male,Asian/Pacific Islander,0,371,0.0,365,0.0
Maine,2014,Male,Black,,350,,365,
Maine,2014,Male,White,267,66727,400.1378752229230,365,1.0962681512956800
Maine,2015,Female,American Indian/Alaska Native,,386,,365,
Maine,2015,Female,Asian/Pacific Islander,0,551,0.0,365,0.0
Maine,2015,Female,Black,0,264,0.0,365,0.0
Maine,2015,Female,White,170,74411,228.46084584268500,365,0.625920125596396
Maine,2015,Male,American Indian/Alaska Native,,348,,365,
Maine,2015,Male,Asian/Pacific Islander,0,476,0.0,365,0.0
Maine,2015,Male,Black,,400,,365,
Maine,2015,Male,White,334,69577,480.04369259956600,365,1.3151881989029200
Maine,2016,Female,American Indian/Alaska Native,0,404,0.0,366,0.0
Maine,2016,Female,Asian/Pacific Islander,,587,,366,
Maine,2016,Female,Black,,305,,366,
Maine,2016,Female,White,172,77608,221.62663642923400,366,0.6055372580033720
Maine,2016,Male,American Indian/Alaska Native,,366,,366,
Maine,2016,Male,Asian/Pacific Islander,0,495,0.0,366,0.0
Maine,2016,Male,Black,,415,,366,
Maine,2016,Male,White,367,72151,508.65545869080100,366,1.3897690128164000
Maine,2017,Female,American Indian/Alaska Native,0,414,0.0,365,0.0
Maine,2017,Female,Asian/Pacific Islander,,678,,365,
Maine,2017,Female,Black,,316,,365,
Maine,2017,Female,White,150,80886,185.4461835175430,365,0.5080717356645020
Maine,2017,Male,American Indian/Alaska Native,,399,,365,
Maine,2017,Male,Asian/Pacific Islander,,483,,365,
Maine,2017,Male,Black,0,393,0.0,365,0.0
Maine,2017,Male,White,328,74951,437.6192445731210,365,1.198956834446910
Maine,2018,Female,American Indian/Alaska Native,0,446,0.0,365,0.0
Maine,2018,Female,Asian/Pacific Islander,,678,,365,
Maine,2018,Female,Black,,338,,365,
Maine,2018,Female,White,158,83519,189.17851027909800,365,0.5182972884358850
Maine,2018,Male,American Indian/Alaska Native,,424,,365,
Maine,2018,Male,Asian/Pacific Islander,,499,,365,
Maine,2018,Male,Black,,423,,365,
Maine,2018,Male,White,331,77040,429.64693665628200,365,1.177114894948720
Maine,2019,Female,American Indian/Alaska Native,0,459,0.0,365,0.0
Maine,2019,Female,Asian/Pacific Islander,,734,,365,
Maine,2019,Female,Black,,313,,365,
Maine,2019,Female,White,162,86608,187.04969517827500,365,0.5124649182966430
Maine,2019,Male,American Indian/Alaska Native,,462,,365,
Maine,2019,Male,Asian/Pacific Islander,,510,,365,
Maine,2019,Male,Black,,468,,365,
Maine,2019,Male,White,357,79525,448.9154353976740,365,1.22990530245938
Maine,2020,Female,American Indian/Alaska Native,,497,,366,
Maine,2020,Female,Asian/Pacific Islander,,773,,366,
Maine,2020,Female,Black,0,342,0.0,366,0.0
Maine,2020,Female,White,180,89868,200.29376418747500,366,0.5472507218237020
Maine,2020,Male,American Indian/Alaska Native,,485,,366,
Maine,2020,Male,Asian/Pacific Islander,,530,,366,
Maine,2020,Male,Black,,540,,366,
Maine,2020,Male,White,347,82333,421.4591961910780,366,1.1515278584455700
Maine,2021,Female,American Indian/Alaska Native,,461,,365,
Maine,2021,Female,Asian/Pacific Islander,0,779,0.0,365,0.0
Maine,2021,Female,Black,,308,,365,
Maine,2021,Female,White,205,92715,221.1076956263820,365,0.6057745085654300
Maine,2021,Male,American Indian/Alaska Native,,460,,365,
Maine,2021,Male,Asian/Pacific Islander,0,506,0.0,365,0.0
Maine,2021,Male,Black,0,569,0.0,365,0.0
Maine,2021,Male,White,385,85930,448.039101594321,365,1.2275043879296500
Maine,2022,Female,American Indian/Alaska Native,,485,,365,
Maine,2022,Female,Asian/Pacific Islander,0,20,0.0,365,0.0
Maine,2022,Female,Black,,347,,365,
Maine,2022,Female,White,223,93863,237.5803032078670,365,0.6509049402955260
Maine,2022,Male,American Indian/Alaska Native,,476,,365,
Maine,2022,Male,Asian/Pacific Islander,0,21,0.0,365,0.0
Maine,2022,Male,Black,,610,,365,
Maine,2022,Male,White,429,86505,495.9250910352000,365,1.358698879548490
Maine,2023,Female,American Indian/Alaska Native,,516,,365,
Maine,2023,Female,Asian/Pacific Islander,0,960,0.0,365,0.0
Maine,2023,Female,Black,,360,,365,
Maine,2023,Female,White,205,96762,211.86002769682300,365,0.5804384320460910
Maine,2023,Male,American Indian/Alaska Native,,505,,365,
Maine,2023,Male,Asian/Pacific Islander,0,22,0.0,365,0.0
Maine,2023,Male,Black,,677,,365,
Maine,2023,Male,White,395,88503,446.3125543766880,365,1.2227741215799700
Maine,2024,Female,American Indian/Alaska Native,,544,,366,
Maine,2024,Female,Asian/Pacific Islander,0,1009,0.0,366,0.0
Maine,2024,Female,Black,,391,,366,
Maine,2024,Female,White,184,98430,186.9348775779740,366,0.5107510316338090
Maine,2024,Male,American Indian/Alaska Native,,507,,366,
Maine,2024,Male,Asian/Pacific Islander,0,583,0.0,366,0.0
Maine,2024,Male,Black,,731,,366,
Maine,2024,Male,White,423,89397,473.1702406121010,366,1.2928148650603900
Maine,2025,Female,American Indian/Alaska Native,,544,,365,
Maine,2025,Female,Asian/Pacific Islander,0,20,0.0,365,0.0
Maine,2025,Female,Black,,391,,365,
Maine,2025,Female,White,218,98430,221.47719191303500,365,0.606786827158999
Maine,2025,Male,American Indian/Alaska Native,,507,,365,
Maine,2025,Male,Asian/Pacific Islander,0,22,0.0,365,0.0
Maine,2025,Male,Black,,731,,365,
Maine,2025,Male,White,403,89397,450.7981252167300,365,1.235063356758160
Maryland,1999,Female,American Indian/Alaska Native,,317,,365,
Maryland,1999,Female,Asian/Pacific Islander,14,5167,270.95026127346600,365,0.7423294829410030
Maryland,1999,Female,Black,285,37657,756.8313992086460,365,2.073510682763420
Maryland,1999,Female,White,616,135178,455.6954534021810,365,1.2484806942525500
Maryland,1999,Male,American Indian/Alaska Native,,295,,365,
Maryland,1999,Male,Asian/Pacific Islander,12,4336,276.75276752767500,365,0.7582267603497950
Maryland,1999,Male,Black,336,27248,1233.1180270111600,365,3.3784055534552200
Maryland,1999,Male,White,981,111373,880.8238980722440,365,2.4132161591020400
Maryland,2000,Female,American Indian/Alaska Native,,379,,366,
Maryland,2000,Female,Asian/Pacific Islander,,5365,,366,
Maryland,2000,Female,Black,296,38382,771.1948309103230,366,2.107089701940770
Maryland,2000,Female,White,611,133168,458.8189354799950,366,1.2536036488524500
Maryland,2000,Male,American Indian/Alaska Native,,336,,366,
Maryland,2000,Male,Asian/Pacific Islander,13,4576,284.0909090909090,366,0.7762046696472930
Maryland,2000,Male,Black,329,27822,1182.5174322478600,366,3.2309219460324100
Maryland,2000,Male,White,979,111257,879.9446326972680,366,2.404220307916030
Maryland,2001,Female,American Indian/Alaska Native,,406,,365,
Maryland,2001,Female,Asian/Pacific Islander,10,5736,174.33751743375200,365,0.47763703406507300
Maryland,2001,Female,Black,259,39836,650.1656792850690,365,1.7812758336577200
Maryland,2001,Female,White,597,131327,454.5904497932640,365,1.2454532871048300
Maryland,2001,Male,American Indian/Alaska Native,,352,,365,
Maryland,2001,Male,Asian/Pacific Islander,10,5082,196.77292404565100,365,0.5391039014949350
Maryland,2001,Male,Black,313,28976,1080.2043070127000,365,2.9594638548293200
Maryland,2001,Male,White,963,111061,867.0910580671880,365,2.3755919399101000
Maryland,2002,Female,American Indian/Alaska Native,,436,,365,
Maryland,2002,Female,Asian/Pacific Islander,,6184,,365,
Maryland,2002,Female,Black,293,41091,713.0515197975230,365,1.9535658076644500
Maryland,2002,Female,White,509,129631,392.65299195408500,365,1.0757616217920100
Maryland,2002,Male,American Indian/Alaska Native,,367,,365,
Maryland,2002,Male,Asian/Pacific Islander,22,5435,404.7838086476540,365,1.10899673602097
Maryland,2002,Male,Black,300,30021,999.30048965724,365,2.737809560704770
Maryland,2002,Male,White,820,110437,742.5047764788980,365,2.0342596615860200
Maryland,2003,Female,American Indian/Alaska Native,,446,,365,
Maryland,2003,Female,Asian/Pacific Islander,,6604,,365,
Maryland,2003,Female,Black,259,42440,610.2733270499530,365,1.6719817179450800
Maryland,2003,Female,White,548,128413,426.74807067820200,365,1.1691727963786400
Maryland,2003,Male,American Indian/Alaska Native,,390,,365,
Maryland,2003,Male,Asian/Pacific Islander,15,5984,250.66844919786100,365,0.6867628745146880
Maryland,2003,Male,Black,335,31203,1073.6147165336700,365,2.941410182284020
Maryland,2003,Male,White,806,110657,728.3768762934110,365,1.9955530857353700
Maryland,2004,Female,American Indian/Alaska Native,,482,,366,
Maryland,2004,Female,Asian/Pacific Islander,14,7106,197.01660568533600,366,0.5382967368451810
Maryland,2004,Female,Black,258,43805,588.9738614313440,366,1.609218200632090
Maryland,2004,Female,White,473,127861,369.9329740890500,366,1.0107458308444000
Maryland,2004,Male,American Indian/Alaska Native,,415,,366,
Maryland,2004,Male,Asian/Pacific Islander,17,6606,257.3418104753260,366,0.7031197007522550
Maryland,2004,Male,Black,318,32186,988.0072081029020,366,2.699473246182790
Maryland,2004,Male,White,719,110789,648.9813970701060,366,1.7731732160385400
Maryland,2005,Female,American Indian/Alaska Native,,518,,365,
Maryland,2005,Female,Asian/Pacific Islander,13,7623,170.5365341728980,365,0.4672233812956110
Maryland,2005,Female,Black,235,45324,518.4891006972020,365,1.420518084101920
Maryland,2005,Female,White,470,127409,368.890737702988,365,1.010659555350650
Maryland,2005,Male,American Indian/Alaska Native,0,418,0.0,365,0.0
Maryland,2005,Male,Asian/Pacific Islander,26,7077,367.387311007489,365,1.0065405781027100
Maryland,2005,Male,Black,328,33422,981.3895039195740,365,2.6887383669029400
Maryland,2005,Male,White,673,110963,606.508475798239,365,1.6616670569814800
Maryland,2006,Female,American Indian/Alaska Native,,554,,365,
Maryland,2006,Female,Asian/Pacific Islander,,8008,,365,
Maryland,2006,Female,Black,277,46839,591.3875189478850,365,1.6202397779394100
Maryland,2006,Female,White,420,127962,328.22244103718300,365,0.8992395644854330
Maryland,2006,Male,American Indian/Alaska Native,0,425,0.0,365,0.0
Maryland,2006,Male,Asian/Pacific Islander,30,7523,398.77708361026200,365,1.0925399550966100
Maryland,2006,Male,Black,324,34338,943.561069369212,365,2.585098820189620
Maryland,2006,Male,White,666,111514,597.2344279642020,365,1.6362587067512400
Maryland,2007,Female,American Indian/Alaska Native,0,567,0.0,365,0.0
Maryland,2007,Female,Asian/Pacific Islander,12,8558,140.21967749474200,365,0.3841634999855940
Maryland,2007,Female,Black,266,48434,549.2009745220300,365,1.504660204169950
Maryland,2007,Female,White,428,131014,326.6826446028670,365,0.8950209441174440
Maryland,2007,Male,American Indian/Alaska Native,,465,,365,
Maryland,2007,Male,Asian/Pacific Islander,23,8028,286.49725959143,365,0.78492399888063
Maryland,2007,Male,Black,319,35486,898.9460632362060,365,2.4628659266745400
Maryland,2007,Male,White,696,114216,609.3717167472160,365,1.669511552732100
Maryland,2008,Female,American Indian/Alaska Native,,626,,366,
Maryland,2008,Female,Asian/Pacific Islander,10,9206,108.62480990658300,366,0.29678909810541700
Maryland,2008,Female,Black,243,50173,484.3242381360490,366,1.3232902681312800
Maryland,2008,Female,White,381,136604,278.90837749992700,366,0.7620447472675600
Maryland,2008,Male,American Indian/Alaska Native,0,504,0.0,366,0.0
Maryland,2008,Male,Asian/Pacific Islander,23,8525,269.79472140762500,366,0.737144047561816
Maryland,2008,Male,Black,331,36912,896.7273515387950,366,2.450074730980310
Maryland,2008,Male,White,707,120673,585.8808515575150,366,1.6007673539822800
Maryland,2009,Female,American Indian/Alaska Native,0,654,0.0,365,0.0
Maryland,2009,Female,Asian/Pacific Islander,10,9790,102.14504596527100,365,0.2798494410007420
Maryland,2009,Female,Black,270,52670,512.6257831782800,365,1.404454200488440
Maryland,2009,Female,White,390,140905,276.7822291614920,365,0.7583074771547720
Maryland,2009,Male,American Indian/Alaska Native,,547,,365,
Maryland,2009,Male,Asian/Pacific Islander,25,8989,278.1176994103910,365,0.7619662997544950
Maryland,2009,Male,Black,337,38419,877.1701501861060,365,2.4032058909208400
Maryland,2009,Male,White,666,124729,533.9576201204210,365,1.4628975893710200
Maryland,2010,Female,American Indian/Alaska Native,0,676,0.0,365,0.0
Maryland,2010,Female,Asian/Pacific Islander,,10301,,365,
Maryland,2010,Female,Black,235,54238,433.27556325823200,365,1.1870563376937900
Maryland,2010,Female,White,387,144111,268.5429981056270,365,0.7357342413852790
Maryland,2010,Male,American Indian/Alaska Native,0,574,0.0,365,0.0
Maryland,2010,Male,Asian/Pacific Islander,24,9303,257.9812963560140,365,0.706798072208258
Maryland,2010,Male,Black,305,39385,774.4064999365240,365,2.1216616436617100
Maryland,2010,Male,White,675,127769,528.2971612832530,365,1.4473894829678200
Maryland,2011,Female,American Indian/Alaska Native,0,699,0.0,365,0.0
Maryland,2011,Female,Asian/Pacific Islander,,11079,,365,
Maryland,2011,Female,Black,251,56758,442.2284083301030,365,1.2115846803564500
Maryland,2011,Female,White,350,149165,234.63949317869500,365,0.6428479265169720
Maryland,2011,Male,American Indian/Alaska Native,,616,,365,
Maryland,2011,Male,Asian/Pacific Islander,20,9945,201.1060834590250,365,0.5509755711206150
Maryland,2011,Male,Black,301,41072,732.8593689131280,365,2.007833887433230
Maryland,2011,Male,White,693,132885,521.5035557060620,365,1.428776864948110
Maryland,2012,Female,American Indian/Alaska Native,0,797,0.0,366,0.0
Maryland,2012,Female,Asian/Pacific Islander,12,12221,98.19163734555270,366,0.268283162146319
Maryland,2012,Female,Black,258,60571,425.946409998184,366,1.163788005459520
Maryland,2012,Female,White,390,159937,243.84601436815700,366,0.6662459408966050
Maryland,2012,Male,American Indian/Alaska Native,,677,,366,
Maryland,2012,Male,Asian/Pacific Islander,27,10730,251.6309412861140,366,0.6875162330221690
Maryland,2012,Male,Black,335,43454,770.9301790399040,366,2.1063666093986500
Maryland,2012,Male,White,657,142974,459.52410927861000,366,1.255530353220250
Maryland,2013,Female,American Indian/Alaska Native,,881,,365,
Maryland,2013,Female,Asian/Pacific Islander,11,13303,82.68811546267760,365,0.22654278208952800
Maryland,2013,Female,Black,273,65388,417.5077995962560,365,1.1438569851952200
Maryland,2013,Female,White,399,167502,238.20611097180900,365,0.652619482114546
Maryland,2013,Male,American Indian/Alaska Native,,749,,365,
Maryland,2013,Male,Asian/Pacific Islander,23,11269,204.09974265684600,365,0.5591773771420440
Maryland,2013,Male,Black,340,46923,724.5913517891010,365,1.985181785723570
Maryland,2013,Male,White,761,150337,506.19607947478000,365,1.3868385739035100
Maryland,2014,Female,American Indian/Alaska Native,0,928,0.0,365,0.0
Maryland,2014,Female,Asian/Pacific Islander,15,14435,103.91409767925200,365,0.2846961580253480
Maryland,2014,Female,Black,289,69964,413.06957864044400,365,1.1316974757272400
Maryland,2014,Female,White,413,173772,237.6677485440690,365,0.6511445165590940
Maryland,2014,Male,American Indian/Alaska Native,,798,,365,
Maryland,2014,Male,Asian/Pacific Islander,25,11943,209.32763962153600,365,0.5735003825247550
Maryland,2014,Male,Black,386,49699,776.6755870339440,365,2.1278783206409400
Maryland,2014,Male,White,771,155802,494.85885932144600,365,1.3557776967710900
Maryland,2015,Female,American Indian/Alaska Native,,1000,,365,
Maryland,2015,Female,Asian/Pacific Islander,14,15418,90.80295758204700,365,0.24877522625218300
Maryland,2015,Female,Black,272,74671,364.26457393097700,365,0.9979851340574720
Maryland,2015,Female,White,430,179134,240.043766119218,365,0.6576541537512820
Maryland,2015,Male,American Indian/Alaska Native,0,878,0.0,365,0.0
Maryland,2015,Male,Asian/Pacific Islander,25,13017,192.05654144580200,365,0.5261823053309630
Maryland,2015,Male,Black,431,52712,817.6506298376080,365,2.2401387118838600
Maryland,2015,Male,White,776,160966,482.0893853360340,365,1.3207928365370800
Maryland,2016,Female,American Indian/Alaska Native,,1048,,366,
Maryland,2016,Female,Asian/Pacific Islander,12,16210,74.02837754472550,366,0.20226332662493300
Maryland,2016,Female,Black,297,79127,375.3459628192650,366,1.025535417538980
Maryland,2016,Female,White,470,184212,255.140816016329,366,0.6971060546894230
Maryland,2016,Male,American Indian/Alaska Native,,940,,366,
Maryland,2016,Male,Asian/Pacific Islander,27,13426,201.10233874571700,366,0.5494599419281890
Maryland,2016,Male,Black,455,55544,819.1703874405880,366,2.238170457487940
Maryland,2016,Male,White,822,165615,496.331853998732,366,1.3560979617451700
Maryland,2017,Female,American Indian/Alaska Native,,1133,,365,
Maryland,2017,Female,Asian/Pacific Islander,14,17435,80.2982506452538,365,0.2199952072472710
Maryland,2017,Female,Black,334,82915,402.8221672797440,365,1.1036223761088900
Maryland,2017,Female,White,484,189014,256.0656882558960,365,0.7015498308380720
Maryland,2017,Male,American Indian/Alaska Native,,972,,365,
Maryland,2017,Male,Asian/Pacific Islander,28,14366,194.90463594598400,365,0.5339853039615990
Maryland,2017,Male,Black,446,58174,766.6655206793410,365,2.100453481313260
Maryland,2017,Male,White,849,169566,500.6899968153990,365,1.3717534159326000
Maryland,2018,Female,American Indian/Alaska Native,,1184,,365,
Maryland,2018,Female,Asian/Pacific Islander,17,17977,94.565277855037,365,0.2590829530274990
Maryland,2018,Female,Black,305,86268,353.5494041823160,365,0.9686285046090840
Maryland,2018,Female,White,452,192117,235.27329700130600,365,0.6445843753460450
Maryland,2018,Male,American Indian/Alaska Native,,1033,,365,
Maryland,2018,Male,Asian/Pacific Islander,37,14465,255.78983753888700,365,0.7007940754490050
Maryland,2018,Male,Black,461,60367,763.6622658074780,365,2.092225385773910
Maryland,2018,Male,White,799,172041,464.4241779575800,365,1.2723950081029600
Maryland,2019,Female,American Indian/Alaska Native,,1246,,365,
Maryland,2019,Female,Asian/Pacific Islander,20,18606,107.4922068150060,365,0.29449919675344100
Maryland,2019,Female,Black,349,90035,387.627033931249,365,1.0619918737842400
Maryland,2019,Female,White,469,196521,238.65134006035000,365,0.6538392878365750
Maryland,2019,Male,American Indian/Alaska Native,,1128,,365,
Maryland,2019,Male,Asian/Pacific Islander,26,14975,173.6227045075130,365,0.4756786424863360
Maryland,2019,Male,Black,496,62979,787.5641086711440,365,2.157709886770260
Maryland,2019,Male,White,871,176092,494.62780819117300,365,1.3551446799758200
Maryland,2020,Female,American Indian/Alaska Native,,1356,,366,
Maryland,2020,Female,Asian/Pacific Islander,10,19311,51.783957330019200,366,0.1414862222131670
Maryland,2020,Female,Black,403,94017,428.64588319133800,366,1.171163615276880
Maryland,2020,Female,White,527,201023,262.1590564263790,366,0.716281574935462
Maryland,2020,Male,American Indian/Alaska Native,,1190,,366,
Maryland,2020,Male,Asian/Pacific Islander,45,15551,289.3704584914150,366,0.7906296680093320
Maryland,2020,Male,Black,571,65438,872.5816803692040,366,2.3841029518284300
Maryland,2020,Male,White,974,180623,539.2447252011100,366,1.4733462437188800
Maryland,2021,Female,American Indian/Alaska Native,,1254,,365,
Maryland,2021,Female,Asian/Pacific Islander,15,19499,76.92702189855890,365,0.21075896410564100
Maryland,2021,Female,Black,405,97153,416.86823875742400,365,1.1421047637189700
Maryland,2021,Female,White,497,205450,241.90800681431000,365,0.662761662504959
Maryland,2021,Male,American Indian/Alaska Native,0,1167,0.0,365,0.0
Maryland,2021,Male,Asian/Pacific Islander,37,15859,233.306009206129,365,0.6391945457702170
Maryland,2021,Male,Black,571,69237,824.7035544578770,365,2.2594617930352800
Maryland,2021,Male,White,964,188359,511.7886588907350,365,1.4021607092896900
Maryland,2022,Female,American Indian/Alaska Native,0,1311,0.0,365,0.0
Maryland,2022,Female,Asian/Pacific Islander,20,20106,99.47279419078880,365,0.27252820326243500
Maryland,2022,Female,Black,395,100793,391.8922941077260,365,1.073677518103360
Maryland,2022,Female,White,478,203546,234.83635148811600,365,0.643387264351002
Maryland,2022,Male,American Indian/Alaska Native,,1184,,365,
Maryland,2022,Male,Asian/Pacific Islander,41,16303,251.48745629638700,365,0.6890067295791430
Maryland,2022,Male,Black,556,71477,777.8726023755890,365,2.131157814727640
Maryland,2022,Male,White,1003,186636,537.409717310701,365,1.4723553898923300
Maryland,2023,Female,American Indian/Alaska Native,0,1419,0.0,365,0.0
Maryland,2023,Female,Asian/Pacific Islander,21,20696,101.46888287591800,365,0.2779969393860770
Maryland,2023,Female,Black,399,103803,384.38195427877800,365,1.053101244599390
Maryland,2023,Female,White,464,206771,224.40284179116000,365,0.6148023062771510
Maryland,2023,Male,American Indian/Alaska Native,,1333,,365,
Maryland,2023,Male,Asian/Pacific Islander,33,17001,194.10622904535000,365,0.5317978877954800
Maryland,2023,Male,Black,508,74437,682.4563053320260,365,1.8697433022795200
Maryland,2023,Male,White,888,189951,467.4889840011370,365,1.2807917369894200
Maryland,2024,Female,American Indian/Alaska Native,,1558,,366,
Maryland,2024,Female,Asian/Pacific Islander,17,21735,78.21486082355650,366,0.21370180552884300
Maryland,2024,Female,Black,370,106755,346.5879818275490,366,0.9469616989823750
Maryland,2024,Female,White,467,209851,222.53884899285700,366,0.6080296420569860
Maryland,2024,Male,American Indian/Alaska Native,,1431,,366,
Maryland,2024,Male,Asian/Pacific Islander,38,18143,209.44716970732500,366,0.5722600265227460
Maryland,2024,Male,Black,579,77409,747.9750416618220,366,2.043647654813720
Maryland,2024,Male,White,968,192309,503.3565771752750,366,1.375291194467970
Maryland,2025,Female,American Indian/Alaska Native,,1558,,365,
Maryland,2025,Female,Asian/Pacific Islander,22,21735,101.21923165401400,365,0.27731296343565600
Maryland,2025,Female,Black,381,106755,356.89194885485500,365,0.9777861612461770
Maryland,2025,Female,White,442,209851,210.6256343786780,365,0.5770565325443240
Maryland,2025,Male,American Indian/Alaska Native,,1431,,365,
Maryland,2025,Male,Asian/Pacific Islander,44,18143,242.51777545058700,365,0.6644322615084580
Maryland,2025,Male,Black,585,77409,755.7260783629810,365,2.070482406473920
Maryland,2025,Male,White,879,192309,457.07689187713500,365,1.2522654571976300
Massachusetts,1999,Female,American Indian/Alaska Native,,329,,365,
Massachusetts,1999,Female,Asian/Pacific Islander,11,4514,243.68630926008000,365,0.6676337240002180
Massachusetts,1999,Female,Black,50,8928,560.0358422939070,365,1.5343447734079600
Massachusetts,1999,Female,White,861,226582,379.9948804406350,365,1.0410818642209200
Massachusetts,1999,Male,American Indian/Alaska Native,,307,,365,
Massachusetts,1999,Male,Asian/Pacific Islander,17,3737,454.9103559004550,365,1.246329742193030
Massachusetts,1999,Male,Black,54,6352,850.125944584383,365,2.329112176943520
Massachusetts,1999,Male,White,1482,180293,821.9953076381220,365,2.252041938734580
Massachusetts,2000,Female,American Indian/Alaska Native,0,375,0.0,366,0.0
Massachusetts,2000,Female,Asian/Pacific Islander,,4688,,366,
Massachusetts,2000,Female,Black,51,9188,555.0718328254250,366,1.5165897071732900
Massachusetts,2000,Female,White,811,223281,363.2194409734820,366,0.9924028441898410
Massachusetts,2000,Male,American Indian/Alaska Native,0,327,0.0,366,0.0
Massachusetts,2000,Male,Asian/Pacific Islander,11,4026,273.224043715847,366,0.7465137806443910
Massachusetts,2000,Male,Black,51,6510,783.4101382488480,366,2.14046485860341
Massachusetts,2000,Male,White,1419,179435,790.8156156825590,366,2.1606984035042600
Massachusetts,2001,Female,American Indian/Alaska Native,,402,,365,
Massachusetts,2001,Female,Asian/Pacific Islander,,5024,,365,
Massachusetts,2001,Female,Black,42,9604,437.3177842565600,365,1.1981309157714000
Massachusetts,2001,Female,White,801,217875,367.6419965576590,365,1.007238346733310
Massachusetts,2001,Male,American Indian/Alaska Native,,338,,365,
Massachusetts,2001,Male,Asian/Pacific Islander,16,4378,365.4636820465970,365,1.0012703617715000
Massachusetts,2001,Male,Black,59,6880,857.5581395348840,365,2.3494743548900900
Massachusetts,2001,Male,White,1345,176541,761.8626834559680,365,2.087295023167040
Massachusetts,2002,Female,American Indian/Alaska Native,0,408,0.0,365,0.0
Massachusetts,2002,Female,Asian/Pacific Islander,14,5309,263.7031456018080,365,0.7224743715118030
Massachusetts,2002,Female,Black,42,9869,425.5750329314010,365,1.1659589943326100
Massachusetts,2002,Female,White,724,213517,339.08307066884600,365,0.928994714161222
Massachusetts,2002,Male,American Indian/Alaska Native,,346,,365,
Massachusetts,2002,Male,Asian/Pacific Islander,,4674,,365,
Massachusetts,2002,Male,Black,50,7087,705.5171440666010,365,1.9329236823742500
Massachusetts,2002,Male,White,1221,173773,702.6408015054120,365,1.92504329179565
Massachusetts,2003,Female,American Indian/Alaska Native,,448,,365,
Massachusetts,2003,Female,Asian/Pacific Islander,,5548,,365,
Massachusetts,2003,Female,Black,50,10247,487.9476920074170,365,1.3368429918011400
Massachusetts,2003,Female,White,732,209812,348.88376260652400,365,0.9558459249493810
Massachusetts,2003,Male,American Indian/Alaska Native,,366,,365,
Massachusetts,2003,Male,Asian/Pacific Islander,22,5045,436.07532210109000,365,1.1947269098660000
Massachusetts,2003,Male,Black,50,7369,678.5181164337090,365,1.8589537436540000
Massachusetts,2003,Male,White,1140,171996,662.8061117700410,365,1.8159071555343600
Massachusetts,2004,Female,American Indian/Alaska Native,,460,,366,
Massachusetts,2004,Female,Asian/Pacific Islander,,5867,,366,
Massachusetts,2004,Female,Black,36,10560,340.9090909090910,366,0.9314456035767510
Massachusetts,2004,Female,White,692,206568,334.99864451415500,366,0.9152968429348500
Massachusetts,2004,Male,American Indian/Alaska Native,,375,,366,
Massachusetts,2004,Male,Asian/Pacific Islander,,5316,,366,
Massachusetts,2004,Male,Black,69,7533,915.9697331740340,366,2.5026495441913500
Massachusetts,2004,Male,White,1049,170379,615.686205459593,366,1.682202747157360
Massachusetts,2005,Female,American Indian/Alaska Native,,477,,365,
Massachusetts,2005,Female,Asian/Pacific Islander,,6237,,365,
Massachusetts,2005,Female,Black,57,10916,522.1692927812390,365,1.4306008021403800
Massachusetts,2005,Female,White,596,203958,292.2170250737900,365,0.8005945892432590
Massachusetts,2005,Male,American Indian/Alaska Native,,426,,365,
Massachusetts,2005,Male,Asian/Pacific Islander,,5600,,365,
Massachusetts,2005,Male,Black,49,7823,626.3581746133200,365,1.7160497934611500
Massachusetts,2005,Male,White,1051,169220,621.0849781349720,365,1.7016026798218400
Massachusetts,2006,Female,American Indian/Alaska Native,0,521,0.0,365,0.0
Massachusetts,2006,Female,Asian/Pacific Islander,10,6660,150.15015015015000,365,0.411370274383973
Massachusetts,2006,Female,Black,38,11370,334.2128408091470,365,0.915651618655197
Massachusetts,2006,Female,White,524,203111,257.98701202790600,365,0.706813731583304
Massachusetts,2006,Male,American Indian/Alaska Native,,469,,365,
Massachusetts,2006,Male,Asian/Pacific Islander,16,5953,268.7720477070390,365,0.7363617745398310
Massachusetts,2006,Male,Black,36,8140,442.2604422604420,365,1.2116724445491600
Massachusetts,2006,Male,White,900,169346,531.4563083863810,365,1.4560446805106300
Massachusetts,2007,Female,American Indian/Alaska Native,,558,,365,
Massachusetts,2007,Female,Asian/Pacific Islander,,7175,,365,
Massachusetts,2007,Female,Black,39,11795,330.6485799067400,365,0.9058865202924390
Massachusetts,2007,Female,White,514,205791,249.7679684728680,365,0.684295804035255
Massachusetts,2007,Male,American Indian/Alaska Native,,530,,365,
Massachusetts,2007,Male,Asian/Pacific Islander,22,6367,345.53164755771900,365,0.9466620481033410
Massachusetts,2007,Male,Black,60,8472,708.2152974504250,365,1.9403158834258200
Massachusetts,2007,Male,White,928,172344,538.4579677853600,365,1.4752273090009800
Massachusetts,2008,Female,American Indian/Alaska Native,0,593,0.0,366,0.0
Massachusetts,2008,Female,Asian/Pacific Islander,10,7529,132.81976358082100,366,0.3628955289093470
Massachusetts,2008,Female,Black,37,12280,301.3029315960910,366,0.8232320535412330
Massachusetts,2008,Female,White,523,213612,244.83643241016400,366,0.6689520011206670
Massachusetts,2008,Male,American Indian/Alaska Native,,545,,366,
Massachusetts,2008,Male,Asian/Pacific Islander,17,6704,253.57995226730300,366,0.6928413996374400
Massachusetts,2008,Male,Black,40,8969,445.9805998439070,366,1.2185262290817100
Massachusetts,2008,Male,White,856,179827,476.01305699366600,366,1.3005821229335100
Massachusetts,2009,Female,American Indian/Alaska Native,,636,,365,
Massachusetts,2009,Female,Asian/Pacific Islander,,8020,,365,
Massachusetts,2009,Female,Black,38,12861,295.46691548091100,365,0.809498398577839
Massachusetts,2009,Female,White,519,220572,235.29731788259600,365,0.6446501859797160
Massachusetts,2009,Male,American Indian/Alaska Native,,540,,365,
Massachusetts,2009,Male,Asian/Pacific Islander,12,7127,168.3737898133860,365,0.46129805428324900
Massachusetts,2009,Male,Black,36,9409,382.61239239026500,365,1.0482531298363400
Massachusetts,2009,Male,White,848,186706,454.19000996218700,365,1.2443561916772200
Massachusetts,2010,Female,American Indian/Alaska Native,,681,,365,
Massachusetts,2010,Female,Asian/Pacific Islander,,8371,,365,
Massachusetts,2010,Female,Black,37,13490,274.2772424017790,365,0.7514444997309020
Massachusetts,2010,Female,White,475,225000,211.1111111111110,365,0.578386605783866
Massachusetts,2010,Male,American Indian/Alaska Native,0,589,0.0,365,0.0
Massachusetts,2010,Male,Asian/Pacific Islander,12,7423,161.6597063182000,365,0.4429033049813700
Massachusetts,2010,Male,Black,62,9738,636.6810433353870,365,1.7443316255764000
Massachusetts,2010,Male,White,849,191168,444.1119852695010,365,1.2167451651219200
Massachusetts,2011,Female,American Indian/Alaska Native,0,746,0.0,365,0.0
Massachusetts,2011,Female,Asian/Pacific Islander,,8920,,365,
Massachusetts,2011,Female,Black,34,14045,242.07903168387300,365,0.6632302237914340
Massachusetts,2011,Female,White,440,232531,189.22208221699500,365,0.5184166636082050
Massachusetts,2011,Male,American Indian/Alaska Native,,647,,365,
Massachusetts,2011,Male,Asian/Pacific Islander,15,7815,191.93857965451100,365,0.5258591223411250
Massachusetts,2011,Male,Black,55,10270,535.5404089581310,365,1.4672339971455600
Massachusetts,2011,Male,White,884,198513,445.31088644068700,365,1.2200298258648900
Massachusetts,2012,Female,American Indian/Alaska Native,,794,,366,
Massachusetts,2012,Female,Asian/Pacific Islander,10,9490,105.3740779768180,366,0.2879073168765510
Massachusetts,2012,Female,Black,37,14935,247.74020756612000,366,0.6768858130221850
Massachusetts,2012,Female,White,452,248718,181.73192129238700,366,0.4965353040775610
Massachusetts,2012,Male,American Indian/Alaska Native,0,696,0.0,366,0.0
Massachusetts,2012,Male,Asian/Pacific Islander,,8216,,366,
Massachusetts,2012,Male,Black,56,10979,510.06466891338000,366,1.3936193139709800
Massachusetts,2012,Male,White,865,214558,403.1543918194610,366,1.1015147317471600
Massachusetts,2013,Female,American Indian/Alaska Native,0,834,0.0,365,0.0
Massachusetts,2013,Female,Asian/Pacific Islander,,10179,,365,
Massachusetts,2013,Female,Black,39,15790,246.99176694110200,365,0.6766897724413750
Massachusetts,2013,Female,White,516,262319,196.70706277471300,365,0.5389234596567490
Massachusetts,2013,Male,American Indian/Alaska Native,,752,,365,
Massachusetts,2013,Male,Asian/Pacific Islander,13,8817,147.44244073948100,365,0.40395189243693300
Massachusetts,2013,Male,Black,59,11837,498.43710399594500,365,1.3655811068382100
Massachusetts,2013,Male,White,982,226930,432.73256070153800,365,1.1855686594562700
Massachusetts,2014,Female,American Indian/Alaska Native,,884,,365,
Massachusetts,2014,Female,Asian/Pacific Islander,,11138,,365,
Massachusetts,2014,Female,Black,44,17058,257.94348692695500,365,0.7066944847313840
Massachusetts,2014,Female,White,485,273431,177.37564504390500,365,0.48596067135316500
Massachusetts,2014,Male,American Indian/Alaska Native,,813,,365,
Massachusetts,2014,Male,Asian/Pacific Islander,15,9613,156.03869759700400,365,0.4275032810876820
Massachusetts,2014,Male,Black,61,12743,478.6941850427690,365,1.3114909179253900
Massachusetts,2014,Male,White,1032,237116,435.23001400158600,365,1.1924109972646200
Massachusetts,2015,Female,American Indian/Alaska Native,,935,,365,
Massachusetts,2015,Female,Asian/Pacific Islander,14,12213,114.63194956194200,365,0.314060135786143
Massachusetts,2015,Female,Black,38,18057,210.44470288530800,365,0.5765608298227610
Massachusetts,2015,Female,White,517,284884,181.47737324665500,365,0.4971982828675470
Massachusetts,2015,Male,American Indian/Alaska Native,0,852,0.0,365,0.0
Massachusetts,2015,Male,Asian/Pacific Islander,,10528,,365,
Massachusetts,2015,Male,Black,62,13875,446.84684684684700,365,1.2242379365667000
Massachusetts,2015,Male,White,1050,247256,424.66108001423600,365,1.1634550137376300
Massachusetts,2016,Female,American Indian/Alaska Native,,1019,,366,
Massachusetts,2016,Female,Asian/Pacific Islander,,12994,,366,
Massachusetts,2016,Female,Black,36,19146,188.0288310874330,366,0.5137399756487250
Massachusetts,2016,Female,White,560,295874,189.26975672076600,366,0.5171304828436240
Massachusetts,2016,Male,American Indian/Alaska Native,0,920,0.0,366,0.0
Massachusetts,2016,Male,Asian/Pacific Islander,16,10988,145.61339643247200,366,0.3978508099247860
Massachusetts,2016,Male,Black,57,14861,383.55426956463200,366,1.0479624851492700
Massachusetts,2016,Male,White,1062,256729,413.66577207872900,366,1.1302343499418800
Massachusetts,2017,Female,American Indian/Alaska Native,,1099,,365,
Massachusetts,2017,Female,Asian/Pacific Islander,,14034,,365,
Massachusetts,2017,Female,Black,46,20112,228.7191726332540,365,0.6266278702280930
Massachusetts,2017,Female,White,571,306560,186.2604384133610,365,0.5103025709955100
Massachusetts,2017,Male,American Indian/Alaska Native,,1018,,365,
Massachusetts,2017,Male,Asian/Pacific Islander,18,11764,153.00918055083300,365,0.419203234385844
Massachusetts,2017,Male,Black,64,15933,401.6820435573970,365,1.1004987494723200
Massachusetts,2017,Male,White,1081,266191,406.0993797686620,365,1.1126010404620900
Massachusetts,2018,Female,American Indian/Alaska Native,0,1201,0.0,365,0.0
Massachusetts,2018,Female,Asian/Pacific Islander,,15180,,365,
Massachusetts,2018,Female,Black,49,21191,231.2302392525130,365,0.6335075048014050
Massachusetts,2018,Female,White,569,313886,181.2760046641140,365,0.49664658812086000
Massachusetts,2018,Male,American Indian/Alaska Native,,1073,,365,
Massachusetts,2018,Male,Asian/Pacific Islander,16,12341,129.64913702293200,365,0.3552031151313200
Massachusetts,2018,Male,Black,72,16803,428.49491162292400,365,1.1739586619806100
Massachusetts,2018,Male,White,1087,272154,399.40621853803400,365,1.094263612432970
Massachusetts,2019,Female,American Indian/Alaska Native,,1288,,365,
Massachusetts,2019,Female,Asian/Pacific Islander,,16031,,365,
Massachusetts,2019,Female,Black,43,22319,192.66096151261300,365,0.5278382507194870
Massachusetts,2019,Female,White,555,322196,172.2553973357830,365,0.47193259544050200
Massachusetts,2019,Male,American Indian/Alaska Native,,1112,,365,
Massachusetts,2019,Male,Asian/Pacific Islander,24,13095,183.27605956471900,365,0.5021261905882720
Massachusetts,2019,Male,Black,74,17451,424.044467365767,365,1.1617656640158
Massachusetts,2019,Male,White,1072,279813,383.11300761580100,365,1.0496246783994500
Massachusetts,2020,Female,American Indian/Alaska Native,,1389,,366,
Massachusetts,2020,Female,Asian/Pacific Islander,13,16950,76.6961651917404,366,0.20955236391185900
Massachusetts,2020,Female,Black,50,23571,212.1250689406470,366,0.579576691094665
Massachusetts,2020,Female,White,579,331022,174.91284567188900,366,0.4779039499231940
Massachusetts,2020,Male,American Indian/Alaska Native,,1124,,366,
Massachusetts,2020,Male,Asian/Pacific Islander,25,13842,180.6097384770990,366,0.49346923081174500
Massachusetts,2020,Male,Black,84,18256,460.1226993865030,366,1.2571658453183100
Massachusetts,2020,Male,White,1165,287687,404.9539951405520,366,1.1064316807118900
Massachusetts,2021,Female,American Indian/Alaska Native,,1249,,365,
Massachusetts,2021,Female,Asian/Pacific Islander,11,17436,63.087864189034200,365,0.17284346353160100
Massachusetts,2021,Female,Black,54,23980,225.18765638031700,365,0.6169524832337450
Massachusetts,2021,Female,White,596,340619,174.97555920251100,365,0.47938509370550900
Massachusetts,2021,Male,American Indian/Alaska Native,0,1063,0.0,365,0.0
Massachusetts,2021,Male,Asian/Pacific Islander,19,14460,131.39695712309800,365,0.359991663350954
Massachusetts,2021,Male,Black,97,18973,511.2528329731720,365,1.4006926930771800
Massachusetts,2021,Male,White,1193,302825,393.956905803682,365,1.0793339885032400
Massachusetts,2022,Female,American Indian/Alaska Native,0,1337,0.0,365,0.0
Massachusetts,2022,Female,Asian/Pacific Islander,12,18159,66.08293408227330,365,0.1810491344719820
Massachusetts,2022,Female,Black,68,24474,277.84587725749800,365,0.7612215815273910
Massachusetts,2022,Female,White,630,341321,184.5769817854750,365,0.505690361056095
Massachusetts,2022,Male,American Indian/Alaska Native,,1118,,365,
Massachusetts,2022,Male,Asian/Pacific Islander,38,15061,252.30728371290100,365,0.6912528320901390
Massachusetts,2022,Male,Black,104,19319,538.330141311662,365,1.4748770994840100
Massachusetts,2022,Male,White,1175,304030,386.4750189126070,365,1.0588356682537200
Massachusetts,2023,Female,American Indian/Alaska Native,0,1443,0.0,365,0.0
Massachusetts,2023,Female,Asian/Pacific Islander,0,296,0.0,365,0.0
Massachusetts,2023,Female,Black,43,25934,165.80550628518500,365,0.45426166105530300
Massachusetts,2023,Female,White,620,349442,177.42572444068000,365,0.48609787517994400
Massachusetts,2023,Male,American Indian/Alaska Native,,1220,,365,
Massachusetts,2023,Male,Asian/Pacific Islander,23,16056,143.248629795715,365,0.392461999440315
Massachusetts,2023,Male,Black,73,20641,353.66503560874000,365,0.9689453030376440
Massachusetts,2023,Male,White,1242,311478,398.74405254945800,365,1.0924494590396100
Massachusetts,2024,Female,American Indian/Alaska Native,0,1568,0.0,366,0.0
Massachusetts,2024,Female,Asian/Pacific Islander,18,20591,87.41683259676560,366,0.23884380490919600
Massachusetts,2024,Female,Black,62,27253,227.49789014053500,366,0.621578934810205
Massachusetts,2024,Female,White,615,354882,173.29703957935300,366,0.4734891791785610
Massachusetts,2024,Male,American Indian/Alaska Native,0,1312,0.0,366,0.0
Massachusetts,2024,Male,Asian/Pacific Islander,24,17306,138.68022651103700,366,0.37890772270775000
Massachusetts,2024,Male,Black,102,21836,467.118519875435,366,1.276280108949280
Massachusetts,2024,Male,White,1197,317540,376.9603829438810,366,1.029946401486010
Massachusetts,2025,Female,American Indian/Alaska Native,,1568,,365,
Massachusetts,2025,Female,Asian/Pacific Islander,13,20591,63.134379097664000,365,0.17297090163743600
Massachusetts,2025,Female,Black,76,27253,278.8683814625910,365,0.764022962911209
Massachusetts,2025,Female,White,585,354882,164.84352545353100,365,0.4516260971329620
Massachusetts,2025,Male,American Indian/Alaska Native,,1312,,365,
Massachusetts,2025,Male,Asian/Pacific Islander,31,17306,179.12862591008900,365,0.49076335865777800
Massachusetts,2025,Male,Black,98,21836,448.8001465469870,365,1.2295894425944800
Massachusetts,2025,Male,White,1225,317540,385.7781696794110,365,1.0569264922723600
Michigan,1999,Female,American Indian/Alaska Native,10,1196,836.1204013377930,365,2.2907408255829900
Michigan,1999,Female,Asian/Pacific Islander,,2744,,365,
Michigan,1999,Female,Black,406,40392,1005.1495345613000,365,2.7538343412638300
Michigan,1999,Female,White,1614,310177,520.3480593338640,365,1.4256111214626400
Michigan,1999,Male,American Indian/Alaska Native,13,987,1317.1225937183400,365,3.6085550512831200
Michigan,1999,Male,Asian/Pacific Islander,,2210,,365,
Michigan,1999,Male,Black,462,29413,1570.7340291707700,365,4.303380901837740
Michigan,1999,Male,White,2551,258352,987.4125224499910,365,2.705239787534220
Michigan,2000,Female,American Indian/Alaska Native,,1282,,366,
Michigan,2000,Female,Asian/Pacific Islander,,3075,,366,
Michigan,2000,Female,Black,374,40217,929.9549941567000,366,2.5408606397724000
Michigan,2000,Female,White,1539,307699,500.1641214303590,366,1.3665686377878700
Michigan,2000,Male,American Indian/Alaska Native,16,1072,1492.5373134328400,366,4.07797080172906
Michigan,2000,Male,Asian/Pacific Islander,11,2468,445.70502431118300,366,1.2177732904677100
Michigan,2000,Male,Black,395,29019,1361.1771597918600,366,3.719063278119840
Michigan,2000,Male,White,2428,258048,940.9102182539680,366,2.5707929460490900
Michigan,2001,Female,American Indian/Alaska Native,16,1304,1226.993865030680,365,3.361627027481300
Michigan,2001,Female,Asian/Pacific Islander,,3365,,365,
Michigan,2001,Female,Black,347,40329,860.4230206551120,365,2.35732334426058
Michigan,2001,Female,White,1377,303359,453.91763554072900,365,1.2436099603855600
Michigan,2001,Male,American Indian/Alaska Native,14,1106,1265.8227848101300,365,3.468007629616790
Michigan,2001,Male,Asian/Pacific Islander,,2773,,365,
Michigan,2001,Male,Black,398,28914,1376.4958151760400,365,3.7712214114412000
Michigan,2001,Male,White,2275,256735,886.127719243578,365,2.4277471760098000
Michigan,2002,Female,American Indian/Alaska Native,,1322,,365,
Michigan,2002,Female,Asian/Pacific Islander,11,3577,307.52026838132500,365,0.8425212832365070
Michigan,2002,Female,Black,369,39870,925.507900677201,365,2.5356380840471300
Michigan,2002,Female,White,1342,300205,447.02786429273300,365,1.2247338747746100
Michigan,2002,Male,American Indian/Alaska Native,14,1128,1241.1347517730500,365,3.400369182939860
Michigan,2002,Male,Asian/Pacific Islander,,3060,,365,
Michigan,2002,Male,Black,399,28716,1389.469285415800,365,3.8067651655227300
Michigan,2002,Male,White,2096,254579,823.3200696051130,365,2.2556714235756500
Michigan,2003,Female,American Indian/Alaska Native,,1354,,365,
Michigan,2003,Female,Asian/Pacific Islander,,3801,,365,
Michigan,2003,Female,Black,338,39628,852.9322701120420,365,2.3368007400329900
Michigan,2003,Female,White,1291,298711,432.1903110364200,365,1.1840830439354000
Michigan,2003,Male,American Indian/Alaska Native,15,1144,1311.188811188810,365,3.592298112846060
Michigan,2003,Male,Asian/Pacific Islander,10,3418,292.5687536571090,365,0.80155822919756
Michigan,2003,Male,Black,369,28499,1294.7822730622100,365,3.5473486933211300
Michigan,2003,Male,White,1937,254914,759.864111033525,365,2.0818194822836300
Michigan,2004,Female,American Indian/Alaska Native,,1419,,366,
Michigan,2004,Female,Asian/Pacific Islander,,4089,,366,
Michigan,2004,Female,Black,307,39497,777.2742233587360,366,2.1237000638216800
Michigan,2004,Female,White,1214,298962,406.07167466099400,366,1.1094854498934300
Michigan,2004,Male,American Indian/Alaska Native,15,1180,1271.1864406779700,366,3.473186996387890
Michigan,2004,Male,Asian/Pacific Islander,,3745,,366,
Michigan,2004,Male,Black,351,28218,1243.8868807144400,366,3.3985980347389000
Michigan,2004,Male,White,1830,256882,712.38934608108,366,1.9464189783636100
Michigan,2005,Female,American Indian/Alaska Native,,1500,,365,
Michigan,2005,Female,Asian/Pacific Islander,,4369,,365,
Michigan,2005,Female,Black,274,39802,688.4076177076530,365,1.8860482676922000
Michigan,2005,Female,White,1134,297952,380.598217162496,365,1.0427348415410800
Michigan,2005,Male,American Indian/Alaska Native,14,1230,1138.2113821138200,365,3.1183873482570400
Michigan,2005,Male,Asian/Pacific Islander,12,4123,291.0502061605630,365,0.7973978250974320
Michigan,2005,Male,Black,346,28416,1217.623873873870,365,3.335955818832530
Michigan,2005,Male,White,1806,258722,698.0465518974030,365,1.9124563065682300
Michigan,2006,Female,American Indian/Alaska Native,13,1543,842.5145819831500,365,2.3082591287209600
Michigan,2006,Female,Asian/Pacific Islander,12,4707,254.93945188017800,365,0.6984642517265160
Michigan,2006,Female,Black,298,40001,744.9813754656130,365,2.0410448642893500
Michigan,2006,Female,White,1074,299744,358.30575424362100,365,0.9816596006674560
Michigan,2006,Male,American Indian/Alaska Native,11,1339,821.5085884988800,365,2.2507084616407700
Michigan,2006,Male,Asian/Pacific Islander,15,4477,335.0457895912440,365,0.9179336701129980
Michigan,2006,Male,Black,342,28775,1188.5317115551700,365,3.256251264534710
Michigan,2006,Male,White,1644,262560,626.1425959780620,365,1.715459167063180
Michigan,2007,Female,American Indian/Alaska Native,,1639,,365,
Michigan,2007,Female,Asian/Pacific Islander,,5094,,365,
Michigan,2007,Female,Black,302,40467,746.2870981293400,365,2.044622186655730
Michigan,2007,Female,White,1021,306660,332.94202047870600,365,0.9121699191197430
Michigan,2007,Male,American Indian/Alaska Native,10,1429,699.7900629811060,365,1.9172330492633000
Michigan,2007,Male,Asian/Pacific Islander,16,4821,331.8813524165110,365,0.909263979223318
Michigan,2007,Male,Black,347,29201,1188.315468648330,365,3.2556588182146100
Michigan,2007,Male,White,1693,270923,624.9008020729140,365,1.7120569919805900
Michigan,2008,Female,American Indian/Alaska Native,11,1794,613.1549609810480,366,1.6752867786367400
Michigan,2008,Female,Asian/Pacific Islander,,5477,,366,
Michigan,2008,Female,Black,275,41295,665.9401864632520,366,1.8195087061837500
Michigan,2008,Female,White,1077,318854,337.7721464996520,366,0.9228747172121640
Michigan,2008,Male,American Indian/Alaska Native,21,1520,1381.578947368420,366,3.7748058671268300
Michigan,2008,Male,Asian/Pacific Islander,14,5118,273.54435326299300,366,0.7473889433415120
Michigan,2008,Male,Black,378,30245,1249.7933542734300,366,3.414735940637800
Michigan,2008,Male,White,1719,284101,605.0665080376340,366,1.6531871804307000
Michigan,2009,Female,American Indian/Alaska Native,,1883,,365,
Michigan,2009,Female,Asian/Pacific Islander,,5820,,365,
Michigan,2009,Female,Black,295,42116,700.4463861715260,365,1.919031194990480
Michigan,2009,Female,White,985,328484,299.8623981685560,365,0.8215408169001540
Michigan,2009,Male,American Indian/Alaska Native,15,1631,919.6811771919070,365,2.5196744580600200
Michigan,2009,Male,Asian/Pacific Islander,14,5414,258.58884373845600,365,0.7084625855848110
Michigan,2009,Male,Black,366,31376,1166.49668536461,365,3.1958813297660500
Michigan,2009,Male,White,1675,294302,569.1432610040030,365,1.5592966054904200
Michigan,2010,Female,American Indian/Alaska Native,,1965,,365,
Michigan,2010,Female,Asian/Pacific Islander,,6063,,365,
Michigan,2010,Female,Black,260,43069,603.6824630244490,365,1.6539245562313700
Michigan,2010,Female,White,1015,333576,304.27848526272900,365,0.8336396856513120
Michigan,2010,Male,American Indian/Alaska Native,,1694,,365,
Michigan,2010,Male,Asian/Pacific Islander,16,5643,283.5371256423890,365,0.7768140428558600
Michigan,2010,Male,Black,331,32284,1025.2756783546000,365,2.808974461245490
Michigan,2010,Male,White,1714,300415,570.5440806883810,365,1.5631344676394000
Michigan,2011,Female,American Indian/Alaska Native,,2107,,365,
Michigan,2011,Female,Asian/Pacific Islander,,6661,,365,
Michigan,2011,Female,Black,246,44579,551.8293366831920,365,1.5118611963923100
Michigan,2011,Female,White,1014,341559,296.8740393314190,365,0.8133535324148460
Michigan,2011,Male,American Indian/Alaska Native,13,1828,711.1597374179430,365,1.94838284224094
Michigan,2011,Male,Asian/Pacific Islander,16,6054,264.2880740006610,365,0.7240769150703030
Michigan,2011,Male,Black,366,33788,1083.2248135432700,365,2.9677392151870400
Michigan,2011,Male,White,1728,308977,559.2649291047550,365,1.5322326824787800
Michigan,2012,Female,American Indian/Alaska Native,11,2357,466.6949512091640,366,1.2751228175113800
Michigan,2012,Female,Asian/Pacific Islander,12,7317,164.00164001640000,366,0.4480919126131150
Michigan,2012,Female,Black,319,47349,673.7206699191110,366,1.8407668577024900
Michigan,2012,Female,White,1092,363231,300.635133014528,366,0.8214074672528090
Michigan,2012,Male,American Indian/Alaska Native,16,1998,800.8008008008010,366,2.187980330056830
Michigan,2012,Male,Asian/Pacific Islander,15,6523,229.9555419285610,366,0.628293830405903
Michigan,2012,Male,Black,421,35919,1172.0816281076900,366,3.202408819966360
Michigan,2012,Male,White,1779,331160,537.2025606957360,366,1.4677665592779700
Michigan,2013,Female,American Indian/Alaska Native,11,2538,433.41213553979500,365,1.1874305083282100
Michigan,2013,Female,Asian/Pacific Islander,15,8092,185.36826495304000,365,0.5078582601453150
Michigan,2013,Female,Black,321,50486,635.8198312403440,365,1.7419721403845000
Michigan,2013,Female,White,1129,379483,297.51003338753000,365,0.8150959818836440
Michigan,2013,Male,American Indian/Alaska Native,16,2201,726.9422989550200,365,1.9916227368630700
Michigan,2013,Male,Asian/Pacific Islander,16,6854,233.4403268164580,365,0.6395625392231710
Michigan,2013,Male,Black,422,38287,1102.2017917308700,365,3.0197309362489700
Michigan,2013,Male,White,1895,347498,545.326879579163,365,1.4940462454223600
Michigan,2014,Female,American Indian/Alaska Native,12,2702,444.1154700222060,365,1.2167547123896000
Michigan,2014,Female,Asian/Pacific Islander,,8797,,365,
Michigan,2014,Female,Black,325,53654,605.7330301561860,365,1.6595425483731100
Michigan,2014,Female,White,1120,395097,283.4746910252420,365,0.7766429891102520
Michigan,2014,Male,American Indian/Alaska Native,18,2332,771.869639794168,365,2.11471134190183
Michigan,2014,Male,Asian/Pacific Islander,12,7254,165.42597187758500,365,0.45322184076050600
Michigan,2014,Male,Black,420,40174,1045.452282570820,365,2.8642528289611400
Michigan,2014,Male,White,2053,361735,567.542538045807,365,1.5549110631392000
Michigan,2015,Female,American Indian/Alaska Native,13,2869,453.11955385151600,365,1.2414234352096300
Michigan,2015,Female,Asian/Pacific Islander,,9651,,365,
Michigan,2015,Female,Black,330,56494,584.1328282649490,365,1.6003639130546500
Michigan,2015,Female,White,1159,409478,283.0432892609620,365,0.7754610664683880
Michigan,2015,Male,American Indian/Alaska Native,19,2499,760.3041216486600,365,2.083024990818250
Michigan,2015,Male,Asian/Pacific Islander,17,7735,219.78021978022000,365,0.6021375884389580
Michigan,2015,Male,Black,451,42153,1069.9119872844200,365,2.9312657185874400
Michigan,2015,Male,White,2163,376261,574.8669141898840,365,1.5749778470955700
Michigan,2016,Female,American Indian/Alaska Native,,3033,,366,
Michigan,2016,Female,Asian/Pacific Islander,,10176,,366,
Michigan,2016,Female,Black,390,59141,659.4409969395170,366,1.8017513577582400
Michigan,2016,Female,White,1226,423963,289.17617810988200,366,0.7900988472947600
Michigan,2016,Male,American Indian/Alaska Native,17,2576,659.9378881987580,366,1.8031089841496100
Michigan,2016,Male,Asian/Pacific Islander,21,8018,261.91070092292300,366,0.7156030079861300
Michigan,2016,Male,Black,509,43889,1159.7438993825300,366,3.1686991786408000
Michigan,2016,Male,White,2305,390139,590.8150684755950,366,1.61424882097157
Michigan,2017,Female,American Indian/Alaska Native,15,3251,461.3964933866500,365,1.2640999818812300
Michigan,2017,Female,Asian/Pacific Islander,14,10776,129.91833704528600,365,0.3559406494391390
Michigan,2017,Female,Black,371,61796,600.362483008609,365,1.6448287205715300
Michigan,2017,Female,White,1245,440646,282.5397257662610,365,0.7740814404555100
Michigan,2017,Male,American Indian/Alaska Native,17,2780,611.5107913669070,365,1.6753720311422100
Michigan,2017,Male,Asian/Pacific Islander,19,8464,224.4801512287340,365,0.6150141129554340
Michigan,2017,Male,Black,511,45353,1126.717085970060,365,3.0868961259453600
Michigan,2017,Male,White,2330,406152,573.6768500462880,365,1.5717173973870900
Michigan,2018,Female,American Indian/Alaska Native,,3397,,365,
Michigan,2018,Female,Asian/Pacific Islander,,10984,,365,
Michigan,2018,Female,Black,376,63805,589.2955097562890,365,1.61450824590764
Michigan,2018,Female,White,1279,452060,282.92704508251100,365,0.7751425892671540
Michigan,2018,Male,American Indian/Alaska Native,27,2939,918.6798230690710,365,2.516931022107040
Michigan,2018,Male,Asian/Pacific Islander,21,8731,240.52227694422200,365,0.6589651423129360
Michigan,2018,Male,Black,529,46520,1137.1453138435100,365,3.115466613269890
Michigan,2018,Male,White,2281,416266,547.9669249950750,365,1.50127924656185
Michigan,2019,Female,American Indian/Alaska Native,,3704,,365,
Michigan,2019,Female,Asian/Pacific Islander,13,11351,114.52735441811300,365,0.31377357374825500
Michigan,2019,Female,Black,417,66191,629.9950144279430,365,1.7260137381587500
Michigan,2019,Female,White,1314,466564,281.63338791677000,365,0.7715983230596450
Michigan,2019,Male,American Indian/Alaska Native,24,3123,768.4918347742560,365,2.1054570815733000
Michigan,2019,Male,Asian/Pacific Islander,21,9079,231.3030069390900,365,0.6337068683262750
Michigan,2019,Male,Black,512,48008,1066.4889185135800,365,2.921887447982410
Michigan,2019,Male,White,2420,429560,563.3671664028310,365,1.5434716887748800
Michigan,2020,Female,American Indian/Alaska Native,14,3932,356.0528992878940,366,0.9728221292018970
Michigan,2020,Female,Asian/Pacific Islander,22,11692,188.16284639069400,366,0.5141061376794930
Michigan,2020,Female,Black,471,68738,685.210509470744,366,1.8721598619419200
Michigan,2020,Female,White,1373,483964,283.6987875131210,366,0.775133299216177
Michigan,2020,Male,American Indian/Alaska Native,14,3283,426.43923240938200,366,1.1651345147797300
Michigan,2020,Male,Asian/Pacific Islander,36,9353,384.90323960226700,366,1.0516481956346100
Michigan,2020,Male,Black,709,49434,1434.235546385080,366,3.9186763562433900
Michigan,2020,Male,White,2513,444366,565.5248151298710,366,1.5451497681144000
Michigan,2021,Female,American Indian/Alaska Native,17,3495,486.4091559370530,365,1.3326278244850800
Michigan,2021,Female,Asian/Pacific Islander,17,11254,151.05740181268900,365,0.41385589537723000
Michigan,2021,Female,Black,401,69610,576.0666570894990,365,1.5782648139438300
Michigan,2021,Female,White,1430,496122,288.2355549643030,365,0.7896864519569950
Michigan,2021,Male,American Indian/Alaska Native,18,3025,595.0413223140500,365,1.6302501981206800
Michigan,2021,Male,Asian/Pacific Islander,32,9200,347.82608695652200,365,0.9529481834425250
Michigan,2021,Male,Black,661,51082,1293.9978857523200,365,3.5451996869926600
Michigan,2021,Male,White,2661,464644,572.6965160423900,365,1.5690315508010700
Michigan,2022,Female,American Indian/Alaska Native,13,3574,363.7381085618360,365,0.9965427631831110
Michigan,2022,Female,Asian/Pacific Islander,11,11347,96.94192297523570,365,0.26559430952119400
Michigan,2022,Female,Black,421,70258,599.2200176492360,365,1.6416986784910600
Michigan,2022,Female,White,1512,498361,303.3945272603600,365,0.8312178829050940
Michigan,2022,Male,American Indian/Alaska Native,19,3009,631.4390162844800,365,1.729969907628710
Michigan,2022,Male,Asian/Pacific Islander,21,9537,220.1950298836110,365,0.6032740544756470
Michigan,2022,Male,Black,625,50832,1229.5404469625400,365,3.368603964280940
Michigan,2022,Male,White,2764,466228,592.842986693206,365,1.6242273608033000
Michigan,2023,Female,American Indian/Alaska Native,,3693,,365,
Michigan,2023,Female,Asian/Pacific Islander,12,11825,101.4799154334040,365,0.2780271655709690
Michigan,2023,Female,Black,482,72204,667.5530441526790,365,1.828912449733370
Michigan,2023,Female,White,1451,511966,283.4172581773010,365,0.7764856388419200
Michigan,2023,Male,American Indian/Alaska Native,15,3152,475.8883248730970,365,1.3038036297893100
Michigan,2023,Male,Asian/Pacific Islander,20,10147,197.10259189908300,365,0.5400071010933790
Michigan,2023,Male,Black,603,52682,1144.603469875860,365,3.135899917468110
Michigan,2023,Male,White,2612,478299,546.1019153291140,365,1.496169631038670
Michigan,2024,Female,American Indian/Alaska Native,,3829,,366,
Michigan,2024,Female,Asian/Pacific Islander,17,13232,128.4764207980650,366,0.35102847212586100
Michigan,2024,Female,Black,459,73211,626.9549657838300,366,1.712991709791890
Michigan,2024,Female,White,1383,521794,265.0471258772620,366,0.724172475074486
Michigan,2024,Male,American Indian/Alaska Native,20,3295,606.9802731411230,366,1.6584160468336700
Michigan,2024,Male,Asian/Pacific Islander,23,11295,203.6299247454630,366,0.556365914605089
Michigan,2024,Male,Black,575,53777,1069.2303401082200,366,2.9213943718804000
Michigan,2024,Male,White,2707,487296,555.5145127396900,366,1.517799215135770
Michigan,2025,Female,American Indian/Alaska Native,15,3829,391.74719247845400,365,1.0732799793930200
Michigan,2025,Female,Asian/Pacific Islander,13,13232,98.24667472793230,365,0.2691689718573490
Michigan,2025,Female,Black,421,73211,575.0501973747120,365,1.575479992807430
Michigan,2025,Female,White,1411,521794,270.4132282088330,365,0.7408581594762560
Michigan,2025,Male,American Indian/Alaska Native,15,3295,455.2352048558420,365,1.2472197393310700
Michigan,2025,Male,Asian/Pacific Islander,22,11295,194.77644975652900,365,0.5336341089219980
Michigan,2025,Male,Black,606,53777,1126.875801922760,365,3.0873309641719300
Michigan,2025,Male,White,2683,487296,550.5893748358290,365,1.508464040646110
Minnesota,1999,Female,American Indian/Alaska Native,,770,,365,
Minnesota,1999,Female,Asian/Pacific Islander,,1792,,365,
Minnesota,1999,Female,Black,10,1926,519.2107995846310,365,1.4224953413277600
Minnesota,1999,Female,White,436,154378,282.4236614025310,365,0.7737634558973460
Minnesota,1999,Male,American Indian/Alaska Native,,682,,365,
Minnesota,1999,Male,Asian/Pacific Islander,,1325,,365,
Minnesota,1999,Male,Black,14,1524,918.6351706036750,365,2.5168086865854100
Minnesota,1999,Male,White,917,133038,689.276747996813,365,1.888429446566610
Minnesota,2000,Female,American Indian/Alaska Native,,845,,366,
Minnesota,2000,Female,Asian/Pacific Islander,,1993,,366,
Minnesota,2000,Female,Black,,2038,,366,
Minnesota,2000,Female,White,438,153596,285.1636761373990,366,0.7791357271513650
Minnesota,2000,Male,American Indian/Alaska Native,,761,,366,
Minnesota,2000,Male,Asian/Pacific Islander,,1472,,366,
Minnesota,2000,Male,Black,11,1622,678.1750924784220,366,1.8529374111432300
Minnesota,2000,Male,White,856,133498,641.2081079866370,366,1.7519347212749600
Minnesota,2001,Female,American Indian/Alaska Native,,899,,365,
Minnesota,2001,Female,Asian/Pacific Islander,,2137,,365,
Minnesota,2001,Female,Black,12,2168,553.5055350553510,365,1.5164535206995900
Minnesota,2001,Female,White,421,152709,275.68774597437000,365,0.7553088930804640
Minnesota,2001,Male,American Indian/Alaska Native,,820,,365,
Minnesota,2001,Male,Asian/Pacific Islander,,1631,,365,
Minnesota,2001,Male,Black,,1754,,365,
Minnesota,2001,Male,White,798,133319,598.5643456671590,365,1.639902316896330
Minnesota,2002,Female,American Indian/Alaska Native,,951,,365,
Minnesota,2002,Female,Asian/Pacific Islander,,2284,,365,
Minnesota,2002,Female,Black,11,2265,485.6512141280350,365,1.3305512715836600
Minnesota,2002,Female,White,359,152223,235.83821104563700,365,0.6461320850565400
Minnesota,2002,Male,American Indian/Alaska Native,10,846,1182.0330969267100,365,3.2384468408951100
Minnesota,2002,Male,Asian/Pacific Islander,,1785,,365,
Minnesota,2002,Male,Black,13,1823,713.1102578167860,365,1.953726733744620
Minnesota,2002,Male,White,746,133486,558.8601051795690,365,1.5311235758344400
Minnesota,2003,Female,American Indian/Alaska Native,,993,,365,
Minnesota,2003,Female,Asian/Pacific Islander,,2400,,365,
Minnesota,2003,Female,Black,10,2434,410.84634346754300,365,1.1256064204590200
Minnesota,2003,Female,White,364,152351,238.92196309837200,365,0.6545807208174560
Minnesota,2003,Male,American Indian/Alaska Native,,869,,365,
Minnesota,2003,Male,Asian/Pacific Islander,,1913,,365,
Minnesota,2003,Male,Black,,1979,,365,
Minnesota,2003,Male,White,693,134671,514.5874018905330,365,1.4098284983302300
Minnesota,2004,Female,American Indian/Alaska Native,,1045,,366,
Minnesota,2004,Female,Asian/Pacific Islander,,2578,,366,
Minnesota,2004,Female,Black,,2618,,366,
Minnesota,2004,Female,White,305,153211,199.0718682078960,366,0.5439122082182960
Minnesota,2004,Male,American Indian/Alaska Native,15,911,1646.542261251370,366,4.498749347681340
Minnesota,2004,Male,Asian/Pacific Islander,,2068,,366,
Minnesota,2004,Male,Black,13,2118,613.7865911237020,366,1.6770125440538300
Minnesota,2004,Male,White,594,136301,435.80017754822000,366,1.1907108676180900
Minnesota,2005,Female,American Indian/Alaska Native,,1113,,365,
Minnesota,2005,Female,Asian/Pacific Islander,,2713,,365,
Minnesota,2005,Female,Black,,2798,,365,
Minnesota,2005,Female,White,313,154190,202.99630326220900,365,0.5561542555129010
Minnesota,2005,Male,American Indian/Alaska Native,,978,,365,
Minnesota,2005,Male,Asian/Pacific Islander,,2222,,365,
Minnesota,2005,Male,Black,,2206,,365,
Minnesota,2005,Male,White,634,137963,459.54350079369100,365,1.259023289845730
Minnesota,2006,Female,American Indian/Alaska Native,,1168,,365,
Minnesota,2006,Female,Asian/Pacific Islander,,2913,,365,
Minnesota,2006,Female,Black,11,2995,367.2787979966610,365,1.0062432821826300
Minnesota,2006,Female,White,275,157208,174.92748460638100,365,0.47925338248323700
Minnesota,2006,Male,American Indian/Alaska Native,13,1008,1289.6825396825400,365,3.5333768210480500
Minnesota,2006,Male,Asian/Pacific Islander,,2364,,365,
Minnesota,2006,Male,Black,,2363,,365,
Minnesota,2006,Male,White,545,141020,386.47000425471600,365,1.0588219294649700
Minnesota,2007,Female,American Indian/Alaska Native,,1234,,365,
Minnesota,2007,Female,Asian/Pacific Islander,,3050,,365,
Minnesota,2007,Female,Black,,3189,,365,
Minnesota,2007,Female,White,288,161030,178.84866174004800,365,0.4899963335343790
Minnesota,2007,Male,American Indian/Alaska Native,11,1062,1035.7815442561200,365,2.8377576554962200
Minnesota,2007,Male,Asian/Pacific Islander,,2496,,365,
Minnesota,2007,Male,Black,13,2551,509.6040768326150,365,1.3961755529660700
Minnesota,2007,Male,White,524,145031,361.30206645475800,365,0.989868675218515
Minnesota,2008,Female,American Indian/Alaska Native,,1277,,366,
Minnesota,2008,Female,Asian/Pacific Islander,,3217,,366,
Minnesota,2008,Female,Black,,3428,,366,
Minnesota,2008,Female,White,270,167525,161.16997463065200,366,0.4403551219416730
Minnesota,2008,Male,American Indian/Alaska Native,,1108,,366,
Minnesota,2008,Male,Asian/Pacific Islander,,2656,,366,
Minnesota,2008,Male,Black,12,2772,432.9004329004330,366,1.1827880680339700
Minnesota,2008,Male,White,558,151582,368.117586520827,366,1.0057857555213900
Minnesota,2009,Female,American Indian/Alaska Native,,1370,,365,
Minnesota,2009,Female,Asian/Pacific Islander,,3462,,365,
Minnesota,2009,Female,Black,12,3720,322.5806451612900,365,0.8837825894829870
Minnesota,2009,Female,White,262,173367,151.12449312729600,365,0.41403970719807200
Minnesota,2009,Male,American Indian/Alaska Native,14,1108,1263.537906137180,365,3.461747688047080
Minnesota,2009,Male,Asian/Pacific Islander,12,2825,424.7787610619470,365,1.1637774275669800
Minnesota,2009,Male,Black,,3031,,365,
Minnesota,2009,Male,White,563,157100,358.37046467218300,365,0.981836889512831
Minnesota,2010,Female,American Indian/Alaska Native,,1413,,365,
Minnesota,2010,Female,Asian/Pacific Islander,,3617,,365,
Minnesota,2010,Female,Black,,3910,,365,
Minnesota,2010,Female,White,266,177114,150.18575606671400,365,0.4114678248403130
Minnesota,2010,Male,American Indian/Alaska Native,10,1165,858.3690987124460,365,2.3516961608560200
Minnesota,2010,Male,Asian/Pacific Islander,,3014,,365,
Minnesota,2010,Male,Black,10,3268,305.99755201958400,365,0.8383494575879010
Minnesota,2010,Male,White,562,160926,349.2288380994990,365,0.9567913372589020
Minnesota,2011,Female,American Indian/Alaska Native,,1518,,365,
Minnesota,2011,Female,Asian/Pacific Islander,,3918,,365,
Minnesota,2011,Female,Black,12,4194,286.1230329041490,365,0.7838987202853390
Minnesota,2011,Female,White,271,182762,148.28027708166900,365,0.4062473344703260
Minnesota,2011,Male,American Indian/Alaska Native,,1265,,365,
Minnesota,2011,Male,Asian/Pacific Islander,,3268,,365,
Minnesota,2011,Male,Black,14,3518,397.9533826037520,365,1.09028324001028
Minnesota,2011,Male,White,567,166957,339.6084021634310,365,0.9304339785299490
Minnesota,2012,Female,American Indian/Alaska Native,,1623,,366,
Minnesota,2012,Female,Asian/Pacific Islander,,4189,,366,
Minnesota,2012,Female,Black,,4489,,366,
Minnesota,2012,Female,White,284,194299,146.16647538072800,366,0.39936195459215200
Minnesota,2012,Male,American Indian/Alaska Native,13,1344,967.2619047619050,366,2.642792089513400
Minnesota,2012,Male,Asian/Pacific Islander,,3496,,366,
Minnesota,2012,Male,Black,16,3793,421.8296862641710,366,1.1525401264048400
Minnesota,2012,Male,White,581,178492,325.50478452815800,366,0.8893573347763880
Minnesota,2013,Female,American Indian/Alaska Native,,1767,,365,
Minnesota,2013,Female,Asian/Pacific Islander,,4590,,365,
Minnesota,2013,Female,Black,10,4871,205.29665366454500,365,0.5624565853823160
Minnesota,2013,Female,White,277,204076,135.73374625139700,365,0.37187327740108600
Minnesota,2013,Male,American Indian/Alaska Native,10,1439,694.9270326615710,365,1.9039096785248500
Minnesota,2013,Male,Asian/Pacific Islander,,3831,,365,
Minnesota,2013,Male,Black,14,4230,330.9692671394800,365,0.90676511545063
Minnesota,2013,Male,White,615,187938,327.23557769051500,365,0.896535829289082
Minnesota,2014,Female,American Indian/Alaska Native,,1867,,365,
Minnesota,2014,Female,Asian/Pacific Islander,,5034,,365,
Minnesota,2014,Female,Black,10,5385,185.70102135561700,365,0.5087699215222400
Minnesota,2014,Female,White,276,212637,129.79867097447800,365,0.35561279719035000
Minnesota,2014,Male,American Indian/Alaska Native,16,1513,1057.5016523463300,365,2.897264800948850
Minnesota,2014,Male,Asian/Pacific Islander,,4107,,365,
Minnesota,2014,Male,Black,20,4587,436.01482450403300,365,1.1945611630247500
Minnesota,2014,Male,White,618,196561,314.40621486459700,365,0.861386890039991
Minnesota,2015,Female,American Indian/Alaska Native,,1980,,365,
Minnesota,2015,Female,Asian/Pacific Islander,,5446,,365,
Minnesota,2015,Female,Black,11,5851,188.0020509314650,365,0.5150741121409990
Minnesota,2015,Female,White,307,221654,138.50415512465400,365,0.3794634386976820
Minnesota,2015,Male,American Indian/Alaska Native,10,1592,628.140703517588,365,1.7209334342947600
Minnesota,2015,Male,Asian/Pacific Islander,10,4492,222.6179875333930,365,0.6099122946120350
Minnesota,2015,Male,Black,21,5023,418.07684650607200,365,1.145416017824860
Minnesota,2015,Male,White,647,205867,314.2805792089070,365,0.8610426827641280
Minnesota,2016,Female,American Indian/Alaska Native,11,2093,525.5613951266130,366,1.435960095974350
Minnesota,2016,Female,Asian/Pacific Islander,,5678,,366,
Minnesota,2016,Female,Black,,6206,,366,
Minnesota,2016,Female,White,332,231100,143.6607529208140,366,0.3925157183628780
Minnesota,2016,Male,American Indian/Alaska Native,11,1588,692.6952141057930,366,1.8926098746059900
Minnesota,2016,Male,Asian/Pacific Islander,10,4618,216.54395842356000,366,0.5916501596272130
Minnesota,2016,Male,Black,23,5386,427.0330486446340,366,1.1667569635099300
Minnesota,2016,Male,White,684,215579,317.28507878782300,366,0.8668991223711
Minnesota,2017,Female,American Indian/Alaska Native,,2205,,365,
Minnesota,2017,Female,Asian/Pacific Islander,,6198,,365,
Minnesota,2017,Female,Black,13,6713,193.65410397735700,365,0.5305591889790610
Minnesota,2017,Female,White,320,240524,133.04285643012800,365,0.3645009765208970
Minnesota,2017,Male,American Indian/Alaska Native,15,1682,891.79548156956,365,2.4432752919714000
Minnesota,2017,Male,Asian/Pacific Islander,10,4983,200.6823198876180,365,0.5498145750345700
Minnesota,2017,Male,Black,30,5804,516.8849069607170,365,1.416123032769090
Minnesota,2017,Male,White,703,224996,312.4499991110950,365,0.8560273948249190
Minnesota,2018,Female,American Indian/Alaska Native,,2305,,365,
Minnesota,2018,Female,Asian/Pacific Islander,10,6469,154.5833977430820,365,0.42351615820022600
Minnesota,2018,Female,Black,21,7040,298.29545454545500,365,0.8172478206724780
Minnesota,2018,Female,White,308,248556,123.91573729863700,365,0.33949517068119700
Minnesota,2018,Male,American Indian/Alaska Native,16,1795,891.3649025069640,365,2.44209562330675
Minnesota,2018,Male,Asian/Pacific Islander,16,5138,311.40521603736900,365,0.8531649754448460
Minnesota,2018,Male,Black,30,6275,478.0876494023900,365,1.3098291764449100
Minnesota,2018,Male,White,756,232602,325.0187014729020,365,0.8904621958161710
Minnesota,2019,Female,American Indian/Alaska Native,,2432,,365,
Minnesota,2019,Female,Asian/Pacific Islander,12,6916,173.5106998264890,365,0.475371780346546
Minnesota,2019,Female,Black,20,7642,261.7115938236060,365,0.7170180652701540
Minnesota,2019,Female,White,355,258230,137.4743445765400,365,0.3766420399357270
Minnesota,2019,Male,American Indian/Alaska Native,17,1894,897.5712777191130,365,2.4590993910112700
Minnesota,2019,Male,Asian/Pacific Islander,15,5451,275.17886626307100,365,0.7539147020906060
Minnesota,2019,Male,Black,24,6911,347.27246418752700,365,0.951431408732951
Minnesota,2019,Male,White,769,241583,318.3171001270790,365,0.8721016441837770
Minnesota,2020,Female,American Indian/Alaska Native,,2541,,366,
Minnesota,2020,Female,Asian/Pacific Islander,,7214,,366,
Minnesota,2020,Female,Black,27,8255,327.07450030284700,366,0.893646175690838
Minnesota,2020,Female,White,406,268067,151.4546736450220,366,0.41381058372956700
Minnesota,2020,Male,American Indian/Alaska Native,12,1967,610.0660904931370,366,1.6668472417845300
Minnesota,2020,Male,Asian/Pacific Islander,14,5738,243.98745207389300,366,0.6666323827155560
Minnesota,2020,Male,Black,42,7361,570.574650183399,366,1.558947131648630
Minnesota,2020,Male,White,765,251065,304.7019696094640,366,0.8325190426488080
Minnesota,2021,Female,American Indian/Alaska Native,,2420,,365,
Minnesota,2021,Female,Asian/Pacific Islander,11,7251,151.7032133498830,365,0.4156252420544730
Minnesota,2021,Female,Black,26,8551,304.05800491170600,365,0.8330356298950860
Minnesota,2021,Female,White,411,275624,149.11618726961400,365,0.40853749936880500
Minnesota,2021,Male,American Indian/Alaska Native,,1912,,365,
Minnesota,2021,Male,Asian/Pacific Islander,12,5905,203.21761219305700,365,0.5567605813508400
Minnesota,2021,Male,Black,35,7841,446.3716362708840,365,1.2229359897832400
Minnesota,2021,Male,White,825,264073,312.4136129024930,365,0.8559277065821720
Minnesota,2022,Female,American Indian/Alaska Native,12,2452,489.39641109298500,365,1.340812085186260
Minnesota,2022,Female,Asian/Pacific Islander,14,7430,188.42530282638000,365,0.5162337063736430
Minnesota,2022,Female,Black,25,8892,281.15159694107100,365,0.7702783477837550
Minnesota,2022,Female,White,401,278354,144.06115953067000,365,0.3946881083032040
Minnesota,2022,Male,American Indian/Alaska Native,16,1981,807.6728924785460,365,2.2128024451467000
Minnesota,2022,Male,Asian/Pacific Islander,15,6073,246.9948954388280,365,0.6766983436680210
Minnesota,2022,Male,Black,37,8250,448.4848484848490,365,1.228725612287260
Minnesota,2022,Male,White,840,267412,314.122028929143,365,0.8606082984360080
Minnesota,2023,Female,American Indian/Alaska Native,12,2567,467.4717569146860,365,1.2807445394922900
Minnesota,2023,Female,Asian/Pacific Islander,0,127,0.0,365,0.0
Minnesota,2023,Female,Black,31,9513,325.86986229370300,365,0.8927941432704200
Minnesota,2023,Female,White,369,287022,128.56157367727900,365,0.35222348952679200
Minnesota,2023,Male,American Indian/Alaska Native,15,2105,712.5890736342040,365,1.9522988318745300
Minnesota,2023,Male,Asian/Pacific Islander,15,6302,238.01967629324000,365,0.6521087021732610
Minnesota,2023,Male,Black,43,9019,476.77126067191500,365,1.3062226319778500
Minnesota,2023,Male,White,848,274793,308.5959249325860,365,0.8454682874865360
Minnesota,2024,Female,American Indian/Alaska Native,12,2628,456.62100456621000,366,1.2475983731317200
Minnesota,2024,Female,Asian/Pacific Islander,10,8263,121.02142079148000,366,0.3306596196488530
Minnesota,2024,Female,Black,32,10200,313.7254901960780,366,0.8571734704810890
Minnesota,2024,Female,White,387,293504,131.85510248582600,366,0.3602598428574490
Minnesota,2024,Male,American Indian/Alaska Native,20,2190,913.2420091324200,366,2.4951967462634400
Minnesota,2024,Male,Asian/Pacific Islander,21,6663,315.17334533993700,366,0.8611293588522870
Minnesota,2024,Male,Black,53,9766,542.6991603522420,366,1.4827845911263500
Minnesota,2024,Male,White,790,280613,281.52651516501400,366,0.7691981288661580
Minnesota,2025,Female,American Indian/Alaska Native,17,2628,646.8797564687980,365,1.7722733053939700
Minnesota,2025,Female,Asian/Pacific Islander,10,8263,121.02142079148000,365,0.3315655364150140
Minnesota,2025,Female,Black,46,10200,450.98039215686300,365,1.2355627182379800
Minnesota,2025,Female,White,428,293504,145.82424771042300,365,0.3995184868778710
Minnesota,2025,Male,American Indian/Alaska Native,17,2190,776.2557077625570,365,2.1267279664727600
Minnesota,2025,Male,Asian/Pacific Islander,24,6663,360.19810895992800,365,0.9868441341367890
Minnesota,2025,Male,Black,36,9766,368.6258447675610,365,1.0099338212809900
Minnesota,2025,Male,White,850,280613,302.9082758104580,365,0.8298856871519390
Mississippi,1999,Female,American Indian/Alaska Native,,162,,365,
Mississippi,1999,Female,Asian/Pacific Islander,,326,,365,
Mississippi,1999,Female,Black,310,27386,1131.9652377127,365,3.1012746238704100
Mississippi,1999,Female,White,474,76625,618.5970636215340,365,1.6947864756754300
Mississippi,1999,Male,American Indian/Alaska Native,,112,,365,
Mississippi,1999,Male,Asian/Pacific Islander,,194,,365,
Mississippi,1999,Male,Black,313,18208,1719.02460456942,365,4.709656450875120
Mississippi,1999,Male,White,759,62410,1216.1512578112500,365,3.3319212542773900
Mississippi,2000,Female,American Indian/Alaska Native,,238,,366,
Mississippi,2000,Female,Asian/Pacific Islander,0,425,0.0,366,0.0
Mississippi,2000,Female,Black,280,27168,1030.6242638398100,366,2.815913289179810
Mississippi,2000,Female,White,430,76349,563.2031853724350,366,1.538806517411020
Mississippi,2000,Male,American Indian/Alaska Native,,186,,366,
Mississippi,2000,Male,Asian/Pacific Islander,,268,,366,
Mississippi,2000,Male,Black,288,18117,1589.6671634376600,366,4.3433529055673600
Mississippi,2000,Male,White,750,62959,1191.25144935593,366,3.254785380753910
Mississippi,2001,Female,American Indian/Alaska Native,,236,,365,
Mississippi,2001,Female,Asian/Pacific Islander,,457,,365,
Mississippi,2001,Female,Black,310,27263,1137.0722224260000,365,3.1152663628109500
Mississippi,2001,Female,White,420,76369,549.961371760793,365,1.5067434842761500
Mississippi,2001,Male,American Indian/Alaska Native,,195,,365,
Mississippi,2001,Male,Asian/Pacific Islander,,297,,365,
Mississippi,2001,Male,Black,274,18351,1493.1066426897700,365,4.090703130656910
Mississippi,2001,Male,White,679,63418,1070.6739411523500,365,2.9333532634311100
Mississippi,2002,Female,American Indian/Alaska Native,0,242,0.0,365,0.0
Mississippi,2002,Female,Asian/Pacific Islander,,488,,365,
Mississippi,2002,Female,Black,240,27074,886.4593336780680,365,2.4286557087070300
Mississippi,2002,Female,White,430,75972,565.9979992628860,365,1.550679450035310
Mississippi,2002,Male,American Indian/Alaska Native,,196,,365,
Mississippi,2002,Male,Asian/Pacific Islander,,313,,365,
Mississippi,2002,Male,Black,287,18445,1555.977229601520,365,4.262951313976760
Mississippi,2002,Male,White,690,63772,1081.9795521545500,365,2.964327540149450
Mississippi,2003,Female,American Indian/Alaska Native,0,256,0.0,365,0.0
Mississippi,2003,Female,Asian/Pacific Islander,,520,,365,
Mississippi,2003,Female,Black,234,27182,860.8638069310570,365,2.3585309778933100
Mississippi,2003,Female,White,414,76410,541.813898704358,365,1.4844216402859100
Mississippi,2003,Male,American Indian/Alaska Native,0,210,0.0,365,0.0
Mississippi,2003,Male,Asian/Pacific Islander,,350,,365,
Mississippi,2003,Male,Black,260,18855,1378.9445770352700,365,3.777930348041830
Mississippi,2003,Male,White,655,64549,1014.7329935397900,365,2.780090393259700
Mississippi,2004,Female,American Indian/Alaska Native,,280,,366,
Mississippi,2004,Female,Asian/Pacific Islander,,537,,366,
Mississippi,2004,Female,Black,203,27344,742.3932124049150,366,2.028396755204690
Mississippi,2004,Female,White,361,76914,469.3553839353040,366,1.2823917593860800
Mississippi,2004,Male,American Indian/Alaska Native,0,223,0.0,366,0.0
Mississippi,2004,Male,Asian/Pacific Islander,,362,,366,
Mississippi,2004,Male,Black,248,19251,1288.244766505640,366,3.51979444400447
Mississippi,2004,Male,White,618,65873,938.1689007635910,366,2.563303007550790
Mississippi,2005,Female,American Indian/Alaska Native,,295,,365,
Mississippi,2005,Female,Asian/Pacific Islander,,573,,365,
Mississippi,2005,Female,Black,229,27785,824.1857117149540,365,2.258043045794400
Mississippi,2005,Female,White,354,77840,454.7790339157250,365,1.245969955933490
Mississippi,2005,Male,American Indian/Alaska Native,,242,,365,
Mississippi,2005,Male,Asian/Pacific Islander,,392,,365,
Mississippi,2005,Male,Black,242,19773,1223.891164719570,365,3.353126478683750
Mississippi,2005,Male,White,588,67328,873.3365019011410,365,2.392702744934630
Mississippi,2006,Female,American Indian/Alaska Native,,303,,365,
Mississippi,2006,Female,Asian/Pacific Islander,,583,,365,
Mississippi,2006,Female,Black,201,28445,706.6268236948500,365,1.9359639005338300
Mississippi,2006,Female,White,347,78058,444.54123856619400,365,1.2179212015512200
Mississippi,2006,Male,American Indian/Alaska Native,,244,,365,
Mississippi,2006,Male,Asian/Pacific Islander,,398,,365,
Mississippi,2006,Male,Black,259,20482,1264.5249487354800,365,3.4644519143437700
Mississippi,2006,Male,White,575,67709,849.2224076562940,365,2.3266367333049100
Mississippi,2007,Female,American Indian/Alaska Native,,302,,365,
Mississippi,2007,Female,Asian/Pacific Islander,,619,,365,
Mississippi,2007,Female,Black,240,28888,830.7947936859600,365,2.2761501196875600
Mississippi,2007,Female,White,359,79420,452.02719717955200,365,1.2384306772042500
Mississippi,2007,Male,American Indian/Alaska Native,,265,,365,
Mississippi,2007,Male,Asian/Pacific Islander,,425,,365,
Mississippi,2007,Male,Black,255,21053,1211.2288034959400,365,3.318435078071070
Mississippi,2007,Male,White,572,69026,828.6732535566310,365,2.270337680977070
Mississippi,2008,Female,American Indian/Alaska Native,,332,,366,
Mississippi,2008,Female,Asian/Pacific Islander,,635,,366,
Mississippi,2008,Female,Black,182,29875,609.2050209205020,366,1.6644945926789700
Mississippi,2008,Female,White,336,81125,414.1756548536210,366,1.131627472277650
Mississippi,2008,Male,American Indian/Alaska Native,,271,,366,
Mississippi,2008,Male,Asian/Pacific Islander,,458,,366,
Mississippi,2008,Male,Black,250,21916,1140.7191093265200,366,3.1167188779413100
Mississippi,2008,Male,White,610,71079,858.2000309514770,366,2.3448088277362700
Mississippi,2009,Female,American Indian/Alaska Native,,347,,365,
Mississippi,2009,Female,Asian/Pacific Islander,,689,,365,
Mississippi,2009,Female,Black,199,30105,661.0197641587780,365,1.8110130524898000
Mississippi,2009,Female,White,350,83494,419.1917982130450,365,1.1484706800357400
Mississippi,2009,Male,American Indian/Alaska Native,,287,,365,
Mississippi,2009,Male,Asian/Pacific Islander,0,482,0.0,365,0.0
Mississippi,2009,Male,Black,255,22818,1117.538785169600,365,3.0617500963550800
Mississippi,2009,Male,White,587,73338,800.4036106793200,365,2.1928866046008800
Mississippi,2010,Female,American Indian/Alaska Native,0,362,0.0,365,0.0
Mississippi,2010,Female,Asian/Pacific Islander,,728,,365,
Mississippi,2010,Female,Black,179,30651,583.9939969332160,365,1.5999835532416900
Mississippi,2010,Female,White,346,84300,410.4389086595490,365,1.1244901607110900
Mississippi,2010,Male,American Indian/Alaska Native,,310,,365,
Mississippi,2010,Male,Asian/Pacific Islander,,502,,365,
Mississippi,2010,Male,Black,228,23379,975.2341845245730,365,2.6718744781495200
Mississippi,2010,Male,White,553,74237,744.9115670083650,365,2.040853608242100
Mississippi,2011,Female,American Indian/Alaska Native,,389,,365,
Mississippi,2011,Female,Asian/Pacific Islander,,789,,365,
Mississippi,2011,Female,Black,209,31513,663.2183543299590,365,1.8170365872053700
Mississippi,2011,Female,White,290,85616,338.7217342552790,365,0.928004751384327
Mississippi,2011,Male,American Indian/Alaska Native,,340,,365,
Mississippi,2011,Male,Asian/Pacific Islander,,533,,365,
Mississippi,2011,Male,Black,227,24323,933.2730337540600,365,2.5569124212440000
Mississippi,2011,Male,White,558,75673,737.3832146208030,365,2.020227985262470
Mississippi,2012,Female,American Indian/Alaska Native,,432,,366,
Mississippi,2012,Female,Asian/Pacific Islander,,858,,366,
Mississippi,2012,Female,Black,182,32901,553.1746755417770,366,1.5114062173272600
Mississippi,2012,Female,White,327,90740,360.3702887370510,366,0.984618275237844
Mississippi,2012,Male,American Indian/Alaska Native,,385,,366,
Mississippi,2012,Male,Asian/Pacific Islander,,604,,366,
Mississippi,2012,Male,Black,244,25777,946.580284749971,366,2.5862849310108500
Mississippi,2012,Male,White,568,80514,705.4673721340390,366,1.927506481240540
Mississippi,2013,Female,American Indian/Alaska Native,,449,,365,
Mississippi,2013,Female,Asian/Pacific Islander,,906,,365,
Mississippi,2013,Female,Black,201,34595,581.008816302934,365,1.5918049761724200
Mississippi,2013,Female,White,380,92958,408.78676391488600,365,1.119963736753110
Mississippi,2013,Male,American Indian/Alaska Native,,386,,365,
Mississippi,2013,Male,Asian/Pacific Islander,,627,,365,
Mississippi,2013,Male,Black,299,27148,1101.370266686310,365,3.017452785441950
Mississippi,2013,Male,White,602,83553,720.5007599966490,365,1.9739746849223300
Mississippi,2014,Female,American Indian/Alaska Native,,469,,365,
Mississippi,2014,Female,Asian/Pacific Islander,,984,,365,
Mississippi,2014,Female,Black,186,36582,508.4467771034940,365,1.3930048687766900
Mississippi,2014,Female,White,364,95604,380.73720764821600,365,1.0431156373923700
Mississippi,2014,Male,American Indian/Alaska Native,,430,,365,
Mississippi,2014,Male,Asian/Pacific Islander,,700,,365,
Mississippi,2014,Male,Black,267,28843,925.7012099989600,365,2.536167698627290
Mississippi,2014,Male,White,642,85823,748.0512217004770,365,2.049455401919110
Mississippi,2015,Female,American Indian/Alaska Native,,479,,365,
Mississippi,2015,Female,Asian/Pacific Islander,,1105,,365,
Mississippi,2015,Female,Black,242,38840,623.0690010298660,365,1.7070383589859300
Mississippi,2015,Female,White,380,97703,388.93380960666500,365,1.065572081114150
Mississippi,2015,Male,American Indian/Alaska Native,,463,,365,
Mississippi,2015,Male,Asian/Pacific Islander,,767,,365,
Mississippi,2015,Male,Black,266,30780,864.1975308641980,365,2.367664468121090
Mississippi,2015,Male,White,642,87885,730.5000853387950,365,2.0013700968186200
Mississippi,2016,Female,American Indian/Alaska Native,,507,,366,
Mississippi,2016,Female,Asian/Pacific Islander,,1219,,366,
Mississippi,2016,Female,Black,217,41265,525.8693808312130,366,1.436801586970530
Mississippi,2016,Female,White,356,99619,357.3615474959600,366,0.976397670753988
Mississippi,2016,Male,American Indian/Alaska Native,0,480,0.0,366,0.0
Mississippi,2016,Male,Asian/Pacific Islander,,830,,366,
Mississippi,2016,Male,Black,306,32867,931.0250403139930,366,2.5437842631529900
Mississippi,2016,Male,White,675,89264,756.1839039254350,366,2.066076240233430
Mississippi,2017,Female,American Indian/Alaska Native,,532,,365,
Mississippi,2017,Female,Asian/Pacific Islander,,1245,,365,
Mississippi,2017,Female,Black,221,43819,504.3474291973800,365,1.3817737786229600
Mississippi,2017,Female,White,351,101585,345.52345326573800,365,0.9466395979883230
Mississippi,2017,Male,American Indian/Alaska Native,,536,,365,
Mississippi,2017,Male,Asian/Pacific Islander,,889,,365,
Mississippi,2017,Male,Black,345,34806,991.2084123427000,365,2.71563948587041
Mississippi,2017,Male,White,695,90578,767.2944865199060,365,2.1021766753970000
Mississippi,2018,Female,American Indian/Alaska Native,,566,,365,
Mississippi,2018,Female,Asian/Pacific Islander,0,1305,0.0,365,0.0
Mississippi,2018,Female,Black,234,46129,507.27308200914800,365,1.3897892657784900
Mississippi,2018,Female,White,381,102994,369.9244616191230,365,1.0134916756688300
Mississippi,2018,Male,American Indian/Alaska Native,,551,,365,
Mississippi,2018,Male,Asian/Pacific Islander,,941,,365,
Mississippi,2018,Male,Black,373,36588,1019.4599322182100,365,2.7930409101868900
Mississippi,2018,Male,White,676,91511,738.7090076602810,365,2.0238602949596700
Mississippi,2019,Female,American Indian/Alaska Native,,599,,365,
Mississippi,2019,Female,Asian/Pacific Islander,,1335,,365,
Mississippi,2019,Female,Black,230,48815,471.1666495954110,365,1.2908675331381100
Mississippi,2019,Female,White,374,105144,355.7026554059200,365,0.9745278230299160
Mississippi,2019,Male,American Indian/Alaska Native,,565,,365,
Mississippi,2019,Male,Asian/Pacific Islander,,1049,,365,
Mississippi,2019,Male,Black,379,38402,986.927764178949,365,2.7039116826820500
Mississippi,2019,Male,White,718,93046,771.6613288051070,365,2.1141406268633100
Mississippi,2020,Female,American Indian/Alaska Native,,628,,366,
Mississippi,2020,Female,Asian/Pacific Islander,,1496,,366,
Mississippi,2020,Female,Black,308,51512,597.9189315111040,366,1.6336582828172200
Mississippi,2020,Female,White,434,107342,404.3151795196660,366,1.1046862828406200
Mississippi,2020,Male,American Indian/Alaska Native,,591,,366,
Mississippi,2020,Male,Asian/Pacific Islander,,1103,,366,
Mississippi,2020,Male,Black,463,40329,1148.0572292891000,366,3.1367683860357800
Mississippi,2020,Male,White,767,95208,805.6045710444500,366,2.2011053853673500
Mississippi,2021,Female,American Indian/Alaska Native,,637,,365,
Mississippi,2021,Female,Asian/Pacific Islander,0,59,0.0,365,0.0
Mississippi,2021,Female,Black,290,53016,547.0046778331070,365,1.4986429529674200
Mississippi,2021,Female,White,422,106739,395.35689860313500,365,1.083169585214070
Mississippi,2021,Male,American Indian/Alaska Native,,609,,365,
Mississippi,2021,Male,Asian/Pacific Islander,0,42,0.0,365,0.0
Mississippi,2021,Male,Black,501,42003,1192.7719448610800,365,3.267868342085150
Mississippi,2021,Male,White,823,96493,852.9116101686130,365,2.336744137448260
Mississippi,2022,Female,American Indian/Alaska Native,,650,,365,
Mississippi,2022,Female,Asian/Pacific Islander,,1520,,365,
Mississippi,2022,Female,Black,310,54144,572.547281323877,365,1.5686226885585700
Mississippi,2022,Female,White,453,105250,430.40380047505900,365,1.1791884944522200
Mississippi,2022,Male,American Indian/Alaska Native,0,618,0.0,365,0.0
Mississippi,2022,Male,Asian/Pacific Islander,0,54,0.0,365,0.0
Mississippi,2022,Male,Black,431,42443,1015.4795843837600,365,2.7821358476267400
Mississippi,2022,Male,White,761,94962,801.373180851288,365,2.1955429612364100
Mississippi,2023,Female,American Indian/Alaska Native,,683,,365,
Mississippi,2023,Female,Asian/Pacific Islander,0,58,0.0,365,0.0
Mississippi,2023,Female,Black,292,56396,517.7672175331580,365,1.418540322008650
Mississippi,2023,Female,White,439,106165,413.50727640936300,365,1.1328966476968800
Mississippi,2023,Male,American Indian/Alaska Native,,641,,365,
Mississippi,2023,Male,Asian/Pacific Islander,0,47,0.0,365,0.0
Mississippi,2023,Male,Black,417,44060,946.4366772582840,365,2.592977197967900
Mississippi,2023,Male,White,743,95806,775.5255411978370,365,2.1247275101310600
Mississippi,2024,Female,American Indian/Alaska Native,,723,,366,
Mississippi,2024,Female,Asian/Pacific Islander,0,60,0.0,366,0.0
Mississippi,2024,Female,Black,275,58199,472.5167099091050,366,1.291029262046740
Mississippi,2024,Female,White,471,106824,440.91215457200600,366,1.2046780179563000
Mississippi,2024,Male,American Indian/Alaska Native,,682,,366,
Mississippi,2024,Male,Asian/Pacific Islander,0,53,0.0,366,0.0
Mississippi,2024,Male,Black,410,45134,908.4060796738600,366,2.481983824245520
Mississippi,2024,Male,White,782,96483,810.5054776489120,366,2.214495840570800
Mississippi,2025,Female,American Indian/Alaska Native,,723,,365,
Mississippi,2025,Female,Asian/Pacific Islander,0,60,0.0,365,0.0
Mississippi,2025,Female,Black,286,58199,491.41737830546900,365,1.3463489816588200
Mississippi,2025,Female,White,429,106824,401.59514715794200,365,1.1002606771450500
Mississippi,2025,Male,American Indian/Alaska Native,,682,,365,
Mississippi,2025,Male,Asian/Pacific Islander,,1335,,365,
Mississippi,2025,Male,Black,464,45134,1028.049807240660,365,2.816574814357980
Mississippi,2025,Male,White,836,96483,866.4738865914200,365,2.3739010591545800
Missouri,1999,Female,American Indian/Alaska Native,0,529,0.0,365,0.0
Missouri,1999,Female,Asian/Pacific Islander,,1247,,365,
Missouri,1999,Female,Black,166,18166,913.7950016514370,365,2.5035479497299600
Missouri,1999,Female,White,1015,196087,517.6273796835080,365,1.4181572046123500
Missouri,1999,Male,American Indian/Alaska Native,,459,,365,
Missouri,1999,Male,Asian/Pacific Islander,,828,,365,
Missouri,1999,Male,Black,210,12512,1678.3887468030700,365,4.598325333707040
Missouri,1999,Male,White,1687,164095,1028.0630122794700,365,2.8166109925465000
Missouri,2000,Female,American Indian/Alaska Native,,648,,366,
Missouri,2000,Female,Asian/Pacific Islander,,1491,,366,
Missouri,2000,Female,Black,162,18354,882.6413860738800,366,2.4115884865406600
Missouri,2000,Female,White,991,194646,509.1293938740070,366,1.3910639176885400
Missouri,2000,Male,American Indian/Alaska Native,,565,,366,
Missouri,2000,Male,Asian/Pacific Islander,,954,,366,
Missouri,2000,Male,Black,175,12486,1401.5697581291000,366,3.8294255686587600
Missouri,2000,Male,White,1617,164082,985.4828683219370,366,2.692576142956110
Missouri,2001,Female,American Indian/Alaska Native,,654,,365,
Missouri,2001,Female,Asian/Pacific Islander,,1562,,365,
Missouri,2001,Female,Black,144,18547,776.4058877446490,365,2.1271394184784900
Missouri,2001,Female,White,934,192656,484.8019267502700,365,1.3282244568500500
Missouri,2001,Male,American Indian/Alaska Native,,588,,365,
Missouri,2001,Male,Asian/Pacific Islander,,1087,,365,
Missouri,2001,Male,Black,161,12677,1270.0165654334600,365,3.4794974395437300
Missouri,2001,Male,White,1457,163931,888.7885756812320,365,2.43503719364721
Missouri,2002,Female,American Indian/Alaska Native,0,661,0.0,365,0.0
Missouri,2002,Female,Asian/Pacific Islander,,1660,,365,
Missouri,2002,Female,Black,128,18603,688.061065419556,365,1.8850988093686500
Missouri,2002,Female,White,868,191241,453.8775680947080,365,1.2435001865608400
Missouri,2002,Male,American Indian/Alaska Native,,595,,365,
Missouri,2002,Male,Asian/Pacific Islander,,1201,,365,
Missouri,2002,Male,Black,153,12790,1196.2470680218900,365,3.2773892274572400
Missouri,2002,Male,White,1528,163495,934.5851555093430,365,2.5605072753680600
Missouri,2003,Female,American Indian/Alaska Native,,683,,365,
Missouri,2003,Female,Asian/Pacific Islander,12,1737,690.8462867012090,365,1.892729552606050
Missouri,2003,Female,Black,161,18657,862.9468832073750,365,2.36423803618459
Missouri,2003,Female,White,791,190962,414.2185356248890,365,1.134845303081890
Missouri,2003,Male,American Indian/Alaska Native,,613,,365,
Missouri,2003,Male,Asian/Pacific Islander,,1323,,365,
Missouri,2003,Male,Black,151,12957,1165.3932237400600,365,3.19285814723305
Missouri,2003,Male,White,1320,163919,805.275776450564,365,2.206235003974150
Missouri,2004,Female,American Indian/Alaska Native,,710,,366,
Missouri,2004,Female,Asian/Pacific Islander,,1852,,366,
Missouri,2004,Female,Black,127,18792,675.8194976585780,366,1.846501359722890
Missouri,2004,Female,White,794,191777,414.0225365919790,366,1.1312091163715300
Missouri,2004,Male,American Indian/Alaska Native,,656,,366,
Missouri,2004,Male,Asian/Pacific Islander,,1430,,366,
Missouri,2004,Male,Black,160,13093,1222.0270373482000,366,3.33887168674372
Missouri,2004,Male,White,1286,165607,776.5372236680820,366,2.1216864034647000
Missouri,2005,Female,American Indian/Alaska Native,,725,,365,
Missouri,2005,Female,Asian/Pacific Islander,,1911,,365,
Missouri,2005,Female,Black,117,18926,618.1971890520980,365,1.6936909289098600
Missouri,2005,Female,White,753,192863,390.4325868621770,365,1.0696783201703500
Missouri,2005,Male,American Indian/Alaska Native,,699,,365,
Missouri,2005,Male,Asian/Pacific Islander,,1536,,365,
Missouri,2005,Male,Black,128,13165,972.2749715153820,365,2.663767045247620
Missouri,2005,Male,White,1229,167815,732.3540803861400,365,2.0064495353044900
Missouri,2006,Female,American Indian/Alaska Native,0,732,0.0,365,0.0
Missouri,2006,Female,Asian/Pacific Islander,,2049,,365,
Missouri,2006,Female,Black,136,19245,706.6770589763570,365,1.936101531442080
Missouri,2006,Female,White,694,195841,354.3691055499100,365,0.9708742617805770
Missouri,2006,Male,American Indian/Alaska Native,,737,,365,
Missouri,2006,Male,Asian/Pacific Islander,,1681,,365,
Missouri,2006,Male,Black,156,13457,1159.2479750315800,365,3.1760218494015900
Missouri,2006,Male,White,1178,171345,687.5018238057720,365,1.8835666405637600
Missouri,2007,Female,American Indian/Alaska Native,,747,,365,
Missouri,2007,Female,Asian/Pacific Islander,,2146,,365,
Missouri,2007,Female,Black,105,19537,537.4417771408100,365,1.4724432250433100
Missouri,2007,Female,White,721,199943,360.6027717899600,365,0.9879527994245480
Missouri,2007,Male,American Indian/Alaska Native,,781,,365,
Missouri,2007,Male,Asian/Pacific Islander,,1834,,365,
Missouri,2007,Male,Black,148,13725,1078.3242258652100,365,2.9543129475759200
Missouri,2007,Male,White,1129,176312,640.3421207858800,365,1.7543619747558300
Missouri,2008,Female,American Indian/Alaska Native,0,822,0.0,366,0.0
Missouri,2008,Female,Asian/Pacific Islander,0,2279,0.0,366,0.0
Missouri,2008,Female,Black,124,19996,620.124024804961,366,1.6943279366255800
Missouri,2008,Female,White,725,206750,350.6650544135430,366,0.9581012415670570
Missouri,2008,Male,American Indian/Alaska Native,,823,,366,
Missouri,2008,Male,Asian/Pacific Islander,,1919,,366,
Missouri,2008,Male,Black,147,14052,1046.1144321093100,366,2.858236153304120
Missouri,2008,Male,White,1167,182572,639.1998773086780,366,1.7464477522095000
Missouri,2009,Female,American Indian/Alaska Native,0,873,0.0,365,0.0
Missouri,2009,Female,Asian/Pacific Islander,,2479,,365,
Missouri,2009,Female,Black,110,20443,538.0814948882260,365,1.474195876406100
Missouri,2009,Female,White,688,212615,323.589586811843,365,0.8865468131831310
Missouri,2009,Male,American Indian/Alaska Native,,884,,365,
Missouri,2009,Male,Asian/Pacific Islander,,2097,,365,
Missouri,2009,Male,Black,145,14546,996.8376185893030,365,2.7310619687378200
Missouri,2009,Male,White,1185,188266,629.4285744637910,365,1.7244618478460000
Missouri,2010,Female,American Indian/Alaska Native,,890,,365,
Missouri,2010,Female,Asian/Pacific Islander,,2588,,365,
Missouri,2010,Female,Black,136,20810,653.5319557904850,365,1.7904985090150300
Missouri,2010,Female,White,673,216210,311.2714490541600,365,0.8527984905593430
Missouri,2010,Male,American Indian/Alaska Native,,912,,365,
Missouri,2010,Male,Asian/Pacific Islander,,2188,,365,
Missouri,2010,Male,Black,142,14955,949.5152123035770,365,2.6014115405577500
Missouri,2010,Male,White,1154,191937,601.2389481965440,365,1.6472299950590200
Missouri,2011,Female,American Indian/Alaska Native,0,959,0.0,365,0.0
Missouri,2011,Female,Asian/Pacific Islander,,2802,,365,
Missouri,2011,Female,Black,109,21440,508.39552238806000,365,1.3928644448987900
Missouri,2011,Female,White,675,220949,305.5003643374720,365,0.8369872995547170
Missouri,2011,Male,American Indian/Alaska Native,,969,,365,
Missouri,2011,Male,Asian/Pacific Islander,10,2326,429.9226139294930,365,1.177870175149300
Missouri,2011,Male,Black,148,15516,953.8540861046660,365,2.613298866040180
Missouri,2011,Male,White,1189,196343,605.5729004853750,365,1.6591038369462300
Missouri,2012,Female,American Indian/Alaska Native,,1047,,366,
Missouri,2012,Female,Asian/Pacific Islander,,3091,,366,
Missouri,2012,Female,Black,106,22320,474.910394265233,366,1.2975693832383400
Missouri,2012,Female,White,688,233259,294.9511058522930,366,0.8058773383942430
Missouri,2012,Male,American Indian/Alaska Native,,1099,,366,
Missouri,2012,Male,Asian/Pacific Islander,,2463,,366,
Missouri,2012,Male,Black,143,16237,880.7045636509210,366,2.4062966219970500
Missouri,2012,Male,White,1222,207773,588.141866363772,366,1.6069449900649500
Missouri,2013,Female,American Indian/Alaska Native,,1144,,365,
Missouri,2013,Female,Asian/Pacific Islander,0,3311,0.0,365,0.0
Missouri,2013,Female,Black,102,23393,436.02787158551700,365,1.1945969084534700
Missouri,2013,Female,White,747,241754,308.991785037683,365,0.8465528357196790
Missouri,2013,Male,American Indian/Alaska Native,,1208,,365,
Missouri,2013,Male,Asian/Pacific Islander,,2604,,365,
Missouri,2013,Male,Black,148,17058,867.6280923906670,365,2.3770632668237500
Missouri,2013,Male,White,1281,216235,592.4110342913960,365,1.6230439295654700
Missouri,2014,Female,American Indian/Alaska Native,,1243,,365,
Missouri,2014,Female,Asian/Pacific Islander,,3563,,365,
Missouri,2014,Female,Black,130,24668,526.998540619426,365,1.4438316181354100
Missouri,2014,Female,White,750,250294,299.6476144054590,365,0.8209523682341350
Missouri,2014,Male,American Indian/Alaska Native,,1285,,365,
Missouri,2014,Male,Asian/Pacific Islander,,2844,,365,
Missouri,2014,Male,Black,144,17930,803.1232571109870,365,2.2003376907150300
Missouri,2014,Male,White,1356,223666,606.2611214936560,365,1.660989373955220
Missouri,2015,Female,American Indian/Alaska Native,,1343,,365,
Missouri,2015,Female,Asian/Pacific Islander,,3930,,365,
Missouri,2015,Female,Black,113,25889,436.4788133956510,365,1.1958323654675400
Missouri,2015,Female,White,829,257978,321.34523098868900,365,0.8803978931196960
Missouri,2015,Male,American Indian/Alaska Native,,1367,,365,
Missouri,2015,Male,Asian/Pacific Islander,,2903,,365,
Missouri,2015,Male,Black,163,18795,867.2519287044430,365,2.3760326813820300
Missouri,2015,Male,White,1430,230757,619.699510740736,365,1.6978068787417400
Missouri,2016,Female,American Indian/Alaska Native,,1456,,366,
Missouri,2016,Female,Asian/Pacific Islander,,4160,,366,
Missouri,2016,Female,Black,133,27162,489.65466460496300,366,1.3378542748769500
Missouri,2016,Female,White,871,265633,327.89600689673300,366,0.8958907292260480
Missouri,2016,Male,American Indian/Alaska Native,,1415,,366,
Missouri,2016,Male,Asian/Pacific Islander,,2996,,366,
Missouri,2016,Male,Black,199,19579,1016.3951172174300,366,2.7770358393918800
Missouri,2016,Male,White,1414,237572,595.1879851160910,366,1.6261966806450600
Missouri,2017,Female,American Indian/Alaska Native,,1613,,365,
Missouri,2017,Female,Asian/Pacific Islander,,4462,,365,
Missouri,2017,Female,Black,146,28477,512.6944551743510,365,1.404642342943430
Missouri,2017,Female,White,840,274475,306.0388013480280,365,0.8384624694466520
Missouri,2017,Male,American Indian/Alaska Native,,1520,,365,
Missouri,2017,Male,Asian/Pacific Islander,,3180,,365,
Missouri,2017,Male,Black,195,20481,952.1019481470630,365,2.6084984880741500
Missouri,2017,Male,White,1572,245124,641.308072648945,365,1.7570084182162900
Missouri,2018,Female,American Indian/Alaska Native,,1750,,365,
Missouri,2018,Female,Asian/Pacific Islander,,4663,,365,
Missouri,2018,Female,Black,160,29641,539.7928544920890,365,1.4788845328550400
Missouri,2018,Female,White,850,280099,303.4641323246420,365,0.831408581711349
Missouri,2018,Male,American Indian/Alaska Native,,1577,,365,
Missouri,2018,Male,Asian/Pacific Islander,,3323,,365,
Missouri,2018,Male,Black,223,21170,1053.3774208786000,365,2.8859655366537000
Missouri,2018,Male,White,1490,250354,595.1572573236300,365,1.630567828283920
Missouri,2019,Female,American Indian/Alaska Native,,1910,,365,
Missouri,2019,Female,Asian/Pacific Islander,,4918,,365,
Missouri,2019,Female,Black,154,30840,499.35149156939000,365,1.3680862782723000
Missouri,2019,Female,White,928,287976,322.24907631191500,365,0.8828741816764790
Missouri,2019,Male,American Indian/Alaska Native,,1701,,365,
Missouri,2019,Male,Asian/Pacific Islander,,3480,,365,
Missouri,2019,Male,Black,223,22074,1010.2382893902300,365,2.7677761353157100
Missouri,2019,Male,White,1694,257266,658.4624474279540,365,1.8040067052820700
Missouri,2020,Female,American Indian/Alaska Native,,2011,,366,
Missouri,2020,Female,Asian/Pacific Islander,11,5194,211.7828263380820,366,0.5786416020166190
Missouri,2020,Female,Black,202,31894,633.3479651345080,366,1.7304589211325400
Missouri,2020,Female,White,969,297455,325.76356087475400,366,0.8900643739747380
Missouri,2020,Male,American Indian/Alaska Native,,1830,,366,
Missouri,2020,Male,Asian/Pacific Islander,11,3595,305.980528511822,366,0.8360123729831200
Missouri,2020,Male,Black,265,23087,1147.832113310520,366,3.1361533150560700
Missouri,2020,Male,White,1717,265322,647.1381943449850,366,1.7681371430190800
Missouri,2021,Female,American Indian/Alaska Native,,1819,,365,
Missouri,2021,Female,Asian/Pacific Islander,,4987,,365,
Missouri,2021,Female,Black,174,32439,536.391380745399,365,1.4695654266997200
Missouri,2021,Female,White,981,300908,326.0132665133530,365,0.8931870315434330
Missouri,2021,Male,American Indian/Alaska Native,,1709,,365,
Missouri,2021,Male,Asian/Pacific Islander,10,3409,293.3411557641540,365,0.8036743993538460
Missouri,2021,Male,Black,268,24003,1116.5271007790700,365,3.0589783582988200
Missouri,2021,Male,White,1798,273717,656.8828388445000,365,1.7996790105328800
Missouri,2022,Female,American Indian/Alaska Native,,1883,,365,
Missouri,2022,Female,Asian/Pacific Islander,0,259,0.0,365,0.0
Missouri,2022,Female,Black,194,33086,586.3507223599110,365,1.6064403352326300
Missouri,2022,Female,White,1102,300802,366.3539471147130,365,1.0037094441499000
Missouri,2022,Male,American Indian/Alaska Native,,1766,,365,
Missouri,2022,Male,Asian/Pacific Islander,,3581,,365,
Missouri,2022,Male,Black,291,24409,1192.1832111106600,365,3.2662553729059100
Missouri,2022,Male,White,1801,273680,658.0678164279450,365,1.8029255244601200
Missouri,2023,Female,American Indian/Alaska Native,,2019,,365,
Missouri,2023,Female,Asian/Pacific Islander,,5352,,365,
Missouri,2023,Female,Black,185,34473,536.6518724799120,365,1.4702791026846900
Missouri,2023,Female,White,958,307729,311.3128759395440,365,0.8529119888754640
Missouri,2023,Male,American Indian/Alaska Native,,1846,,365,
Missouri,2023,Male,Asian/Pacific Islander,,3761,,365,
Missouri,2023,Male,Black,280,25385,1103.013590703170,365,3.0219550430223900
Missouri,2023,Male,White,1779,280112,635.1031016164960,365,1.7400084975794400
Missouri,2024,Female,American Indian/Alaska Native,,2108,,366,
Missouri,2024,Female,Asian/Pacific Islander,,5603,,366,
Missouri,2024,Female,Black,199,35458,561.2273675898250,366,1.5334081081689200
Missouri,2024,Female,White,949,313313,302.891996182731,366,0.8275737600621070
Missouri,2024,Male,American Indian/Alaska Native,,1938,,366,
Missouri,2024,Male,Asian/Pacific Islander,12,4160,288.46153846153800,366,0.7881462799495590
Missouri,2024,Male,Black,263,26339,998.5193059721330,366,2.7281948250604700
Missouri,2024,Male,White,1791,285546,627.2194322455930,366,1.7137142957529900
Missouri,2025,Female,American Indian/Alaska Native,,2108,,365,
Missouri,2025,Female,Asian/Pacific Islander,,5603,,365,
Missouri,2025,Female,Black,166,35458,468.1595126628690,365,1.2826288018160800
Missouri,2025,Female,White,1049,313313,334.80896100704400,365,0.917284824676833
Missouri,2025,Male,American Indian/Alaska Native,,1938,,365,
Missouri,2025,Male,Asian/Pacific Islander,,4160,,365,
Missouri,2025,Male,Black,264,26339,1002.3159573256400,365,2.746071115960650
Missouri,2025,Male,White,1757,285546,615.3124190148000,365,1.6857874493556200
Montana,1999,Female,American Indian/Alaska Native,,965,,365,
Montana,1999,Female,Asian/Pacific Islander,0,148,0.0,365,0.0
Montana,1999,Female,Black,0,26,0.0,365,0.0
Montana,1999,Female,White,121,31458,384.63983724330900,365,1.0538077732693400
Montana,1999,Male,American Indian/Alaska Native,15,758,1978.891820580480,365,5.421621426247880
Montana,1999,Male,Asian/Pacific Islander,0,59,0.0,365,0.0
Montana,1999,Male,Black,,33,,365,
Montana,1999,Male,White,253,28786,878.8994650177170,365,2.407943739774570
Montana,2000,Female,American Indian/Alaska Native,,1017,,366,
Montana,2000,Female,Asian/Pacific Islander,0,167,0.0,366,0.0
Montana,2000,Female,Black,,40,,366,
Montana,2000,Female,White,98,31440,311.70483460559800,366,0.8516525535672080
Montana,2000,Male,American Indian/Alaska Native,,814,,366,
Montana,2000,Male,Asian/Pacific Islander,0,83,0.0,366,0.0
Montana,2000,Male,Black,0,49,0.0,366,0.0
Montana,2000,Male,White,206,28909,712.5808571725070,366,1.9469422327117700
Montana,2001,Female,American Indian/Alaska Native,,1079,,365,
Montana,2001,Female,Asian/Pacific Islander,0,164,0.0,365,0.0
Montana,2001,Female,Black,0,42,0.0,365,0.0
Montana,2001,Female,White,96,31607,303.73018635112500,365,0.8321374968523970
Montana,2001,Male,American Indian/Alaska Native,,885,,365,
Montana,2001,Male,Asian/Pacific Islander,0,91,0.0,365,0.0
Montana,2001,Male,Black,0,49,0.0,365,0.0
Montana,2001,Male,White,201,29234,687.5555859615520,365,1.8837139341412400
Montana,2002,Female,American Indian/Alaska Native,,1153,,365,
Montana,2002,Female,Asian/Pacific Islander,0,161,0.0,365,0.0
Montana,2002,Female,Black,0,48,0.0,365,0.0
Montana,2002,Female,White,101,31731,318.3007153887370,365,0.8720567544896890
Montana,2002,Male,American Indian/Alaska Native,13,924,1406.926406926410,365,3.8545928956887900
Montana,2002,Male,Asian/Pacific Islander,,87,,365,
Montana,2002,Male,Black,0,51,0.0,365,0.0
Montana,2002,Male,White,205,29736,689.4000538068340,365,1.8887672707036500
Montana,2003,Female,American Indian/Alaska Native,,1182,,365,
Montana,2003,Female,Asian/Pacific Islander,0,175,0.0,365,0.0
Montana,2003,Female,Black,0,52,0.0,365,0.0
Montana,2003,Female,White,109,31966,340.987299005193,365,0.9342117780964190
Montana,2003,Male,American Indian/Alaska Native,,966,,365,
Montana,2003,Male,Asian/Pacific Islander,,90,,365,
Montana,2003,Male,Black,0,60,0.0,365,0.0
Montana,2003,Male,White,215,30148,713.1484675600370,365,1.9538314179727000
Montana,2004,Female,American Indian/Alaska Native,,1256,,366,
Montana,2004,Female,Asian/Pacific Islander,,189,,366,
Montana,2004,Female,Black,0,51,0.0,366,0.0
Montana,2004,Female,White,101,32251,313.1685839198790,366,0.8556518686335480
Montana,2004,Male,American Indian/Alaska Native,12,998,1202.4048096192400,366,3.285259042675520
Montana,2004,Male,Asian/Pacific Islander,0,97,0.0,366,0.0
Montana,2004,Male,Black,0,67,0.0,366,0.0
Montana,2004,Male,White,156,30733,507.59769628737800,366,1.386878951604860
Montana,2005,Female,American Indian/Alaska Native,,1302,,365,
Montana,2005,Female,Asian/Pacific Islander,0,198,0.0,365,0.0
Montana,2005,Female,Black,,59,,365,
Montana,2005,Female,White,92,32586,282.32983489842300,365,0.7735063969819800
Montana,2005,Male,American Indian/Alaska Native,,1042,,365,
Montana,2005,Male,Asian/Pacific Islander,0,88,0.0,365,0.0
Montana,2005,Male,Black,0,65,0.0,365,0.0
Montana,2005,Male,White,170,31440,540.7124681933840,365,1.481404022447630
Montana,2006,Female,American Indian/Alaska Native,,1357,,365,
Montana,2006,Female,Asian/Pacific Islander,0,196,0.0,365,0.0
Montana,2006,Female,Black,0,60,0.0,365,0.0
Montana,2006,Female,White,78,33610,232.07378756322500,365,0.6358185960636310
Montana,2006,Male,American Indian/Alaska Native,11,1099,1000.9099181073700,365,2.742218953718820
Montana,2006,Male,Asian/Pacific Islander,0,104,0.0,365,0.0
Montana,2006,Male,Black,0,61,0.0,365,0.0
Montana,2006,Male,White,149,32596,457.1113020002460,365,1.2523597315075200
Montana,2007,Female,American Indian/Alaska Native,,1424,,365,
Montana,2007,Female,Asian/Pacific Islander,0,184,0.0,365,0.0
Montana,2007,Female,Black,0,59,0.0,365,0.0
Montana,2007,Female,White,82,34628,236.80258750144400,365,0.648774212332723
Montana,2007,Male,American Indian/Alaska Native,11,1133,970.8737864077670,365,2.659928181939090
Montana,2007,Male,Asian/Pacific Islander,,109,,365,
Montana,2007,Male,Black,,65,,365,
Montana,2007,Male,White,165,33966,485.77989754460300,365,1.3309038288893200
Montana,2008,Female,American Indian/Alaska Native,,1472,,366,
Montana,2008,Female,Asian/Pacific Islander,,191,,366,
Montana,2008,Female,Black,0,54,0.0,366,0.0
Montana,2008,Female,White,92,36397,252.76808528175400,366,0.6906231838299290
Montana,2008,Male,American Indian/Alaska Native,15,1154,1299.8266897747000,366,3.551439043100260
Montana,2008,Male,Asian/Pacific Islander,,109,,366,
Montana,2008,Male,Black,,68,,366,
Montana,2008,Male,White,215,36002,597.1890450530530,366,1.6316640575220000
Montana,2009,Female,American Indian/Alaska Native,,1506,,365,
Montana,2009,Female,Asian/Pacific Islander,0,211,0.0,365,0.0
Montana,2009,Female,Black,0,53,0.0,365,0.0
Montana,2009,Female,White,90,37789,238.16454523803200,365,0.6525056033918690
Montana,2009,Male,American Indian/Alaska Native,10,1241,805.8017727639,365,2.2076760897641100
Montana,2009,Male,Asian/Pacific Islander,,132,,365,
Montana,2009,Male,Black,,78,,365,
Montana,2009,Male,White,174,37590,462.8890662410220,365,1.2681892225781400
Montana,2010,Female,American Indian/Alaska Native,,1525,,365,
Montana,2010,Female,Asian/Pacific Islander,,199,,365,
Montana,2010,Female,Black,0,50,0.0,365,0.0
Montana,2010,Female,White,77,38707,198.93042602113300,365,0.5450148658113240
Montana,2010,Male,American Indian/Alaska Native,10,1292,773.9938080495360,365,2.1205309809576300
Montana,2010,Male,Asian/Pacific Islander,0,120,0.0,365,0.0
Montana,2010,Male,Black,,87,,365,
Montana,2010,Male,White,183,38762,472.11186213301700,365,1.2934571565288100
Montana,2011,Female,American Indian/Alaska Native,,1614,,365,
Montana,2011,Female,Asian/Pacific Islander,0,230,0.0,365,0.0
Montana,2011,Female,Black,0,51,0.0,365,0.0
Montana,2011,Female,White,98,40196,243.80535376654400,365,0.6679598733329970
Montana,2011,Male,American Indian/Alaska Native,12,1370,875.9124087591240,365,2.3997600239976000
Montana,2011,Male,Asian/Pacific Islander,,129,,365,
Montana,2011,Male,Black,0,89,0.0,365,0.0
Montana,2011,Male,White,196,40441,484.6566603199720,365,1.327826466630060
Montana,2012,Female,American Indian/Alaska Native,,1665,,366,
Montana,2012,Female,Asian/Pacific Islander,0,256,0.0,366,0.0
Montana,2012,Female,Black,0,59,0.0,366,0.0
Montana,2012,Female,White,90,42728,210.63471260063700,366,0.575504679236712
Montana,2012,Male,American Indian/Alaska Native,14,1464,956.2841530054650,366,2.6127982322553700
Montana,2012,Male,Asian/Pacific Islander,0,142,0.0,366,0.0
Montana,2012,Male,Black,,100,,366,
Montana,2012,Male,White,188,43328,433.8995568685380,366,1.1855179149413600
Montana,2013,Female,American Indian/Alaska Native,,1735,,365,
Montana,2013,Female,Asian/Pacific Islander,0,266,0.0,365,0.0
Montana,2013,Female,Black,0,74,0.0,365,0.0
Montana,2013,Female,White,111,44997,246.68311220748100,365,0.6758441430341930
Montana,2013,Male,American Indian/Alaska Native,15,1486,1009.4212651413200,365,2.7655377127159400
Montana,2013,Male,Asian/Pacific Islander,,151,,365,
Montana,2013,Male,Black,,108,,365,
Montana,2013,Male,White,236,46035,512.6534158792220,365,1.4045299065184200
Montana,2014,Female,American Indian/Alaska Native,,1806,,365,
Montana,2014,Female,Asian/Pacific Islander,,321,,365,
Montana,2014,Female,Black,,92,,365,
Montana,2014,Female,White,86,47276,181.91048312039900,365,0.49838488526136800
Montana,2014,Male,American Indian/Alaska Native,13,1587,819.1556395715190,365,2.2442620262233400
Montana,2014,Male,Asian/Pacific Islander,,163,,365,
Montana,2014,Male,Black,,105,,365,
Montana,2014,Male,White,215,48385,444.3525886121730,365,1.2174043523621200
Montana,2015,Female,American Indian/Alaska Native,,1921,,365,
Montana,2015,Female,Asian/Pacific Islander,0,356,0.0,365,0.0
Montana,2015,Female,Black,0,96,0.0,365,0.0
Montana,2015,Female,White,106,49788,212.90270747971400,365,0.5832950889855180
Montana,2015,Male,American Indian/Alaska Native,14,1660,843.3734939759040,365,2.3106123122627500
Montana,2015,Male,Asian/Pacific Islander,0,204,0.0,365,0.0
Montana,2015,Male,Black,,123,,365,
Montana,2015,Male,White,247,50913,485.1413195058240,365,1.3291543000159600
Montana,2016,Female,American Indian/Alaska Native,,2008,,366,
Montana,2016,Female,Asian/Pacific Islander,0,392,0.0,366,0.0
Montana,2016,Female,Black,0,93,0.0,366,0.0
Montana,2016,Female,White,95,52218,181.9296028189510,366,0.49707541753811800
Montana,2016,Male,American Indian/Alaska Native,,1744,,366,
Montana,2016,Male,Asian/Pacific Islander,,223,,366,
Montana,2016,Male,Black,,128,,366,
Montana,2016,Male,White,253,53321,474.48472459256200,366,1.2964063513458000
Montana,2017,Female,American Indian/Alaska Native,14,2095,668.2577565632460,365,1.8308431686664300
Montana,2017,Female,Asian/Pacific Islander,,412,,365,
Montana,2017,Female,Black,,109,,365,
Montana,2017,Female,White,130,54582,238.1737569162000,365,0.6525308408663
Montana,2017,Male,American Indian/Alaska Native,20,1845,1084.010840108400,365,2.9698927126257600
Montana,2017,Male,Asian/Pacific Islander,0,240,0.0,365,0.0
Montana,2017,Male,Black,,136,,365,
Montana,2017,Male,White,252,55378,455.05435371447100,365,1.2467242567519800
Montana,2018,Female,American Indian/Alaska Native,16,2247,712.0605251446370,365,1.950850753820920
Montana,2018,Female,Asian/Pacific Islander,,448,,365,
Montana,2018,Female,Black,0,108,0.0,365,0.0
Montana,2018,Female,White,110,57016,192.9283008278380,365,0.5285706871995560
Montana,2018,Male,American Indian/Alaska Native,16,1974,810.5369807497470,365,2.2206492623280700
Montana,2018,Male,Asian/Pacific Islander,0,243,0.0,365,0.0
Montana,2018,Male,Black,,144,,365,
Montana,2018,Male,White,288,57403,501.71593819138400,365,1.3745642142229700
Montana,2019,Female,American Indian/Alaska Native,12,2383,503.5669324381030,365,1.379635431337270
Montana,2019,Female,Asian/Pacific Islander,0,512,0.0,365,0.0
Montana,2019,Female,Black,0,121,0.0,365,0.0
Montana,2019,Female,White,126,59662,211.18970198786500,365,0.5786019232544250
Montana,2019,Male,American Indian/Alaska Native,18,2037,883.6524300441830,365,2.4209655617648800
Montana,2019,Male,Asian/Pacific Islander,,256,,365,
Montana,2019,Male,Black,0,159,0.0,365,0.0
Montana,2019,Male,White,287,59501,482.3448345405960,365,1.3214926973715000
Montana,2020,Female,American Indian/Alaska Native,,2505,,366,
Montana,2020,Female,Asian/Pacific Islander,,543,,366,
Montana,2020,Female,Black,0,149,0.0,366,0.0
Montana,2020,Female,White,151,62418,241.91739562305700,366,0.6609764907733810
Montana,2020,Male,American Indian/Alaska Native,15,2104,712.9277566539920,366,1.9478900455027100
Montana,2020,Male,Asian/Pacific Islander,,269,,366,
Montana,2020,Male,Black,,172,,366,
Montana,2020,Male,White,319,61414,519.4255381509100,366,1.4191954594287200
Montana,2021,Female,American Indian/Alaska Native,13,2448,531.0457516339870,365,1.4549198674903800
Montana,2021,Female,Asian/Pacific Islander,,531,,365,
Montana,2021,Female,Black,,120,,365,
Montana,2021,Female,White,171,64241,266.1851465574940,365,0.7292743741301220
Montana,2021,Male,American Indian/Alaska Native,22,2015,1091.8114143920600,365,2.991264149019340
Montana,2021,Male,Asian/Pacific Islander,0,28,0.0,365,0.0
Montana,2021,Male,Black,,154,,365,
Montana,2021,Male,White,328,63926,513.0932640866000,365,1.4057349701002700
Montana,2022,Female,American Indian/Alaska Native,13,2558,508.20953870211100,365,1.3923549005537300
Montana,2022,Female,Asian/Pacific Islander,,531,,365,
Montana,2022,Female,Black,0,146,0.0,365,0.0
Montana,2022,Female,White,143,65149,219.49684569218300,365,0.6013612210744730
Montana,2022,Male,American Indian/Alaska Native,25,2072,1206.5637065637100,365,3.305653990585500
Montana,2022,Male,Asian/Pacific Islander,0,33,0.0,365,0.0
Montana,2022,Male,Black,,154,,365,
Montana,2022,Male,White,344,64091,536.7368273236490,365,1.4705118556812300
Montana,2023,Female,American Indian/Alaska Native,,2730,,365,
Montana,2023,Female,Asian/Pacific Islander,0,38,0.0,365,0.0
Montana,2023,Female,Black,,127,,365,
Montana,2023,Female,White,181,67146,269.5618502963690,365,0.7385256172503260
Montana,2023,Male,American Indian/Alaska Native,15,2238,670.2412868632710,365,1.8362774982555400
Montana,2023,Male,Asian/Pacific Islander,0,38,0.0,365,0.0
Montana,2023,Male,Black,,158,,365,
Montana,2023,Male,White,326,65547,497.35304438036800,365,1.3626110804941600
Montana,2024,Female,American Indian/Alaska Native,13,2862,454.22781271837900,366,1.2410595975912000
Montana,2024,Female,Asian/Pacific Islander,0,39,0.0,366,0.0
Montana,2024,Female,Black,,142,,366,
Montana,2024,Female,White,158,68434,230.87938743899200,366,0.6308179984671920
Montana,2024,Male,American Indian/Alaska Native,26,2328,1116.8384879725100,366,3.0514712786134100
Montana,2024,Male,Asian/Pacific Islander,0,259,0.0,366,0.0
Montana,2024,Male,Black,0,167,0.0,366,0.0
Montana,2024,Male,White,348,66094,526.5228311193150,366,1.438586970271350
Montana,2025,Female,American Indian/Alaska Native,18,2862,628.930817610063,365,1.7230981304385300
Montana,2025,Female,Asian/Pacific Islander,0,39,0.0,365,0.0
Montana,2025,Female,Black,,142,,365,
Montana,2025,Female,White,178,68434,260.1046263553210,365,0.7126154146721110
Montana,2025,Male,American Indian/Alaska Native,24,2328,1030.9278350515500,365,2.824459822059030
Montana,2025,Male,Asian/Pacific Islander,0,259,0.0,365,0.0
Montana,2025,Male,Black,,167,,365,
Montana,2025,Male,White,317,66094,479.6199352437440,365,1.3140272198458700
Nebraska,1999,Female,American Indian/Alaska Native,,200,,365,
Nebraska,1999,Female,Asian/Pacific Islander,,298,,365,
Nebraska,1999,Female,Black,,1468,,365,
Nebraska,1999,Female,White,253,61072,414.2651296829970,365,1.1349729580356100
Nebraska,1999,Male,American Indian/Alaska Native,,157,,365,
Nebraska,1999,Male,Asian/Pacific Islander,,176,,365,
Nebraska,1999,Male,Black,14,1130,1238.9380530973500,365,3.394350830403690
Nebraska,1999,Male,White,439,51919,845.5478726477780,365,2.3165695141035000
Nebraska,2000,Female,American Indian/Alaska Native,,247,,366,
Nebraska,2000,Female,Asian/Pacific Islander,,367,,366,
Nebraska,2000,Female,Black,,1524,,366,
Nebraska,2000,Female,White,212,60496,350.43639248876000,366,0.9574764822097260
Nebraska,2000,Male,American Indian/Alaska Native,,189,,366,
Nebraska,2000,Male,Asian/Pacific Islander,,237,,366,
Nebraska,2000,Male,Black,,1186,,366,
Nebraska,2000,Male,White,374,51453,726.8769556682800,366,1.9860026111155200
Nebraska,2001,Female,American Indian/Alaska Native,,245,,365,
Nebraska,2001,Female,Asian/Pacific Islander,0,404,0.0,365,0.0
Nebraska,2001,Female,Black,,1572,,365,
Nebraska,2001,Female,White,202,59603,338.9091153129880,365,0.9285181241451710
Nebraska,2001,Male,American Indian/Alaska Native,,215,,365,
Nebraska,2001,Male,Asian/Pacific Islander,0,268,0.0,365,0.0
Nebraska,2001,Male,Black,16,1213,1319.0436933223400,365,3.613818337869430
Nebraska,2001,Male,White,307,50853,603.70086327257,365,1.6539749678700500
Nebraska,2002,Female,American Indian/Alaska Native,,257,,365,
Nebraska,2002,Female,Asian/Pacific Islander,0,410,0.0,365,0.0
Nebraska,2002,Female,Black,10,1602,624.2197253433210,365,1.7101910283378700
Nebraska,2002,Female,White,200,59176,337.97485467081300,365,0.9259585059474320
Nebraska,2002,Male,American Indian/Alaska Native,,222,,365,
Nebraska,2002,Male,Asian/Pacific Islander,0,290,0.0,365,0.0
Nebraska,2002,Male,Black,10,1260,793.6507936507940,365,2.1743857360295700
Nebraska,2002,Male,White,326,50439,646.3252641804950,365,1.7707541484397100
Nebraska,2003,Female,American Indian/Alaska Native,,245,,365,
Nebraska,2003,Female,Asian/Pacific Islander,0,428,0.0,365,0.0
Nebraska,2003,Female,Black,11,1590,691.8238993710690,365,1.8954079434823800
Nebraska,2003,Female,White,203,58769,345.42020452959900,365,0.9463567247386270
Nebraska,2003,Male,American Indian/Alaska Native,,232,,365,
Nebraska,2003,Male,Asian/Pacific Islander,,321,,365,
Nebraska,2003,Male,Black,,1276,,365,
Nebraska,2003,Male,White,305,50113,608.6245086105400,365,1.6674644071521600
Nebraska,2004,Female,American Indian/Alaska Native,0,274,0.0,366,0.0
Nebraska,2004,Female,Asian/Pacific Islander,0,473,0.0,366,0.0
Nebraska,2004,Female,Black,11,1625,676.9230769230770,366,1.8495166036149600
Nebraska,2004,Female,White,141,58140,242.51805985552100,366,0.662617649878473
Nebraska,2004,Male,American Indian/Alaska Native,,241,,366,
Nebraska,2004,Male,Asian/Pacific Islander,,347,,366,
Nebraska,2004,Male,Black,,1301,,366,
Nebraska,2004,Male,White,263,50080,525.1597444089460,366,1.4348626896419300
Nebraska,2005,Female,American Indian/Alaska Native,,299,,365,
Nebraska,2005,Female,Asian/Pacific Islander,,520,,365,
Nebraska,2005,Female,Black,14,1639,854.1793776693110,365,2.3402174730666000
Nebraska,2005,Female,White,158,57975,272.531263475636,365,0.7466609958236600
Nebraska,2005,Male,American Indian/Alaska Native,,250,,365,
Nebraska,2005,Male,Asian/Pacific Islander,0,385,0.0,365,0.0
Nebraska,2005,Male,Black,,1336,,365,
Nebraska,2005,Male,White,265,50332,526.5040133513470,365,1.4424767489078000
Nebraska,2006,Female,American Indian/Alaska Native,,301,,365,
Nebraska,2006,Female,Asian/Pacific Islander,,563,,365,
Nebraska,2006,Female,Black,,1732,,365,
Nebraska,2006,Female,White,159,58296,272.74598600247000,365,0.7472492767190960
Nebraska,2006,Male,American Indian/Alaska Native,,274,,365,
Nebraska,2006,Male,Asian/Pacific Islander,0,406,0.0,365,0.0
Nebraska,2006,Male,Black,,1335,,365,
Nebraska,2006,Male,White,250,50578,494.28605322472200,365,1.354208364999240
Nebraska,2007,Female,American Indian/Alaska Native,,311,,365,
Nebraska,2007,Female,Asian/Pacific Islander,,587,,365,
Nebraska,2007,Female,Black,12,1772,677.2009029345370,365,1.8553449395466800
Nebraska,2007,Female,White,140,58926,237.58612497030200,365,0.6509208903295940
Nebraska,2007,Male,American Indian/Alaska Native,,277,,365,
Nebraska,2007,Male,Asian/Pacific Islander,,427,,365,
Nebraska,2007,Male,Black,10,1419,704.7216349541930,365,1.9307442053539500
Nebraska,2007,Male,White,256,51492,497.16460809446100,365,1.3620948166971500
Nebraska,2008,Female,American Indian/Alaska Native,,329,,366,
Nebraska,2008,Female,Asian/Pacific Islander,,646,,366,
Nebraska,2008,Female,Black,,1813,,366,
Nebraska,2008,Female,White,138,60090,229.65551672491300,366,0.6274740894123300
Nebraska,2008,Male,American Indian/Alaska Native,0,286,0.0,366,0.0
Nebraska,2008,Male,Asian/Pacific Islander,0,452,0.0,366,0.0
Nebraska,2008,Male,Black,,1460,,366,
Nebraska,2008,Male,White,236,53000,445.28301886792500,366,1.2166202701309400
Nebraska,2009,Female,American Indian/Alaska Native,0,369,0.0,365,0.0
Nebraska,2009,Female,Asian/Pacific Islander,0,678,0.0,365,0.0
Nebraska,2009,Female,Black,11,1836,599.1285403050110,365,1.6414480556301700
Nebraska,2009,Female,White,130,61324,211.98878090144200,365,0.5807911805518950
Nebraska,2009,Male,American Indian/Alaska Native,,297,,365,
Nebraska,2009,Male,Asian/Pacific Islander,0,529,0.0,365,0.0
Nebraska,2009,Male,Black,,1488,,365,
Nebraska,2009,Male,White,256,54786,467.27266089877000,365,1.2801990709555300
Nebraska,2010,Female,American Indian/Alaska Native,0,346,0.0,365,0.0
Nebraska,2010,Female,Asian/Pacific Islander,0,706,0.0,365,0.0
Nebraska,2010,Female,Black,,1815,,365,
Nebraska,2010,Female,White,138,62095,222.24011595136500,365,0.6088770300037390
Nebraska,2010,Male,American Indian/Alaska Native,,278,,365,
Nebraska,2010,Male,Asian/Pacific Islander,0,565,0.0,365,0.0
Nebraska,2010,Male,Black,16,1506,1062.4169986719800,365,2.9107315032109000
Nebraska,2010,Male,White,258,55815,462.24133297500700,365,1.2664146108904300
Nebraska,2011,Female,American Indian/Alaska Native,,384,,365,
Nebraska,2011,Female,Asian/Pacific Islander,,783,,365,
Nebraska,2011,Female,Black,,1889,,365,
Nebraska,2011,Female,White,141,63157,223.253162753139,365,0.6116525006935320
Nebraska,2011,Male,American Indian/Alaska Native,,317,,365,
Nebraska,2011,Male,Asian/Pacific Islander,,618,,365,
Nebraska,2011,Male,Black,,1545,,365,
Nebraska,2011,Male,White,237,57397,412.9135669111630,365,1.1312700463319500
Nebraska,2012,Female,American Indian/Alaska Native,,406,,366,
Nebraska,2012,Female,Asian/Pacific Islander,,847,,366,
Nebraska,2012,Female,Black,10,2000,500.0,366,1.366120218579240
Nebraska,2012,Female,White,135,66372,203.3990236846860,366,0.5557350373898530
Nebraska,2012,Male,American Indian/Alaska Native,,336,,366,
Nebraska,2012,Male,Asian/Pacific Islander,,635,,366,
Nebraska,2012,Male,Black,11,1631,674.432863274065,366,1.84271274118597
Nebraska,2012,Male,White,242,60538,399.7489180349530,366,1.092210158565450
Nebraska,2013,Female,American Indian/Alaska Native,,443,,365,
Nebraska,2013,Female,Asian/Pacific Islander,,917,,365,
Nebraska,2013,Female,Black,,2124,,365,
Nebraska,2013,Female,White,129,69096,186.69676971170500,365,0.5114979992101520
Nebraska,2013,Male,American Indian/Alaska Native,0,360,0.0,365,0.0
Nebraska,2013,Male,Asian/Pacific Islander,0,679,0.0,365,0.0
Nebraska,2013,Male,Black,14,1700,823.529411764706,365,2.2562449637389200
Nebraska,2013,Male,White,246,63644,386.5250455659610,365,1.0589727275779700
Nebraska,2014,Female,American Indian/Alaska Native,,485,,365,
Nebraska,2014,Female,Asian/Pacific Islander,0,960,0.0,365,0.0
Nebraska,2014,Female,Black,,2247,,365,
Nebraska,2014,Female,White,143,71988,198.64421848085800,365,0.5442307355639940
Nebraska,2014,Male,American Indian/Alaska Native,,387,,365,
Nebraska,2014,Male,Asian/Pacific Islander,,746,,365,
Nebraska,2014,Male,Black,10,1793,557.7244841048520,365,1.5280122852187700
Nebraska,2014,Male,White,280,66738,419.5510803440320,365,1.1494550146411800
Nebraska,2015,Female,American Indian/Alaska Native,0,520,0.0,365,0.0
Nebraska,2015,Female,Asian/Pacific Islander,0,1094,0.0,365,0.0
Nebraska,2015,Female,Black,,2375,,365,
Nebraska,2015,Female,White,152,75399,201.59418559927900,365,0.5523128372582970
Nebraska,2015,Male,American Indian/Alaska Native,,403,,365,
Nebraska,2015,Male,Asian/Pacific Islander,,789,,365,
Nebraska,2015,Male,Black,13,1933,672.5297465080190,365,1.8425472507069
Nebraska,2015,Male,White,291,69968,415.9044134461470,365,1.1394641464278000
Nebraska,2016,Female,American Indian/Alaska Native,,562,,366,
Nebraska,2016,Female,Asian/Pacific Islander,0,1273,0.0,366,0.0
Nebraska,2016,Female,Black,,2452,,366,
Nebraska,2016,Female,White,148,78866,187.660081657495,366,0.5127324635450680
Nebraska,2016,Male,American Indian/Alaska Native,0,452,0.0,366,0.0
Nebraska,2016,Male,Asian/Pacific Islander,,823,,366,
Nebraska,2016,Male,Black,19,1990,954.7738693467340,366,2.6086717741714000
Nebraska,2016,Male,White,314,73143,429.29603653117900,366,1.1729399905223500
Nebraska,2017,Female,American Indian/Alaska Native,,603,,365,
Nebraska,2017,Female,Asian/Pacific Islander,,1366,,365,
Nebraska,2017,Female,Black,,2531,,365,
Nebraska,2017,Female,White,147,82565,178.04154302670600,365,0.4877850493882360
Nebraska,2017,Male,American Indian/Alaska Native,0,473,0.0,365,0.0
Nebraska,2017,Male,Asian/Pacific Islander,,907,,365,
Nebraska,2017,Male,Black,13,2132,609.7560975609760,365,1.670564650851990
Nebraska,2017,Male,White,332,76403,434.5379108150200,365,1.1905148241507400
Nebraska,2018,Female,American Indian/Alaska Native,,622,,365,
Nebraska,2018,Female,Asian/Pacific Islander,0,1419,0.0,365,0.0
Nebraska,2018,Female,Black,,2579,,365,
Nebraska,2018,Female,White,163,85280,191.13508442776700,365,0.523657765555527
Nebraska,2018,Male,American Indian/Alaska Native,,490,,365,
Nebraska,2018,Male,Asian/Pacific Islander,0,947,0.0,365,0.0
Nebraska,2018,Male,Black,18,2234,805.7296329453900,365,2.207478446425730
Nebraska,2018,Male,White,361,78956,457.21667764324400,365,1.2526484318993000
Nebraska,2019,Female,American Indian/Alaska Native,,664,,365,
Nebraska,2019,Female,Asian/Pacific Islander,,1446,,365,
Nebraska,2019,Female,Black,13,2801,464.11995715815800,365,1.2715615264607100
Nebraska,2019,Female,White,162,88502,183.04671080879500,365,0.5014978378323160
Nebraska,2019,Male,American Indian/Alaska Native,,526,,365,
Nebraska,2019,Male,Asian/Pacific Islander,,1009,,365,
Nebraska,2019,Male,Black,13,2376,547.1380471380470,365,1.499008348323420
Nebraska,2019,Male,White,346,81584,424.1027652480880,365,1.1619253842413400
Nebraska,2020,Female,American Indian/Alaska Native,,707,,366,
Nebraska,2020,Female,Asian/Pacific Islander,0,1484,0.0,366,0.0
Nebraska,2020,Female,Black,,2980,,366,
Nebraska,2020,Female,White,196,91406,214.42793689692100,366,0.5858686800462330
Nebraska,2020,Male,American Indian/Alaska Native,,587,,366,
Nebraska,2020,Male,Asian/Pacific Islander,,1034,,366,
Nebraska,2020,Male,Black,12,2544,471.6981132075470,366,1.2887926590370100
Nebraska,2020,Male,White,375,84273,444.9823786978040,366,1.2157988489011000
Nebraska,2021,Female,American Indian/Alaska Native,,700,,365,
Nebraska,2021,Female,Asian/Pacific Islander,0,53,0.0,365,0.0
Nebraska,2021,Female,Black,,2999,,365,
Nebraska,2021,Female,White,214,94413,226.6637009733830,365,0.6209964410229670
Nebraska,2021,Male,American Indian/Alaska Native,,586,,365,
Nebraska,2021,Male,Asian/Pacific Islander,0,1037,0.0,365,0.0
Nebraska,2021,Male,Black,14,2644,529.500756429652,365,1.450687003916860
Nebraska,2021,Male,White,387,88941,435.11991095220400,365,1.1921093450745300
Nebraska,2022,Female,American Indian/Alaska Native,,732,,365,
Nebraska,2022,Female,Asian/Pacific Islander,0,1548,0.0,365,0.0
Nebraska,2022,Female,Black,,3084,,365,
Nebraska,2022,Female,White,201,94882,211.8420775278770,365,0.5803892535010320
Nebraska,2022,Male,American Indian/Alaska Native,,615,,365,
Nebraska,2022,Male,Asian/Pacific Islander,0,50,0.0,365,0.0
Nebraska,2022,Male,Black,21,2688,781.25,365,2.1404109589041100
Nebraska,2022,Male,White,399,89648,445.0740674638590,365,1.2193810067503000
Nebraska,2023,Female,American Indian/Alaska Native,,781,,365,
Nebraska,2023,Female,Asian/Pacific Islander,0,64,0.0,365,0.0
Nebraska,2023,Female,Black,16,3240,493.82716049382700,365,1.3529511246406200
Nebraska,2023,Female,White,210,97365,215.6832537359420,365,0.590913023934088
Nebraska,2023,Male,American Indian/Alaska Native,,637,,365,
Nebraska,2023,Male,Asian/Pacific Islander,0,57,0.0,365,0.0
Nebraska,2023,Male,Black,15,2865,523.5602094240840,365,1.4344115326687200
Nebraska,2023,Male,White,403,91726,439.3519830800430,365,1.2037040632329900
Nebraska,2024,Female,American Indian/Alaska Native,,843,,366,
Nebraska,2024,Female,Asian/Pacific Islander,,1807,,366,
Nebraska,2024,Female,Black,13,3361,386.7896459387090,366,1.0568023113079500
Nebraska,2024,Female,White,195,99075,196.8205904617710,366,0.5377611761250590
Nebraska,2024,Male,American Indian/Alaska Native,,685,,366,
Nebraska,2024,Male,Asian/Pacific Islander,,1231,,366,
Nebraska,2024,Male,Black,27,3036,889.3280632411070,366,2.429858096287180
Nebraska,2024,Male,White,354,93253,379.6124521463120,366,1.0371924922030400
Nebraska,2025,Female,American Indian/Alaska Native,,843,,365,
Nebraska,2025,Female,Asian/Pacific Islander,0,73,0.0,365,0.0
Nebraska,2025,Female,Black,18,3361,535.5548943766740,365,1.4672736832237600
Nebraska,2025,Female,White,197,99075,198.83926318445600,365,0.5447651046149490
Nebraska,2025,Male,American Indian/Alaska Native,,685,,365,
Nebraska,2025,Male,Asian/Pacific Islander,0,59,0.0,365,0.0
Nebraska,2025,Male,Black,22,3036,724.6376811594200,365,1.9853087155052600
Nebraska,2025,Male,White,400,93253,428.94062389413700,365,1.1751797914907900
Nevada,1999,Female,American Indian/Alaska Native,,577,,365,
Nevada,1999,Female,Asian/Pacific Islander,12,3357,357.4620196604110,365,0.9793479990696190
Nevada,1999,Female,Black,28,3209,872.5459644749140,365,2.3905368889723700
Nevada,1999,Female,White,298,58554,508.93192608532300,365,1.394334044069380
Nevada,1999,Male,American Indian/Alaska Native,,543,,365,
Nevada,1999,Male,Asian/Pacific Islander,12,2302,521.2858384013900,365,1.4281803791818900
Nevada,1999,Male,Black,38,2959,1284.2176410949600,365,3.518404496150590
Nevada,1999,Male,White,576,58226,989.2487892007010,365,2.7102706553443900
Nevada,2000,Female,American Indian/Alaska Native,,599,,366,
Nevada,2000,Female,Asian/Pacific Islander,,3633,,366,
Nevada,2000,Female,Black,27,3350,805.9701492537310,366,2.202104232933690
Nevada,2000,Female,White,261,59028,442.1630412685510,366,1.208095741170900
Nevada,2000,Male,American Indian/Alaska Native,,555,,366,
Nevada,2000,Male,Asian/Pacific Islander,17,2511,677.0211071286340,366,1.8497844457066500
Nevada,2000,Male,Black,34,3115,1091.4927768860400,366,2.9822207018744100
Nevada,2000,Male,White,599,58984,1015.5296351553000,366,2.7746711343040900
Nevada,2001,Female,American Indian/Alaska Native,,647,,365,
Nevada,2001,Female,Asian/Pacific Islander,14,4152,337.1868978805400,365,0.9237997202206560
Nevada,2001,Female,Black,37,3698,1000.5408328826400,365,2.741207761322300
Nevada,2001,Female,White,278,61020,455.58833169452600,365,1.24818721012199
Nevada,2001,Male,American Indian/Alaska Native,,596,,365,
Nevada,2001,Male,Asian/Pacific Islander,12,2895,414.5077720207250,365,1.1356377315636300
Nevada,2001,Male,Black,34,3566,953.4492428491310,365,2.6121897064359700
Nevada,2001,Male,White,575,61581,933.7295594420360,365,2.5581631765535200
Nevada,2002,Female,American Indian/Alaska Native,,680,,365,
Nevada,2002,Female,Asian/Pacific Islander,15,4609,325.4502061184640,365,0.8916444003245590
Nevada,2002,Female,Black,27,3966,680.7866868381240,365,1.8651690050359600
Nevada,2002,Female,White,287,62875,456.4612326043740,365,1.2505787194640400
Nevada,2002,Male,American Indian/Alaska Native,,632,,365,
Nevada,2002,Male,Asian/Pacific Islander,11,3238,339.715873996294,365,0.9307284219076550
Nevada,2002,Male,Black,42,3958,1061.141990904500,365,2.907238331245200
Nevada,2002,Male,White,544,63410,857.9088471849870,365,2.3504351977670900
Nevada,2003,Female,American Indian/Alaska Native,,697,,365,
Nevada,2003,Female,Asian/Pacific Islander,,5110,,365,
Nevada,2003,Female,Black,26,4373,594.5575120054880,365,1.6289246904260000
Nevada,2003,Female,White,286,64853,440.99733242872300,365,1.2082118696677400
Nevada,2003,Male,American Indian/Alaska Native,,671,,365,
Nevada,2003,Male,Asian/Pacific Islander,19,3681,516.1640858462370,365,1.4141481804006500
Nevada,2003,Male,Black,52,4384,1186.1313868613100,365,3.2496750324967500
Nevada,2003,Male,White,546,65929,828.1636305722820,365,2.2689414536226900
Nevada,2004,Female,American Indian/Alaska Native,,751,,366,
Nevada,2004,Female,Asian/Pacific Islander,14,5679,246.52227504842400,366,0.6735581285476070
Nevada,2004,Female,Black,26,4810,540.5405405405410,366,1.4768867227883600
Nevada,2004,Female,White,248,67245,368.8006543237420,366,1.0076520609938300
Nevada,2004,Male,American Indian/Alaska Native,,729,,366,
Nevada,2004,Male,Asian/Pacific Islander,14,4192,333.96946564885500,366,0.9124848788220080
Nevada,2004,Male,Black,37,4762,776.9844603107940,366,2.122908361504900
Nevada,2004,Male,White,579,68243,848.4386677021820,366,2.3181384363447600
Nevada,2005,Female,American Indian/Alaska Native,,801,,365,
Nevada,2005,Female,Asian/Pacific Islander,12,6295,190.62748212867400,365,0.522267074325133
Nevada,2005,Female,Black,32,5192,616.3328197226500,365,1.6885830677332900
Nevada,2005,Female,White,322,68463,470.327037962111,365,1.2885672272934500
Nevada,2005,Male,American Indian/Alaska Native,10,761,1314.060446780550,365,3.6001656076179500
Nevada,2005,Male,Asian/Pacific Islander,23,4639,495.796507868075,365,1.3583465968988400
Nevada,2005,Male,Black,51,5036,1012.7084988085800,365,2.7745438323522700
Nevada,2005,Male,White,598,69454,861.0015261899960,365,2.3589082909315000
Nevada,2006,Female,American Indian/Alaska Native,,831,,365,
Nevada,2006,Female,Asian/Pacific Islander,23,6922,332.2739092747760,365,0.9103394774651400
Nevada,2006,Female,Black,36,5537,650.1715730540000,365,1.781291980969860
Nevada,2006,Female,White,299,70154,426.20520569033800,365,1.167685495042020
Nevada,2006,Male,American Indian/Alaska Native,,790,,365,
Nevada,2006,Male,Asian/Pacific Islander,21,5192,404.4684129429890,365,1.1081326381999700
Nevada,2006,Male,Black,54,5385,1002.7855153203300,365,2.747357576220090
Nevada,2006,Male,White,618,71347,866.1891880527560,365,2.3731210631582400
Nevada,2007,Female,American Indian/Alaska Native,,889,,365,
Nevada,2007,Female,Asian/Pacific Islander,18,7669,234.71117485982500,365,0.6430443146844530
Nevada,2007,Female,Black,34,5986,567.9919812896760,365,1.5561424144922600
Nevada,2007,Female,White,284,73121,388.39731404111000,365,1.0641022302496200
Nevada,2007,Male,American Indian/Alaska Native,,816,,365,
Nevada,2007,Male,Asian/Pacific Islander,18,5706,315.45741324921100,365,0.8642668856142780
Nevada,2007,Male,Black,54,5611,962.3952949563360,365,2.6366994382365400
Nevada,2007,Male,White,528,73681,716.602651972693,365,1.9632949369114900
Nevada,2008,Female,American Indian/Alaska Native,0,1018,0.0,366,0.0
Nevada,2008,Female,Asian/Pacific Islander,10,8244,121.30033964095100,366,0.3314216930080630
Nevada,2008,Female,Black,30,6395,469.11649726348700,366,1.2817390635614400
Nevada,2008,Female,White,254,76853,330.5010864897920,366,0.9030084330322190
Nevada,2008,Male,American Indian/Alaska Native,,897,,366,
Nevada,2008,Male,Asian/Pacific Islander,14,6134,228.23606129768500,366,0.6235957958953140
Nevada,2008,Male,Black,53,5819,910.8094174256750,366,2.4885503208351800
Nevada,2008,Male,White,549,77344,709.8158874637980,366,1.939387670666120
Nevada,2009,Female,American Indian/Alaska Native,,1043,,365,
Nevada,2009,Female,Asian/Pacific Islander,22,8762,251.08422734535500,365,0.6879019927270000
Nevada,2009,Female,Black,33,6782,486.5821291654380,365,1.3331017237409300
Nevada,2009,Female,White,297,80858,367.3105938806300,365,1.0063303941935100
Nevada,2009,Male,American Indian/Alaska Native,,947,,365,
Nevada,2009,Male,Asian/Pacific Islander,22,6616,332.5272067714630,365,0.9110334432094880
Nevada,2009,Male,Black,67,5931,1129.657730568200,365,3.094952686488220
Nevada,2009,Male,White,543,80723,672.6707382034860,365,1.842933529324620
Nevada,2010,Female,American Indian/Alaska Native,,1114,,365,
Nevada,2010,Female,Asian/Pacific Islander,21,9308,225.61237645036500,365,0.6181160998640150
Nevada,2010,Female,Black,23,6949,330.98287523384700,365,0.9068023979009500
Nevada,2010,Female,White,256,83302,307.3155506470430,365,0.8419604127316260
Nevada,2010,Male,American Indian/Alaska Native,,967,,365,
Nevada,2010,Male,Asian/Pacific Islander,31,6888,450.05807200929200,365,1.2330358137240900
Nevada,2010,Male,Black,50,6076,822.9098090849240,365,2.2545474221504800
Nevada,2010,Male,White,555,83177,667.2517643098450,365,1.8280870255064300
Nevada,2011,Female,American Indian/Alaska Native,,1183,,365,
Nevada,2011,Female,Asian/Pacific Islander,11,10134,108.5454904282610,365,0.2973849052829080
Nevada,2011,Female,Black,36,7252,496.4147821290680,365,1.3600404989837500
Nevada,2011,Female,White,306,86920,352.0478601012430,365,0.9645146852088840
Nevada,2011,Male,American Indian/Alaska Native,,1056,,365,
Nevada,2011,Male,Asian/Pacific Islander,29,7408,391.46868250540000,365,1.0725169383709600
Nevada,2011,Male,Black,67,6278,1067.2188595094000,365,2.9238872863271200
Nevada,2011,Male,White,642,86726,740.262435717086,365,2.0281162622385900
Nevada,2012,Female,American Indian/Alaska Native,,1256,,366,
Nevada,2012,Female,Asian/Pacific Islander,14,11311,123.77331800901800,366,0.33817846450551300
Nevada,2012,Female,Black,51,7954,641.1868242393760,366,1.7518765689600400
Nevada,2012,Female,White,300,93227,321.7951880892870,366,0.8792218253805670
Nevada,2012,Male,American Indian/Alaska Native,,1152,,366,
Nevada,2012,Male,Asian/Pacific Islander,33,8138,405.5050380928980,366,1.1079372625489000
Nevada,2012,Male,Black,64,6639,964.0006025003770,366,2.6338814275966600
Nevada,2012,Male,White,674,93284,722.5247630890610,366,1.974111374560280
Nevada,2013,Female,American Indian/Alaska Native,,1375,,365,
Nevada,2013,Female,Asian/Pacific Islander,16,12387,129.16767578913400,365,0.35388404325790100
Nevada,2013,Female,Black,59,8578,687.8060153882020,365,1.8844000421594600
Nevada,2013,Female,White,344,98951,347.64681509029700,365,0.95245702764465
Nevada,2013,Male,American Indian/Alaska Native,11,1212,907.5907590759080,365,2.4865500248655
Nevada,2013,Male,Asian/Pacific Islander,29,8836,328.2028066998640,365,0.8991857717804500
Nevada,2013,Male,Black,63,6965,904.5226130653270,365,2.4781441453844600
Nevada,2013,Male,White,681,98579,690.8165025005330,365,1.8926479520562500
Nevada,2014,Female,American Indian/Alaska Native,,1503,,365,
Nevada,2014,Female,Asian/Pacific Islander,24,13662,175.6697408871320,365,0.48128696133460900
Nevada,2014,Female,Black,40,8979,445.4839068938640,365,1.2205038545037400
Nevada,2014,Female,White,386,104601,369.0213286679860,365,1.0110173388164000
Nevada,2014,Male,American Indian/Alaska Native,,1361,,365,
Nevada,2014,Male,Asian/Pacific Islander,44,9775,450.12787723785200,365,1.2332270609256200
Nevada,2014,Male,Black,63,7385,853.0805687203790,365,2.3372070375900800
Nevada,2014,Male,White,819,103697,789.8010549967700,365,2.1638385068404600
Nevada,2015,Female,American Indian/Alaska Native,,1616,,365,
Nevada,2015,Female,Asian/Pacific Islander,27,15132,178.42981760507500,365,0.48884881535637100
Nevada,2015,Female,Black,64,9553,669.9466136292270,365,1.8354701743266500
Nevada,2015,Female,White,394,109738,359.0369789863130,365,0.9836629561268850
Nevada,2015,Male,American Indian/Alaska Native,,1433,,365,
Nevada,2015,Male,Asian/Pacific Islander,39,10689,364.86107213022700,365,0.9996193756992530
Nevada,2015,Male,Black,87,7783,1117.82089168701,365,3.062522990923320
Nevada,2015,Male,White,814,108167,752.5400538056890,365,2.0617535720703800
Nevada,2016,Female,American Indian/Alaska Native,,1739,,366,
Nevada,2016,Female,Asian/Pacific Islander,35,16376,213.72740595994100,366,0.583954661092736
Nevada,2016,Female,Black,67,10002,669.8660267946410,366,1.8302350458870000
Nevada,2016,Female,White,414,114440,361.76162181055600,366,0.9884197317228300
Nevada,2016,Male,American Indian/Alaska Native,10,1535,651.4657980456030,366,1.779961196845910
Nevada,2016,Male,Asian/Pacific Islander,58,11196,518.0421579135410,366,1.4154157320042100
Nevada,2016,Male,Black,67,8335,803.8392321535690,366,2.1962820550644000
Nevada,2016,Male,White,837,111975,747.4882786336240,366,2.042317701184760
Nevada,2017,Female,American Indian/Alaska Native,,1827,,365,
Nevada,2017,Female,Asian/Pacific Islander,26,17654,147.27540500736400,365,0.4034942602941470
Nevada,2017,Female,Black,59,10864,543.0780559646540,365,1.4878850848346700
Nevada,2017,Female,White,405,118375,342.13305174234400,365,0.937350826691354
Nevada,2017,Male,American Indian/Alaska Native,,1623,,365,
Nevada,2017,Male,Asian/Pacific Islander,71,12067,588.3815364216460,365,1.612004209374370
Nevada,2017,Male,Black,75,8947,838.2698111098690,365,2.2966296194790900
Nevada,2017,Male,White,820,114974,713.2047245464190,365,1.9539855467025200
Nevada,2018,Female,American Indian/Alaska Native,13,1916,678.4968684759920,365,1.85889553007121
Nevada,2018,Female,Asian/Pacific Islander,33,18512,178.2627484874680,365,0.4883910917464870
Nevada,2018,Female,Black,68,11450,593.8864628820960,365,1.6270861996769800
Nevada,2018,Female,White,400,120964,330.676895605304,365,0.9059640975487780
Nevada,2018,Male,American Indian/Alaska Native,12,1766,679.501698754247,365,1.8616484897376600
Nevada,2018,Male,Asian/Pacific Islander,49,12625,388.1188118811880,365,1.063339210633390
Nevada,2018,Male,Black,83,9411,881.946658165976,365,2.416292214153360
Nevada,2018,Male,White,842,116608,722.0773874862790,365,1.9782942122911700
Nevada,2019,Female,American Indian/Alaska Native,,2038,,365,
Nevada,2019,Female,Asian/Pacific Islander,46,19622,234.4307410049940,365,0.6422760027534090
Nevada,2019,Female,Black,74,12203,606.4082602638700,365,1.661392493873620
Nevada,2019,Female,White,390,124758,312.6052036743140,365,0.8564526128063380
Nevada,2019,Male,American Indian/Alaska Native,,1854,,365,
Nevada,2019,Male,Asian/Pacific Islander,58,13313,435.6643881919930,365,1.1936010635397100
Nevada,2019,Male,Black,118,9931,1188.198570133920,365,3.255338548312120
Nevada,2019,Male,White,879,119644,734.679549329678,365,2.012820683095010
Nevada,2020,Female,American Indian/Alaska Native,,2220,,366,
Nevada,2020,Female,Asian/Pacific Islander,53,20827,254.47736111778000,366,0.6952933363873770
Nevada,2020,Female,Black,71,12972,547.3327166204130,366,1.4954445809300900
Nevada,2020,Female,White,439,129370,339.3367859627430,366,0.9271496884227940
Nevada,2020,Male,American Indian/Alaska Native,10,1927,518.9413596263620,366,1.4178725672851400
Nevada,2020,Male,Asian/Pacific Islander,83,14229,583.3157635814180,366,1.5937589168891200
Nevada,2020,Male,Black,126,10684,1179.3335829277400,366,3.22222290417416
Nevada,2020,Male,White,934,123883,753.937182664288,366,2.0599376575527000
Nevada,2021,Female,American Indian/Alaska Native,,2052,,365,
Nevada,2021,Female,Asian/Pacific Islander,32,19702,162.42005887727100,365,0.44498646267745600
Nevada,2021,Female,Black,89,12815,694.4986344127980,365,1.9027359846926000
Nevada,2021,Female,White,432,128798,335.4089349213500,365,0.9189285888256160
Nevada,2021,Male,American Indian/Alaska Native,12,1827,656.8144499178980,365,1.7994916436106800
Nevada,2021,Male,Asian/Pacific Islander,72,13393,537.5942656611660,365,1.4728610018114100
Nevada,2021,Male,Black,120,10901,1100.8164388588200,365,3.015935448928280
Nevada,2021,Male,White,999,125170,798.1145641926980,365,2.186615244363560
Nevada,2022,Female,American Indian/Alaska Native,,2109,,365,
Nevada,2022,Female,Asian/Pacific Islander,28,20554,136.22652525056000,365,0.37322335685084800
Nevada,2022,Female,Black,81,13134,616.7199634536320,365,1.6896437354894000
Nevada,2022,Female,White,461,128059,359.9903169632750,365,0.9862748409952730
Nevada,2022,Male,American Indian/Alaska Native,,1833,,365,
Nevada,2022,Male,Asian/Pacific Islander,63,13724,459.0498396968810,365,1.257670793690090
Nevada,2022,Male,Black,129,11203,1151.4772828706600,365,3.1547322818374200
Nevada,2022,Male,White,970,123956,782.5357384878510,365,2.1439335301037
Nevada,2023,Female,American Indian/Alaska Native,,2238,,365,
Nevada,2023,Female,Asian/Pacific Islander,31,21618,143.39901933573900,365,0.3928740255773660
Nevada,2023,Female,Black,63,13737,458.6154182135840,365,1.256480597845440
Nevada,2023,Female,White,435,130775,332.6323838654180,365,0.9113215996312810
Nevada,2023,Male,American Indian/Alaska Native,,1940,,365,
Nevada,2023,Male,Asian/Pacific Islander,53,14565,363.8860281496740,365,0.9969480223278740
Nevada,2023,Male,Black,151,11826,1276.8476238795900,365,3.498212668163250
Nevada,2023,Male,White,861,126203,682.2341782683450,365,1.8691347349817700
Nevada,2024,Female,American Indian/Alaska Native,,2384,,366,
Nevada,2024,Female,Asian/Pacific Islander,27,22852,118.15158410642400,366,0.3228185358099020
Nevada,2024,Female,Black,100,14196,704.4237813468580,366,1.9246551402919600
Nevada,2024,Female,White,409,132313,309.1155064128240,366,0.8445778863738370
Nevada,2024,Male,American Indian/Alaska Native,,2093,,366,
Nevada,2024,Male,Asian/Pacific Islander,53,15413,343.8655680269900,366,0.9395234099098090
Nevada,2024,Male,Black,130,12346,1052.9726227118100,366,2.876974378994020
Nevada,2024,Male,White,874,128033,682.6365077753390,366,1.865127070424420
Nevada,2025,Female,American Indian/Alaska Native,,2384,,365,
Nevada,2025,Female,Asian/Pacific Islander,30,22852,131.2795378960270,365,0.359669966838429
Nevada,2025,Female,Black,86,14196,605.8044519582980,365,1.6597382245432800
Nevada,2025,Female,White,386,132313,291.7324828248170,365,0.799267076232375
Nevada,2025,Male,American Indian/Alaska Native,,2093,,365,
Nevada,2025,Male,Asian/Pacific Islander,49,15413,317.91344968533100,365,0.8709957525625500
Nevada,2025,Male,Black,117,12346,947.6753604406280,365,2.59637085052227
Nevada,2025,Male,White,849,128033,663.1102918778750,365,1.816740525692810
New Hampshire,1999,Female,American Indian/Alaska Native,,34,,365,
New Hampshire,1999,Female,Asian/Pacific Islander,0,280,0.0,365,0.0
New Hampshire,1999,Female,Black,,133,,365,
New Hampshire,1999,Female,White,155,41372,374.64952141545000,365,1.0264370449738400
New Hampshire,1999,Male,American Indian/Alaska Native,0,53,0.0,365,0.0
New Hampshire,1999,Male,Asian/Pacific Islander,,195,,365,
New Hampshire,1999,Male,Black,0,121,0.0,365,0.0
New Hampshire,1999,Male,White,293,35811,818.1843567618890,365,2.2416009774298300
New Hampshire,2000,Female,American Indian/Alaska Native,0,40,0.0,366,0.0
New Hampshire,2000,Female,Asian/Pacific Islander,,290,,366,
New Hampshire,2000,Female,Black,0,140,0.0,366,0.0
New Hampshire,2000,Female,White,151,41292,365.68826891407500,366,0.9991482757215170
New Hampshire,2000,Male,American Indian/Alaska Native,0,59,0.0,366,0.0
New Hampshire,2000,Male,Asian/Pacific Islander,0,230,0.0,366,0.0
New Hampshire,2000,Male,Black,0,147,0.0,366,0.0
New Hampshire,2000,Male,White,289,36129,799.9114284923470,366,2.185550351071990
New Hampshire,2001,Female,American Indian/Alaska Native,0,44,0.0,365,0.0
New Hampshire,2001,Female,Asian/Pacific Islander,,296,,365,
New Hampshire,2001,Female,Black,,161,,365,
New Hampshire,2001,Female,White,159,41171,386.194165796313,365,1.0580662076611300
New Hampshire,2001,Male,American Indian/Alaska Native,0,65,0.0,365,0.0
New Hampshire,2001,Male,Asian/Pacific Islander,,256,,365,
New Hampshire,2001,Male,Black,,173,,365,
New Hampshire,2001,Male,White,298,36231,822.5000690016840,365,2.2534248465799600
New Hampshire,2002,Female,American Indian/Alaska Native,0,44,0.0,365,0.0
New Hampshire,2002,Female,Asian/Pacific Islander,0,310,0.0,365,0.0
New Hampshire,2002,Female,Black,0,168,0.0,365,0.0
New Hampshire,2002,Female,White,154,40940,376.1602344894970,365,1.030575984902730
New Hampshire,2002,Male,American Indian/Alaska Native,0,69,0.0,365,0.0
New Hampshire,2002,Male,Asian/Pacific Islander,0,267,0.0,365,0.0
New Hampshire,2002,Male,Black,0,182,0.0,365,0.0
New Hampshire,2002,Male,White,243,36427,667.0875998572490,365,1.8276372598828700
New Hampshire,2003,Female,American Indian/Alaska Native,0,48,0.0,365,0.0
New Hampshire,2003,Female,Asian/Pacific Islander,0,329,0.0,365,0.0
New Hampshire,2003,Female,Black,0,175,0.0,365,0.0
New Hampshire,2003,Female,White,137,40857,335.31585774775400,365,0.9186735828705600
New Hampshire,2003,Male,American Indian/Alaska Native,0,68,0.0,365,0.0
New Hampshire,2003,Male,Asian/Pacific Islander,,287,,365,
New Hampshire,2003,Male,Black,,186,,365,
New Hampshire,2003,Male,White,257,36866,697.1192969131450,365,1.9099158819538200
New Hampshire,2004,Female,American Indian/Alaska Native,0,59,0.0,366,0.0
New Hampshire,2004,Female,Asian/Pacific Islander,,340,,366,
New Hampshire,2004,Female,Black,0,176,0.0,366,0.0
New Hampshire,2004,Female,White,133,41676,319.1285152125920,366,0.8719358339141870
New Hampshire,2004,Male,American Indian/Alaska Native,0,61,0.0,366,0.0
New Hampshire,2004,Male,Asian/Pacific Islander,0,324,0.0,366,0.0
New Hampshire,2004,Male,Black,0,191,0.0,366,0.0
New Hampshire,2004,Male,White,240,37704,636.5372374283900,366,1.7391727798589900
New Hampshire,2005,Female,American Indian/Alaska Native,0,53,0.0,365,0.0
New Hampshire,2005,Female,Asian/Pacific Islander,,349,,365,
New Hampshire,2005,Female,Black,0,204,0.0,365,0.0
New Hampshire,2005,Female,White,127,41822,303.6679259719770,365,0.8319669204711690
New Hampshire,2005,Male,American Indian/Alaska Native,0,71,0.0,365,0.0
New Hampshire,2005,Male,Asian/Pacific Islander,,340,,365,
New Hampshire,2005,Male,Black,,212,,365,
New Hampshire,2005,Male,White,230,38041,604.6108146473540,365,1.6564679853352200
New Hampshire,2006,Female,American Indian/Alaska Native,0,66,0.0,365,0.0
New Hampshire,2006,Female,Asian/Pacific Islander,0,387,0.0,365,0.0
New Hampshire,2006,Female,Black,0,191,0.0,365,0.0
New Hampshire,2006,Female,White,100,42987,232.62846907204500,365,0.6373382714302600
New Hampshire,2006,Male,American Indian/Alaska Native,0,80,0.0,365,0.0
New Hampshire,2006,Male,Asian/Pacific Islander,0,385,0.0,365,0.0
New Hampshire,2006,Male,Black,,218,,365,
New Hampshire,2006,Male,White,211,39336,536.4043115720970,365,1.469600853622180
New Hampshire,2007,Female,American Indian/Alaska Native,0,68,0.0,365,0.0
New Hampshire,2007,Female,Asian/Pacific Islander,,416,,365,
New Hampshire,2007,Female,Black,0,214,0.0,365,0.0
New Hampshire,2007,Female,White,111,44368,250.18031013343000,365,0.6854255072148750
New Hampshire,2007,Male,American Indian/Alaska Native,0,83,0.0,365,0.0
New Hampshire,2007,Male,Asian/Pacific Islander,0,411,0.0,365,0.0
New Hampshire,2007,Male,Black,,236,,365,
New Hampshire,2007,Male,White,220,40710,540.4077622205850,365,1.4805692115632500
New Hampshire,2008,Female,American Indian/Alaska Native,0,69,0.0,366,0.0
New Hampshire,2008,Female,Asian/Pacific Islander,0,457,0.0,366,0.0
New Hampshire,2008,Female,Black,0,221,0.0,366,0.0
New Hampshire,2008,Female,White,97,46524,208.49454045224000,366,0.5696572143503820
New Hampshire,2008,Male,American Indian/Alaska Native,0,95,0.0,366,0.0
New Hampshire,2008,Male,Asian/Pacific Islander,0,437,0.0,366,0.0
New Hampshire,2008,Male,Black,,256,,366,
New Hampshire,2008,Male,White,222,42825,518.3887915936950,366,1.416362818562010
New Hampshire,2009,Female,American Indian/Alaska Native,0,76,0.0,365,0.0
New Hampshire,2009,Female,Asian/Pacific Islander,,496,,365,
New Hampshire,2009,Female,Black,0,212,0.0,365,0.0
New Hampshire,2009,Female,White,113,48235,234.2697211568360,365,0.641834852484483
New Hampshire,2009,Male,American Indian/Alaska Native,,107,,365,
New Hampshire,2009,Male,Asian/Pacific Islander,,445,,365,
New Hampshire,2009,Male,Black,,268,,365,
New Hampshire,2009,Male,White,182,44563,408.41056481834700,365,1.1189330542968400
New Hampshire,2010,Female,American Indian/Alaska Native,0,74,0.0,365,0.0
New Hampshire,2010,Female,Asian/Pacific Islander,0,516,0.0,365,0.0
New Hampshire,2010,Female,Black,,251,,365,
New Hampshire,2010,Female,White,116,49297,235.3084366188610,365,0.6446806482708530
New Hampshire,2010,Male,American Indian/Alaska Native,0,107,0.0,365,0.0
New Hampshire,2010,Male,Asian/Pacific Islander,,469,,365,
New Hampshire,2010,Male,Black,,278,,365,
New Hampshire,2010,Male,White,207,45770,452.2613065326630,365,1.2390720726922300
New Hampshire,2011,Female,American Indian/Alaska Native,,79,,365,
New Hampshire,2011,Female,Asian/Pacific Islander,0,577,0.0,365,0.0
New Hampshire,2011,Female,Black,,264,,365,
New Hampshire,2011,Female,White,117,51494,227.21093719656700,365,0.6224957183467580
New Hampshire,2011,Male,American Indian/Alaska Native,0,116,0.0,365,0.0
New Hampshire,2011,Male,Asian/Pacific Islander,0,520,0.0,365,0.0
New Hampshire,2011,Male,Black,0,328,0.0,365,0.0
New Hampshire,2011,Male,White,206,47910,429.972865790023,365,1.1780078514795200
New Hampshire,2012,Female,American Indian/Alaska Native,0,93,0.0,366,0.0
New Hampshire,2012,Female,Asian/Pacific Islander,0,647,0.0,366,0.0
New Hampshire,2012,Female,Black,0,335,0.0,366,0.0
New Hampshire,2012,Female,White,102,55615,183.40375797896300,366,0.5011031638769470
New Hampshire,2012,Male,American Indian/Alaska Native,0,116,0.0,366,0.0
New Hampshire,2012,Male,Asian/Pacific Islander,,601,,366,
New Hampshire,2012,Male,Black,0,381,0.0,366,0.0
New Hampshire,2012,Male,White,200,51951,384.9781524898460,366,1.0518528756553200
New Hampshire,2013,Female,American Indian/Alaska Native,0,102,0.0,365,0.0
New Hampshire,2013,Female,Asian/Pacific Islander,,777,,365,
New Hampshire,2013,Female,Black,,454,,365,
New Hampshire,2013,Female,White,143,59025,242.27022448115200,365,0.6637540396743890
New Hampshire,2013,Male,American Indian/Alaska Native,0,141,0.0,365,0.0
New Hampshire,2013,Male,Asian/Pacific Islander,,678,,365,
New Hampshire,2013,Male,Black,,460,,365,
New Hampshire,2013,Male,White,239,55511,430.5452973284570,365,1.1795761570642700
New Hampshire,2014,Female,American Indian/Alaska Native,0,126,0.0,365,0.0
New Hampshire,2014,Female,Asian/Pacific Islander,,867,,365,
New Hampshire,2014,Female,Black,0,379,0.0,365,0.0
New Hampshire,2014,Female,White,123,62545,196.65840594771800,365,0.5387901532814180
New Hampshire,2014,Male,American Indian/Alaska Native,0,156,0.0,365,0.0
New Hampshire,2014,Male,Asian/Pacific Islander,0,699,0.0,365,0.0
New Hampshire,2014,Male,Black,,437,,365,
New Hampshire,2014,Male,White,252,58656,429.62356792144000,365,1.1770508710176400
New Hampshire,2015,Female,American Indian/Alaska Native,0,138,0.0,365,0.0
New Hampshire,2015,Female,Asian/Pacific Islander,,1008,,365,
New Hampshire,2015,Female,Black,,408,,365,
New Hampshire,2015,Female,White,130,65256,199.2153978178250,365,0.5457956104597950
New Hampshire,2015,Male,American Indian/Alaska Native,0,166,0.0,365,0.0
New Hampshire,2015,Male,Asian/Pacific Islander,,725,,365,
New Hampshire,2015,Male,Black,,496,,365,
New Hampshire,2015,Male,White,271,61361,441.6486041622530,365,1.2099961757869900
New Hampshire,2016,Female,American Indian/Alaska Native,0,160,0.0,366,0.0
New Hampshire,2016,Female,Asian/Pacific Islander,0,1091,0.0,366,0.0
New Hampshire,2016,Female,Black,0,434,0.0,366,0.0
New Hampshire,2016,Female,White,135,68218,197.89498372863500,366,0.5406966768541930
New Hampshire,2016,Male,American Indian/Alaska Native,,194,,366,
New Hampshire,2016,Male,Asian/Pacific Islander,0,787,0.0,366,0.0
New Hampshire,2016,Male,Black,,516,,366,
New Hampshire,2016,Male,White,262,64268,407.6678907076620,366,1.1138466959225700
New Hampshire,2017,Female,American Indian/Alaska Native,0,169,0.0,365,0.0
New Hampshire,2017,Female,Asian/Pacific Islander,,1166,,365,
New Hampshire,2017,Female,Black,,404,,365,
New Hampshire,2017,Female,White,144,71373,201.75696692026400,365,0.5527588134801750
New Hampshire,2017,Male,American Indian/Alaska Native,0,195,0.0,365,0.0
New Hampshire,2017,Male,Asian/Pacific Islander,0,901,0.0,365,0.0
New Hampshire,2017,Male,Black,,535,,365,
New Hampshire,2017,Male,White,309,67028,461.00137256072100,365,1.2630174590704700
New Hampshire,2018,Female,American Indian/Alaska Native,0,199,0.0,365,0.0
New Hampshire,2018,Female,Asian/Pacific Islander,,1254,,365,
New Hampshire,2018,Female,Black,0,468,0.0,365,0.0
New Hampshire,2018,Female,White,122,73963,164.94733853413200,365,0.4519105165318680
New Hampshire,2018,Male,American Indian/Alaska Native,0,200,0.0,365,0.0
New Hampshire,2018,Male,Asian/Pacific Islander,,1015,,365,
New Hampshire,2018,Male,Black,,560,,365,
New Hampshire,2018,Male,White,293,69274,422.9581083812110,365,1.1587893380307100
New Hampshire,2019,Female,American Indian/Alaska Native,0,228,0.0,365,0.0
New Hampshire,2019,Female,Asian/Pacific Islander,,1323,,365,
New Hampshire,2019,Female,Black,,504,,365,
New Hampshire,2019,Female,White,144,76973,187.0785859976880,365,0.5125440712265410
New Hampshire,2019,Male,American Indian/Alaska Native,0,218,0.0,365,0.0
New Hampshire,2019,Male,Asian/Pacific Islander,,1087,,365,
New Hampshire,2019,Male,Black,,586,,365,
New Hampshire,2019,Male,White,311,71750,433.4494773519160,365,1.1875328146627800
New Hampshire,2020,Female,American Indian/Alaska Native,0,245,0.0,366,0.0
New Hampshire,2020,Female,Asian/Pacific Islander,0,1398,0.0,366,0.0
New Hampshire,2020,Female,Black,0,532,0.0,366,0.0
New Hampshire,2020,Female,White,151,80130,188.44377885935400,366,0.5148737127304740
New Hampshire,2020,Male,American Indian/Alaska Native,0,241,0.0,366,0.0
New Hampshire,2020,Male,Asian/Pacific Islander,0,1102,0.0,366,0.0
New Hampshire,2020,Male,Black,,648,,366,
New Hampshire,2020,Male,White,340,74631,455.57476115823200,366,1.244739784585330
New Hampshire,2021,Female,American Indian/Alaska Native,0,211,0.0,365,0.0
New Hampshire,2021,Female,Asian/Pacific Islander,0,1410,0.0,365,0.0
New Hampshire,2021,Female,Black,,534,,365,
New Hampshire,2021,Female,White,154,82804,185.98135355779900,365,0.5095379549528740
New Hampshire,2021,Male,American Indian/Alaska Native,,211,,365,
New Hampshire,2021,Male,Asian/Pacific Islander,0,24,0.0,365,0.0
New Hampshire,2021,Male,Black,,675,,365,
New Hampshire,2021,Male,White,355,78575,451.7976455615650,365,1.237801768661820
New Hampshire,2022,Female,American Indian/Alaska Native,,211,,365,
New Hampshire,2022,Female,Asian/Pacific Islander,0,27,0.0,365,0.0
New Hampshire,2022,Female,Black,0,564,0.0,365,0.0
New Hampshire,2022,Female,White,176,84050,209.39916716240300,365,0.573696348390146
New Hampshire,2022,Male,American Indian/Alaska Native,,226,,365,
New Hampshire,2022,Male,Asian/Pacific Islander,0,27,0.0,365,0.0
New Hampshire,2022,Male,Black,,699,,365,
New Hampshire,2022,Male,White,383,79673,480.7149222446750,365,1.3170271842319900
New Hampshire,2023,Female,American Indian/Alaska Native,0,219,0.0,365,0.0
New Hampshire,2023,Female,Asian/Pacific Islander,,1528,,365,
New Hampshire,2023,Female,Black,,584,,365,
New Hampshire,2023,Female,White,178,87098,204.36749408712000,365,0.5599109427044390
New Hampshire,2023,Male,American Indian/Alaska Native,,239,,365,
New Hampshire,2023,Male,Asian/Pacific Islander,0,29,0.0,365,0.0
New Hampshire,2023,Male,Black,,742,,365,
New Hampshire,2023,Male,White,354,82539,428.8881619598010,365,1.1750360601638400
New Hampshire,2024,Female,American Indian/Alaska Native,0,229,0.0,366,0.0
New Hampshire,2024,Female,Asian/Pacific Islander,0,1586,0.0,366,0.0
New Hampshire,2024,Female,Black,0,627,0.0,366,0.0
New Hampshire,2024,Female,White,178,89608,198.64297830550800,366,0.5427403778839030
New Hampshire,2024,Male,American Indian/Alaska Native,0,264,0.0,366,0.0
New Hampshire,2024,Male,Asian/Pacific Islander,0,1312,0.0,366,0.0
New Hampshire,2024,Male,Black,,805,,366,
New Hampshire,2024,Male,White,343,84844,404.2713686294850,366,1.1045665809548800
New Hampshire,2025,Female,American Indian/Alaska Native,0,229,0.0,365,0.0
New Hampshire,2025,Female,Asian/Pacific Islander,,1586,,365,
New Hampshire,2025,Female,Black,,627,,365,
New Hampshire,2025,Female,White,163,89608,181.90340148201100,365,0.4983654835123580
New Hampshire,2025,Male,American Indian/Alaska Native,0,264,0.0,365,0.0
New Hampshire,2025,Male,Asian/Pacific Islander,0,32,0.0,365,0.0
New Hampshire,2025,Male,Black,,805,,365,
New Hampshire,2025,Male,White,374,84844,440.80901419075,365,1.2076959292897300
New Jersey,1999,Female,American Indian/Alaska Native,,567,,365,
New Jersey,1999,Female,Asian/Pacific Islander,18,9732,184.9568434032060,365,0.5067310778170030
New Jersey,1999,Female,Black,260,34218,759.8340054941840,365,2.08173700135393
New Jersey,1999,Female,White,1255,278918,449.9530327910000,365,1.2327480350438300
New Jersey,1999,Male,American Indian/Alaska Native,,422,,365,
New Jersey,1999,Male,Asian/Pacific Islander,30,7597,394.8927208108460,365,1.0818978652352000
New Jersey,1999,Male,Black,301,24569,1225.1210875493500,365,3.356496130272190
New Jersey,1999,Male,White,2087,222820,936.630464051701,365,2.5661108604156200
New Jersey,2000,Female,American Indian/Alaska Native,,631,,366,
New Jersey,2000,Female,Asian/Pacific Islander,20,10148,197.0831690973590,366,0.538478604091145
New Jersey,2000,Female,Black,275,34751,791.3441339817560,366,2.1621424425731000
New Jersey,2000,Female,White,1258,274942,457.5510471299400,366,1.2501394730326200
New Jersey,2000,Male,American Indian/Alaska Native,,466,,366,
New Jersey,2000,Male,Asian/Pacific Islander,25,8043,310.82929255253000,366,0.849260362165383
New Jersey,2000,Male,Black,320,24922,1284.0060990289700,366,3.5082133853250600
New Jersey,2000,Male,White,1943,220766,880.1174093836910,366,2.404692375365280
New Jersey,2001,Female,American Indian/Alaska Native,0,653,0.0,365,0.0
New Jersey,2001,Female,Asian/Pacific Islander,21,11045,190.13128112268000,365,0.5209076195141920
New Jersey,2001,Female,Black,218,35728,610.165696372593,365,1.671686839376970
New Jersey,2001,Female,White,1186,268074,442.41515402463500,365,1.21209631239626
New Jersey,2001,Male,American Indian/Alaska Native,,496,,365,
New Jersey,2001,Male,Asian/Pacific Islander,31,9159,338.46489791462000,365,0.9273010901770400
New Jersey,2001,Male,Black,291,25490,1141.6241663397400,365,3.127737442026690
New Jersey,2001,Male,White,1771,217114,815.7005075674530,365,2.2347959111437100
New Jersey,2002,Female,American Indian/Alaska Native,,698,,365,
New Jersey,2002,Female,Asian/Pacific Islander,23,11998,191.69861643607300,365,0.5252016888659530
New Jersey,2002,Female,Black,229,36420,628.775398132894,365,1.7226723236517600
New Jersey,2002,Female,White,1056,262792,401.8387165514930,365,1.1009279905520400
New Jersey,2002,Male,American Indian/Alaska Native,,529,,365,
New Jersey,2002,Male,Asian/Pacific Islander,42,10237,410.2764481781770,365,1.1240450635018600
New Jersey,2002,Male,Black,296,25922,1141.8872000617200,365,3.1284580823608900
New Jersey,2002,Male,White,1626,213785,760.5772154267140,365,2.083773192949900
New Jersey,2003,Female,American Indian/Alaska Native,,746,,365,
New Jersey,2003,Female,Asian/Pacific Islander,15,12988,115.4912226670770,365,0.3164143086769240
New Jersey,2003,Female,Black,196,37155,527.5198492800430,365,1.445259861041210
New Jersey,2003,Female,White,966,258811,373.245341194926,365,1.0225899758765100
New Jersey,2003,Male,American Indian/Alaska Native,,553,,365,
New Jersey,2003,Male,Asian/Pacific Islander,38,11449,331.9067167438200,365,0.9093334705310150
New Jersey,2003,Male,Black,285,26481,1076.2433442845800,365,2.948611902149540
New Jersey,2003,Male,White,1596,211634,754.1321337781260,365,2.0661154350085700
New Jersey,2004,Female,American Indian/Alaska Native,,785,,366,
New Jersey,2004,Female,Asian/Pacific Islander,22,13943,157.7852685935600,366,0.43110729123923400
New Jersey,2004,Female,Black,216,37954,569.109975233177,366,1.5549452875223400
New Jersey,2004,Female,White,898,255059,352.0754021618530,366,0.9619546507154450
New Jersey,2004,Male,American Indian/Alaska Native,,621,,366,
New Jersey,2004,Male,Asian/Pacific Islander,42,12630,332.541567695962,366,0.9085835182949780
New Jersey,2004,Male,Black,263,27025,973.1729879740980,366,2.6589425900931600
New Jersey,2004,Male,White,1367,209743,651.749998808065,366,1.7807377016613800
New Jersey,2005,Female,American Indian/Alaska Native,,836,,365,
New Jersey,2005,Female,Asian/Pacific Islander,19,15132,125.56172349986800,365,0.34400472191744600
New Jersey,2005,Female,Black,181,38720,467.4586776859500,365,1.2807087059889100
New Jersey,2005,Female,White,810,251609,321.9280709354590,365,0.8819947148916700
New Jersey,2005,Male,American Indian/Alaska Native,,654,,365,
New Jersey,2005,Male,Asian/Pacific Islander,44,13829,318.1719574806570,365,0.8717039930976890
New Jersey,2005,Male,Black,248,27328,907.4941451990630,365,2.486285329312500
New Jersey,2005,Male,White,1305,207649,628.4643797947500,365,1.721820218615750
New Jersey,2006,Female,American Indian/Alaska Native,,850,,365,
New Jersey,2006,Female,Asian/Pacific Islander,24,16218,147.98372179060300,365,0.40543485422083000
New Jersey,2006,Female,Black,183,39632,461.74808235769100,365,1.265063239336140
New Jersey,2006,Female,White,763,249580,305.7135988460610,365,0.8375715036878390
New Jersey,2006,Male,American Indian/Alaska Native,0,647,0.0,365,0.0
New Jersey,2006,Male,Asian/Pacific Islander,44,15077,291.83524573854200,365,0.7995486184617590
New Jersey,2006,Male,Black,260,27752,936.8694148169500,365,2.5667655200464400
New Jersey,2006,Male,White,1280,206594,619.5726884614270,365,1.6974594204422700
New Jersey,2007,Female,American Indian/Alaska Native,,905,,365,
New Jersey,2007,Female,Asian/Pacific Islander,19,17431,109.00120475015800,365,0.29863343767166500
New Jersey,2007,Female,Black,192,40180,477.84967645594800,365,1.3091771957697200
New Jersey,2007,Female,White,716,251965,284.1664516897190,365,0.7785382238074490
New Jersey,2007,Male,American Indian/Alaska Native,,741,,365,
New Jersey,2007,Male,Asian/Pacific Islander,49,16371,299.30975505467000,365,0.8200267261771780
New Jersey,2007,Male,Black,245,27962,876.1891137972960,365,2.4005181199925900
New Jersey,2007,Male,White,1194,209254,570.5984114999000,365,1.5632833191778100
New Jersey,2008,Female,American Indian/Alaska Native,,962,,366,
New Jersey,2008,Female,Asian/Pacific Islander,28,18511,151.26141213332600,366,0.41328254681236700
New Jersey,2008,Female,Black,196,41117,476.68847435367400,366,1.3024275255564900
New Jersey,2008,Female,White,670,260717,256.98362592389400,366,0.7021410544368700
New Jersey,2008,Male,American Indian/Alaska Native,,781,,366,
New Jersey,2008,Male,Asian/Pacific Islander,46,17538,262.28760405975600,366,0.7166327979774750
New Jersey,2008,Male,Black,215,28561,752.7747627884180,366,2.0567616469628900
New Jersey,2008,Male,White,1139,218092,522.2566623259910,366,1.4269307713824900
New Jersey,2009,Female,American Indian/Alaska Native,,1037,,365,
New Jersey,2009,Female,Asian/Pacific Islander,22,19949,110.28121710361400,365,0.3021403208318200
New Jersey,2009,Female,Black,147,42076,349.36781062838700,365,0.9571720839133880
New Jersey,2009,Female,White,675,265792,253.9579821815560,365,0.6957752936480970
New Jersey,2009,Male,American Indian/Alaska Native,,870,,365,
New Jersey,2009,Male,Asian/Pacific Islander,48,18547,258.80196258155000,365,0.7090464728261630
New Jersey,2009,Male,Black,229,29204,784.1391590193130,365,2.1483264630666100
New Jersey,2009,Male,White,1143,223345,511.764310819584,365,1.4020940022454400
New Jersey,2010,Female,American Indian/Alaska Native,,1094,,365,
New Jersey,2010,Female,Asian/Pacific Islander,28,20882,134.08677329757700,365,0.3673610227330870
New Jersey,2010,Female,Black,172,42790,401.9630754849260,365,1.1012686999587000
New Jersey,2010,Female,White,619,269398,229.7715647480680,365,0.6295111362960770
New Jersey,2010,Male,American Indian/Alaska Native,,921,,365,
New Jersey,2010,Male,Asian/Pacific Islander,46,19394,237.18675879137900,365,0.6498267364147360
New Jersey,2010,Male,Black,216,29800,724.8322147651010,365,1.985841684287950
New Jersey,2010,Male,White,1208,227155,531.7954700534880,365,1.4569738905575000
New Jersey,2011,Female,American Indian/Alaska Native,0,1181,0.0,365,0.0
New Jersey,2011,Female,Asian/Pacific Islander,13,22558,57.62922244879870,365,0.15788828068164000
New Jersey,2011,Female,Black,183,43814,417.6747158442510,365,1.1443142899842500
New Jersey,2011,Female,White,651,276292,235.62028578460500,365,0.645535029546862
New Jersey,2011,Male,American Indian/Alaska Native,,1021,,365,
New Jersey,2011,Male,Asian/Pacific Islander,42,20902,200.93770931011400,365,0.5505142720825040
New Jersey,2011,Male,Black,231,30644,753.8180394204410,365,2.065254902521760
New Jersey,2011,Male,White,1176,234324,501.86920673938600,365,1.3749841280531100
New Jersey,2012,Female,American Indian/Alaska Native,,1242,,366,
New Jersey,2012,Female,Asian/Pacific Islander,25,24807,100.77800620792500,366,0.2753497437375010
New Jersey,2012,Female,Black,177,45601,388.1493826889760,366,1.0605174390409200
New Jersey,2012,Female,White,635,293661,216.23572759065700,366,0.5908079988815770
New Jersey,2012,Male,American Indian/Alaska Native,,1107,,366,
New Jersey,2012,Male,Asian/Pacific Islander,47,22604,207.9278003893120,366,0.5681087442330920
New Jersey,2012,Male,Black,260,31957,813.5932659511220,366,2.2229324206314800
New Jersey,2012,Male,White,1237,250171,494.4617881369140,366,1.3509884921773600
New Jersey,2013,Female,American Indian/Alaska Native,,1335,,365,
New Jersey,2013,Female,Asian/Pacific Islander,27,26687,101.17285569753100,365,0.27718590602063200
New Jersey,2013,Female,Black,179,47490,376.9214571488730,365,1.0326615264352700
New Jersey,2013,Female,White,692,305207,226.7313659254210,365,0.6211818244532090
New Jersey,2013,Male,American Indian/Alaska Native,,1261,,365,
New Jersey,2013,Male,Asian/Pacific Islander,55,24241,226.88832968936900,365,0.6216118621626560
New Jersey,2013,Male,Black,260,33144,784.4557084238480,365,2.149193721709170
New Jersey,2013,Male,White,1276,261789,487.41543762343000,365,1.3353847606121400
New Jersey,2014,Female,American Indian/Alaska Native,0,1419,0.0,365,0.0
New Jersey,2014,Female,Asian/Pacific Islander,25,29127,85.83101589590410,365,0.23515346820795700
New Jersey,2014,Female,Black,202,49455,408.4521281973510,365,1.1190469265680900
New Jersey,2014,Female,White,718,314915,227.99803121477200,365,0.6246521403144450
New Jersey,2014,Male,American Indian/Alaska Native,,1276,,365,
New Jersey,2014,Male,Asian/Pacific Islander,52,25870,201.00502512562800,365,0.5506986989743240
New Jersey,2014,Male,Black,242,34318,705.1692989101930,365,1.9319706819457300
New Jersey,2014,Male,White,1325,270711,489.4518508667920,365,1.340963974977510
New Jersey,2015,Female,American Indian/Alaska Native,,1477,,365,
New Jersey,2015,Female,Asian/Pacific Islander,36,31393,114.67524607396600,365,0.3141787563670290
New Jersey,2015,Female,Black,178,51470,345.832523800272,365,0.9474863665760880
New Jersey,2015,Female,White,720,324418,221.93589751493400,365,0.6080435548354370
New Jersey,2015,Male,American Indian/Alaska Native,,1369,,365,
New Jersey,2015,Male,Asian/Pacific Islander,58,27379,211.84119215457100,365,0.5803868278207430
New Jersey,2015,Male,Black,263,35739,735.8907635915950,365,2.016139078333140
New Jersey,2015,Male,White,1373,280192,490.02112836911800,365,1.3425236393674500
New Jersey,2016,Female,American Indian/Alaska Native,,1602,,366,
New Jersey,2016,Female,Asian/Pacific Islander,39,32589,119.67228205836300,366,0.32697344824689400
New Jersey,2016,Female,Black,227,53250,426.2910798122070,366,1.1647297262628600
New Jersey,2016,Female,White,782,333789,234.2797395959720,366,0.6401085781310720
New Jersey,2016,Male,American Indian/Alaska Native,0,1476,0.0,366,0.0
New Jersey,2016,Male,Asian/Pacific Islander,73,28194,258.92033766049500,366,0.7074326165587300
New Jersey,2016,Male,Black,251,36858,680.9919149167070,366,1.8606336473134100
New Jersey,2016,Male,White,1409,288861,487.7778585548070,366,1.3327263894940100
New Jersey,2017,Female,American Indian/Alaska Native,,1692,,365,
New Jersey,2017,Female,Asian/Pacific Islander,26,34862,74.57977167116060,365,0.20432814156482300
New Jersey,2017,Female,Black,184,54713,336.30033081717300,365,0.9213707693621190
New Jersey,2017,Female,White,815,343263,237.42727879206300,365,0.6504856953207210
New Jersey,2017,Male,American Indian/Alaska Native,,1597,,365,
New Jersey,2017,Male,Asian/Pacific Islander,56,29839,187.67384965984100,365,0.5141749305749070
New Jersey,2017,Male,Black,282,38092,740.3129265987610,365,2.028254593421260
New Jersey,2017,Male,White,1430,298386,479.24500479245000,365,1.3130000131300000
New Jersey,2018,Female,American Indian/Alaska Native,,1758,,365,
New Jersey,2018,Female,Asian/Pacific Islander,37,34973,105.79589969405000,365,0.28985177998369800
New Jersey,2018,Female,Black,234,55415,422.26833889741000,365,1.1568995586230400
New Jersey,2018,Female,White,792,345503,229.2310052300560,365,0.6280301513152220
New Jersey,2018,Male,American Indian/Alaska Native,,1668,,365,
New Jersey,2018,Male,Asian/Pacific Islander,61,29972,203.52328840250900,365,0.557598050417833
New Jersey,2018,Male,Black,326,38903,837.9816466596410,365,2.2958401278346300
New Jersey,2018,Male,White,1526,301906,505.4553404039670,365,1.3848091517916900
New Jersey,2019,Female,American Indian/Alaska Native,0,1860,0.0,365,0.0
New Jersey,2019,Female,Asian/Pacific Islander,37,36208,102.18736190897000,365,0.27996537509307000
New Jersey,2019,Female,Black,230,57194,402.1400846242610,365,1.1017536565048300
New Jersey,2019,Female,White,832,354206,234.891560278482,365,0.6435385213109100
New Jersey,2019,Male,American Indian/Alaska Native,,1767,,365,
New Jersey,2019,Male,Asian/Pacific Islander,75,30771,243.73598518085200,365,0.6677698224132930
New Jersey,2019,Male,Black,282,40219,701.1611427434790,365,1.9209894321739200
New Jersey,2019,Male,White,1475,310641,474.8246367993920,365,1.3008894158887500
New Jersey,2020,Female,American Indian/Alaska Native,,2004,,366,
New Jersey,2020,Female,Asian/Pacific Islander,36,37649,95.62006959016180,366,0.2612570207381470
New Jersey,2020,Female,Black,291,59447,489.5116658536180,366,1.3374635679060600
New Jersey,2020,Female,White,849,364191,233.11943458240300,366,0.6369383458535610
New Jersey,2020,Male,American Indian/Alaska Native,,1873,,366,
New Jersey,2020,Male,Asian/Pacific Islander,95,32375,293.43629343629300,366,0.8017385066565400
New Jersey,2020,Male,Black,328,41740,785.8169621466220,366,2.147040880182030
New Jersey,2020,Male,White,1678,320130,524.1620591634650,366,1.432136773670670
New Jersey,2021,Female,American Indian/Alaska Native,0,1875,0.0,365,0.0
New Jersey,2021,Female,Asian/Pacific Islander,41,39229,104.5145173213690,365,0.2863411433462180
New Jersey,2021,Female,Black,245,61780,396.56846876011700,365,1.0864889555071700
New Jersey,2021,Female,White,877,383134,228.9016375471770,365,0.6271277741018540
New Jersey,2021,Male,American Indian/Alaska Native,,1771,,365,
New Jersey,2021,Male,Asian/Pacific Islander,78,34389,226.81671464712600,365,0.6214156565674670
New Jersey,2021,Male,Black,320,44681,716.1880888968470,365,1.9621591476625900
New Jersey,2021,Male,White,1618,344912,469.1051630560840,365,1.2852196248111900
New Jersey,2022,Female,American Indian/Alaska Native,,1939,,365,
New Jersey,2022,Female,Asian/Pacific Islander,39,40306,96.75978762467130,365,0.2650953085607430
New Jersey,2022,Female,Black,258,62516,412.69435024633700,365,1.1306694527296900
New Jersey,2022,Female,White,828,381782,216.87769460058400,365,0.594185464659133
New Jersey,2022,Male,American Indian/Alaska Native,,1850,,365,
New Jersey,2022,Male,Asian/Pacific Islander,75,35271,212.63927872756700,365,0.5825733663768950
New Jersey,2022,Male,Black,334,45305,737.2254718022290,365,2.019795813156790
New Jersey,2022,Male,White,1546,343673,449.8462200987570,365,1.23245539753084
New Jersey,2023,Female,American Indian/Alaska Native,,2103,,365,
New Jersey,2023,Female,Asian/Pacific Islander,38,42016,90.44173648134040,365,0.2477855794009330
New Jersey,2023,Female,Black,223,65161,342.22924755605300,365,0.9376143768659000
New Jersey,2023,Female,White,824,390321,211.1082929178800,365,0.5783788847065220
New Jersey,2023,Male,American Indian/Alaska Native,0,2037,0.0,365,0.0
New Jersey,2023,Male,Asian/Pacific Islander,68,36675,185.412406271302,365,0.507979195263841
New Jersey,2023,Male,Black,285,47954,594.319556241398,365,1.628272756825750
New Jersey,2023,Male,White,1512,352988,428.3431731390300,365,1.1735429401069300
New Jersey,2024,Female,American Indian/Alaska Native,0,2229,0.0,366,0.0
New Jersey,2024,Female,Asian/Pacific Islander,37,44584,82.9894132424188,366,0.22674703071699100
New Jersey,2024,Female,Black,233,67265,346.391139522783,366,0.9464238784775490
New Jersey,2024,Female,White,761,398653,190.89283161044800,366,0.5215651136897490
New Jersey,2024,Male,American Indian/Alaska Native,0,2188,0.0,366,0.0
New Jersey,2024,Male,Asian/Pacific Islander,77,38722,198.8533650121380,366,0.5433152049511960
New Jersey,2024,Male,Black,298,50259,592.9286296981640,366,1.6200235784102800
New Jersey,2024,Male,White,1489,361910,411.42825564366800,366,1.1241209170592000
New Jersey,2025,Female,American Indian/Alaska Native,,2229,,365,
New Jersey,2025,Female,Asian/Pacific Islander,37,44584,82.9894132424188,365,0.22736825545868200
New Jersey,2025,Female,Black,225,67265,334.4978815134170,365,0.9164325520915540
New Jersey,2025,Female,White,781,398653,195.9097260023130,365,0.5367389753488020
New Jersey,2025,Male,American Indian/Alaska Native,,2188,,365,
New Jersey,2025,Male,Asian/Pacific Islander,67,38722,173.02825267289900,365,0.4740500073230110
New Jersey,2025,Male,Black,349,50259,694.4029924988560,365,1.90247395205166
New Jersey,2025,Male,White,1555,361910,429.6648337984580,365,1.177163928214950
New Mexico,1999,Female,American Indian/Alaska Native,,3345,,365,
New Mexico,1999,Female,Asian/Pacific Islander,0,525,0.0,365,0.0
New Mexico,1999,Female,Black,,919,,365,
New Mexico,1999,Female,White,230,57093,402.851487923213,365,1.1037027066389400
New Mexico,1999,Male,American Indian/Alaska Native,18,2546,706.9913589945010,365,1.936962627382200
New Mexico,1999,Male,Asian/Pacific Islander,,337,,365,
New Mexico,1999,Male,Black,,820,,365,
New Mexico,1999,Male,White,400,50799,787.4170751392750,365,2.1573070551760900
New Mexico,2000,Female,American Indian/Alaska Native,,3591,,366,
New Mexico,2000,Female,Asian/Pacific Islander,,607,,366,
New Mexico,2000,Female,Black,,980,,366,
New Mexico,2000,Female,White,194,57343,338.31505153200900,366,0.9243580642951070
New Mexico,2000,Male,American Indian/Alaska Native,18,2745,655.7377049180330,366,1.7916330735465400
New Mexico,2000,Male,Asian/Pacific Islander,0,388,0.0,366,0.0
New Mexico,2000,Male,Black,11,837,1314.2174432497000,366,3.590758041665850
New Mexico,2000,Male,White,358,51254,698.4820696921220,366,1.9084209554429600
New Mexico,2001,Female,American Indian/Alaska Native,,3803,,365,
New Mexico,2001,Female,Asian/Pacific Islander,0,656,0.0,365,0.0
New Mexico,2001,Female,Black,,947,,365,
New Mexico,2001,Female,White,175,57863,302.43851856972500,365,0.8285986810129450
New Mexico,2001,Male,American Indian/Alaska Native,18,2882,624.5662734212350,365,1.711140475126670
New Mexico,2001,Male,Asian/Pacific Islander,,421,,365,
New Mexico,2001,Male,Black,,901,,365,
New Mexico,2001,Male,White,362,52151,694.1381756821540,365,1.9017484265264500
New Mexico,2002,Female,American Indian/Alaska Native,12,3978,301.65912518853700,365,0.8264633566809230
New Mexico,2002,Female,Asian/Pacific Islander,,698,,365,
New Mexico,2002,Female,Black,,967,,365,
New Mexico,2002,Female,White,199,58548,339.8920543827290,365,0.9312111078978870
New Mexico,2002,Male,American Indian/Alaska Native,17,3055,556.4648117839610,365,1.524561128175240
New Mexico,2002,Male,Asian/Pacific Islander,,455,,365,
New Mexico,2002,Male,Black,,937,,365,
New Mexico,2002,Male,White,347,52901,655.9422317158470,365,1.7971020047009500
New Mexico,2003,Female,American Indian/Alaska Native,14,4169,335.8119453106260,365,0.9200327268784280
New Mexico,2003,Female,Asian/Pacific Islander,,719,,365,
New Mexico,2003,Female,Black,,969,,365,
New Mexico,2003,Female,White,193,59375,325.05263157894700,365,0.8905551550108150
New Mexico,2003,Male,American Indian/Alaska Native,19,3186,596.3590709353420,365,1.6338604683160100
New Mexico,2003,Male,Asian/Pacific Islander,,491,,365,
New Mexico,2003,Male,Black,,957,,365,
New Mexico,2003,Male,White,369,53930,684.2202855553500,365,1.8745761248091800
New Mexico,2004,Female,American Indian/Alaska Native,12,4352,275.7352941176470,366,0.7533751205400190
New Mexico,2004,Female,Asian/Pacific Islander,,756,,366,
New Mexico,2004,Female,Black,,1034,,366,
New Mexico,2004,Female,White,180,60637,296.84845886175100,366,0.8110613630102490
New Mexico,2004,Male,American Indian/Alaska Native,13,3266,398.0404164115130,366,1.0875421213429300
New Mexico,2004,Male,Asian/Pacific Islander,0,507,0.0,366,0.0
New Mexico,2004,Male,Black,,964,,366,
New Mexico,2004,Male,White,305,55079,553.7500680840250,366,1.5129783280984300
New Mexico,2005,Female,American Indian/Alaska Native,,4628,,365,
New Mexico,2005,Female,Asian/Pacific Islander,,756,,365,
New Mexico,2005,Female,Black,,1015,,365,
New Mexico,2005,Female,White,190,62302,304.9661327084200,365,0.835523651255946
New Mexico,2005,Male,American Indian/Alaska Native,16,3453,463.3651896901250,365,1.2694936703839000
New Mexico,2005,Male,Asian/Pacific Islander,,530,,365,
New Mexico,2005,Male,Black,10,1040,961.5384615384620,365,2.634351949420440
New Mexico,2005,Male,White,340,56527,601.4824774001800,365,1.6478971983566600
New Mexico,2006,Female,American Indian/Alaska Native,12,4818,249.06600249066000,365,0.6823726095634520
New Mexico,2006,Female,Asian/Pacific Islander,,805,,365,
New Mexico,2006,Female,Black,,1012,,365,
New Mexico,2006,Female,White,166,64257,258.3376130227060,365,0.7077742822539880
New Mexico,2006,Male,American Indian/Alaska Native,13,3563,364.86107213022700,365,0.9996193756992530
New Mexico,2006,Male,Asian/Pacific Islander,,601,,365,
New Mexico,2006,Male,Black,10,1095,913.2420091324200,365,2.5020329017326600
New Mexico,2006,Male,White,312,58597,532.4504667474450,365,1.458768402047790
New Mexico,2007,Female,American Indian/Alaska Native,12,5042,238.0007933359780,365,0.6520569680437750
New Mexico,2007,Female,Asian/Pacific Islander,0,866,0.0,365,0.0
New Mexico,2007,Female,Black,,1047,,365,
New Mexico,2007,Female,White,164,66020,248.40957285671000,365,0.6805741722101650
New Mexico,2007,Male,American Indian/Alaska Native,17,3776,450.2118644067800,365,1.2334571627583000
New Mexico,2007,Male,Asian/Pacific Islander,0,635,0.0,365,0.0
New Mexico,2007,Male,Black,,1116,,365,
New Mexico,2007,Male,White,283,60060,471.1954711954710,365,1.2909464964259500
New Mexico,2008,Female,American Indian/Alaska Native,11,5218,210.80873898045200,366,0.5759801611487770
New Mexico,2008,Female,Asian/Pacific Islander,,903,,366,
New Mexico,2008,Female,Black,,1079,,366,
New Mexico,2008,Female,White,170,68565,247.93991103332600,366,0.6774314509107270
New Mexico,2008,Male,American Indian/Alaska Native,19,3906,486.43113159242200,366,1.329046807629570
New Mexico,2008,Male,Asian/Pacific Islander,,681,,366,
New Mexico,2008,Male,Black,,1144,,366,
New Mexico,2008,Male,White,288,62639,459.7774549402130,366,1.256222554481460
New Mexico,2009,Female,American Indian/Alaska Native,10,5471,182.78194114421500,365,0.5007724414910000
New Mexico,2009,Female,Asian/Pacific Islander,0,983,0.0,365,0.0
New Mexico,2009,Female,Black,,1113,,365,
New Mexico,2009,Female,White,162,71311,227.17392828595900,365,0.6223943240711200
New Mexico,2009,Male,American Indian/Alaska Native,23,4110,559.610705596107,365,1.5331800153318
New Mexico,2009,Male,Asian/Pacific Islander,,751,,365,
New Mexico,2009,Male,Black,,1203,,365,
New Mexico,2009,Male,White,296,64852,456.42385739838400,365,1.2504763216394100
New Mexico,2010,Female,American Indian/Alaska Native,11,5594,196.6392563460850,365,0.5387376886194110
New Mexico,2010,Female,Asian/Pacific Islander,0,1039,0.0,365,0.0
New Mexico,2010,Female,Black,,1155,,365,
New Mexico,2010,Female,White,182,73165,248.75281897081900,365,0.6815145725227930
New Mexico,2010,Male,American Indian/Alaska Native,14,4255,329.0246768507640,365,0.9014374708240100
New Mexico,2010,Male,Asian/Pacific Islander,,778,,365,
New Mexico,2010,Male,Black,,1263,,365,
New Mexico,2010,Male,White,279,66545,419.2651589150200,365,1.1486716682603300
New Mexico,2011,Female,American Indian/Alaska Native,,5780,,365,
New Mexico,2011,Female,Asian/Pacific Islander,,1118,,365,
New Mexico,2011,Female,Black,,1222,,365,
New Mexico,2011,Female,White,171,76056,224.83433259703400,365,0.6159844728685860
New Mexico,2011,Male,American Indian/Alaska Native,18,4460,403.5874439461880,365,1.1057190245101100
New Mexico,2011,Male,Asian/Pacific Islander,,831,,365,
New Mexico,2011,Male,Black,,1331,,365,
New Mexico,2011,Male,White,319,69350,459.98558038932900,365,1.2602344668200800
New Mexico,2012,Female,American Indian/Alaska Native,,6048,,366,
New Mexico,2012,Female,Asian/Pacific Islander,,1225,,366,
New Mexico,2012,Female,Black,,1249,,366,
New Mexico,2012,Female,White,186,80866,230.01014023198900,366,0.6284430060983300
New Mexico,2012,Male,American Indian/Alaska Native,20,4690,426.43923240938200,366,1.1651345147797300
New Mexico,2012,Male,Asian/Pacific Islander,,870,,366,
New Mexico,2012,Male,Black,,1413,,366,
New Mexico,2012,Male,White,329,73638,446.7801950080120,366,1.2207109153224400
New Mexico,2013,Female,American Indian/Alaska Native,,6365,,365,
New Mexico,2013,Female,Asian/Pacific Islander,,1381,,365,
New Mexico,2013,Female,Black,,1332,,365,
New Mexico,2013,Female,White,180,84816,212.22410865874400,365,0.5814359141335440
New Mexico,2013,Male,American Indian/Alaska Native,31,4950,626.2626262626260,365,1.7157880171578800
New Mexico,2013,Male,Asian/Pacific Islander,,949,,365,
New Mexico,2013,Male,Black,,1496,,365,
New Mexico,2013,Male,White,348,77207,450.7363321978580,365,1.2348940608160500
New Mexico,2014,Female,American Indian/Alaska Native,15,6678,224.61814914645100,365,0.6153921894423320
New Mexico,2014,Female,Asian/Pacific Islander,,1521,,365,
New Mexico,2014,Female,Black,,1443,,365,
New Mexico,2014,Female,White,184,88525,207.8508895792150,365,0.569454491997849
New Mexico,2014,Male,American Indian/Alaska Native,20,5196,384.9114703618170,365,1.0545519735940200
New Mexico,2014,Male,Asian/Pacific Islander,,1021,,365,
New Mexico,2014,Male,Black,11,1613,681.9590824550530,365,1.8683810478220600
New Mexico,2014,Male,White,364,80843,450.2554333708550,365,1.2335765297831600
New Mexico,2015,Female,American Indian/Alaska Native,13,7033,184.84288354898300,365,0.5064188590383110
New Mexico,2015,Female,Asian/Pacific Islander,,1713,,365,
New Mexico,2015,Female,Black,,1540,,365,
New Mexico,2015,Female,White,196,92300,212.3510292524380,365,0.5817836417875010
New Mexico,2015,Male,American Indian/Alaska Native,15,5550,270.27027027027000,365,0.7404664938911510
New Mexico,2015,Male,Asian/Pacific Islander,,1106,,365,
New Mexico,2015,Male,Black,13,1686,771.055753262159,365,2.112481515786740
New Mexico,2015,Male,White,383,84234,454.6857563454190,365,1.2457144009463500
New Mexico,2016,Female,American Indian/Alaska Native,11,7399,148.6687390187860,366,0.40619874048848700
New Mexico,2016,Female,Asian/Pacific Islander,,1727,,366,
New Mexico,2016,Female,Black,,1646,,366,
New Mexico,2016,Female,White,211,96283,219.1456435715550,366,0.5987585889933190
New Mexico,2016,Male,American Indian/Alaska Native,30,5783,518.7618882932730,366,1.4173822084515700
New Mexico,2016,Male,Asian/Pacific Islander,,1178,,366,
New Mexico,2016,Male,Black,,1804,,366,
New Mexico,2016,Male,White,435,87478,497.2678844966730,366,1.3586554221220600
New Mexico,2017,Female,American Indian/Alaska Native,19,7786,244.0277421012070,365,0.6685691564416640
New Mexico,2017,Female,Asian/Pacific Islander,,1938,,365,
New Mexico,2017,Female,Black,13,1702,763.807285546416,365,2.092622700127170
New Mexico,2017,Female,White,237,99739,237.6201886924870,365,0.6510142155958560
New Mexico,2017,Male,American Indian/Alaska Native,28,6109,458.34015387133700,365,1.255726448962570
New Mexico,2017,Male,Asian/Pacific Islander,,1297,,365,
New Mexico,2017,Male,Black,15,1913,784.1087297438580,365,2.1482430951886500
New Mexico,2017,Male,White,468,90312,518.2035609885730,365,1.4197357835303400
New Mexico,2018,Female,American Indian/Alaska Native,16,8259,193.72805424385500,365,0.5307617924489180
New Mexico,2018,Female,Asian/Pacific Islander,,2118,,365,
New Mexico,2018,Female,Black,,1790,,365,
New Mexico,2018,Female,White,258,103265,249.84263787343200,365,0.6845003777354310
New Mexico,2018,Male,American Indian/Alaska Native,35,6390,547.7308294209700,365,1.5006324093725200
New Mexico,2018,Male,Asian/Pacific Islander,,1355,,365,
New Mexico,2018,Male,Black,15,2045,733.4963325183380,365,2.0095789932009200
New Mexico,2018,Male,White,461,92662,497.5070687013020,365,1.3630330649350700
New Mexico,2019,Female,American Indian/Alaska Native,12,8665,138.48817080207700,365,0.3794196460330890
New Mexico,2019,Female,Asian/Pacific Islander,,2201,,365,
New Mexico,2019,Female,Black,,1874,,365,
New Mexico,2019,Female,White,262,106317,246.432837645908,365,0.6751584593038580
New Mexico,2019,Male,American Indian/Alaska Native,27,6748,400.11855364552500,365,1.0962152154671900
New Mexico,2019,Male,Asian/Pacific Islander,,1411,,365,
New Mexico,2019,Male,Black,12,2154,557.1030640668520,365,1.526309764566720
New Mexico,2019,Male,White,497,95113,522.5363514976920,365,1.4316064424594300
New Mexico,2020,Female,American Indian/Alaska Native,23,9155,251.22883670125600,366,0.6864175866154540
New Mexico,2020,Female,Asian/Pacific Islander,,2295,,366,
New Mexico,2020,Female,Black,,2051,,366,
New Mexico,2020,Female,White,276,109679,251.64343219759500,366,0.6875503611956140
New Mexico,2020,Male,American Indian/Alaska Native,21,7086,296.35901778154100,366,0.8097240922992930
New Mexico,2020,Male,Asian/Pacific Islander,,1517,,366,
New Mexico,2020,Male,Black,19,2326,816.852966466036,366,2.2318387061913600
New Mexico,2020,Male,White,538,97637,551.0206171840590,366,1.5055208119783000
New Mexico,2021,Female,American Indian/Alaska Native,19,9151,207.62758168506200,365,0.5688426895481140
New Mexico,2021,Female,Asian/Pacific Islander,0,152,0.0,365,0.0
New Mexico,2021,Female,Black,,2033,,365,
New Mexico,2021,Female,White,273,110898,246.1721581994270,365,0.6744442690395250
New Mexico,2021,Male,American Indian/Alaska Native,37,7167,516.2550579042840,365,1.4143974189158500
New Mexico,2021,Male,Asian/Pacific Islander,0,130,0.0,365,0.0
New Mexico,2021,Male,Black,15,2311,649.0696668109040,365,1.7782730597559000
New Mexico,2021,Male,White,539,100086,538.5368583018600,365,1.4754434474023600
New Mexico,2022,Female,American Indian/Alaska Native,15,9399,159.59144589850000,365,0.4372368380780820
New Mexico,2022,Female,Asian/Pacific Islander,,2108,,365,
New Mexico,2022,Female,Black,10,2083,480.07681228996600,365,1.31527893778073
New Mexico,2022,Female,White,293,110620,264.87072862050300,365,0.7256732290972680
New Mexico,2022,Male,American Indian/Alaska Native,29,7380,392.9539295392950,365,1.0765861083268400
New Mexico,2022,Male,Asian/Pacific Islander,0,140,0.0,365,0.0
New Mexico,2022,Male,Black,23,2355,976.6454352441610,365,2.6757409184771500
New Mexico,2022,Male,White,588,99468,591.1448908191580,365,1.6195750433401600
New Mexico,2023,Female,American Indian/Alaska Native,15,10144,147.87066246056800,365,0.40512510263169300
New Mexico,2023,Female,Asian/Pacific Islander,0,153,0.0,365,0.0
New Mexico,2023,Female,Black,,2303,,365,
New Mexico,2023,Female,White,297,113568,261.51732882502100,365,0.7164858323973180
New Mexico,2023,Male,American Indian/Alaska Native,33,8046,410.1416853094710,365,1.123675850162930
New Mexico,2023,Male,Asian/Pacific Islander,0,151,0.0,365,0.0
New Mexico,2023,Male,Black,16,2585,618.9555125725340,365,1.6957685275959800
New Mexico,2023,Male,White,607,101571,597.6115229740770,365,1.6372918437646000
New Mexico,2024,Female,American Indian/Alaska Native,20,10556,189.465706707086,366,0.5176658653199070
New Mexico,2024,Female,Asian/Pacific Islander,0,149,0.0,366,0.0
New Mexico,2024,Female,Black,,2363,,366,
New Mexico,2024,Female,White,325,114389,284.11822815130800,366,0.7762793118888200
New Mexico,2024,Male,American Indian/Alaska Native,30,8346,359.45363048166800,366,0.9821137444854310
New Mexico,2024,Male,Asian/Pacific Islander,0,173,0.0,366,0.0
New Mexico,2024,Male,Black,18,2656,677.710843373494,366,1.8516689709658300
New Mexico,2024,Male,White,625,101666,614.7581295615050,366,1.6796670206598500
New Mexico,2025,Female,American Indian/Alaska Native,24,10556,227.35884804850300,365,0.6229009535575430
New Mexico,2025,Female,Asian/Pacific Islander,,2169,,365,
New Mexico,2025,Female,Black,13,2363,550.148116800677,365,1.507255114522400
New Mexico,2025,Female,White,288,114389,251.77246063869800,365,0.6897875633936930
New Mexico,2025,Male,American Indian/Alaska Native,32,8346,383.4172058471120,365,1.0504580982112700
New Mexico,2025,Male,Asian/Pacific Islander,,1489,,365,
New Mexico,2025,Male,Black,11,2656,414.1566265060240,365,1.1346756890576000
New Mexico,2025,Male,White,581,101666,571.4791572403750,365,1.5656963212065100
New York,1999,Female,American Indian/Alaska Native,,2246,,365,
New York,1999,Female,Asian/Pacific Islander,77,25446,302.6015876758630,365,0.8290454456872950
New York,1999,Female,Black,811,98886,820.1363185890820,365,2.2469488180522800
New York,1999,Female,White,3173,586657,540.8611846445200,365,1.481811464779510
New York,1999,Male,American Indian/Alaska Native,10,1626,615.0061500615010,365,1.6849483563328800
New York,1999,Male,Asian/Pacific Islander,122,21559,565.8889558884920,365,1.5503807010643600
New York,1999,Male,Black,789,64139,1230.1407879761100,365,3.370248734181140
New York,1999,Male,White,4929,475328,1036.968156725460,365,2.8410086485629100
New York,2000,Female,American Indian/Alaska Native,,2435,,366,
New York,2000,Female,Asian/Pacific Islander,61,26754,228.00328922777900,366,0.622959806633276
New York,2000,Female,Black,716,100951,709.2549850917770,366,1.9378551505239800
New York,2000,Female,White,2967,584644,507.48831767708200,366,1.3865801029428500
New York,2000,Male,American Indian/Alaska Native,11,1777,619.0208216094540,366,1.6913137202444100
New York,2000,Male,Asian/Pacific Islander,111,22875,485.2459016393440,366,1.325808474424440
New York,2000,Male,Black,818,64798,1262.3846415012800,366,3.449138364757600
New York,2000,Male,White,4572,471812,969.0300373877730,366,2.647623052972060
New York,2001,Female,American Indian/Alaska Native,,2635,,365,
New York,2001,Female,Asian/Pacific Islander,62,28680,216.17852161785200,365,0.5922699222406910
New York,2001,Female,Black,698,103088,677.0914170417510,365,1.8550449781965800
New York,2001,Female,White,2888,572866,504.13185631543900,365,1.3811831679875000
New York,2001,Male,American Indian/Alaska Native,,1872,,365,
New York,2001,Male,Asian/Pacific Islander,112,24940,449.07778668805100,365,1.230350100515210
New York,2001,Male,Black,776,66865,1160.5473715695800,365,3.1795818399166600
New York,2001,Male,White,4173,466192,895.1247554655590,365,2.4523965903166000
New York,2002,Female,American Indian/Alaska Native,,2851,,365,
New York,2002,Female,Asian/Pacific Islander,81,30385,266.5789040645060,365,0.7303531618205630
New York,2002,Female,Black,733,105006,698.0553492181400,365,1.9124804088168200
New York,2002,Female,White,2774,564066,491.78642215627200,365,1.3473600607021200
New York,2002,Male,American Indian/Alaska Native,,2028,,365,
New York,2002,Male,Asian/Pacific Islander,122,26819,454.9013758902270,365,1.2463051394252800
New York,2002,Male,Black,744,68788,1081.5839972088200,365,2.963243827969360
New York,2002,Male,White,4173,460762,905.6736449620410,365,2.4812976574302500
New York,2003,Female,American Indian/Alaska Native,,2999,,365,
New York,2003,Female,Asian/Pacific Islander,63,31971,197.05357980670000,365,0.5398728213882190
New York,2003,Female,Black,716,107220,667.7858608468570,365,1.829550303690020
New York,2003,Female,White,2516,556681,451.9644104972150,365,1.2382586588964800
New York,2003,Male,American Indian/Alaska Native,15,2149,697.9990693345740,365,1.912326217355000
New York,2003,Male,Asian/Pacific Islander,118,28495,414.10773819968400,365,1.1345417484922900
New York,2003,Male,Black,776,70483,1100.9747031199000,365,3.016369049643570
New York,2003,Male,White,3793,456624,830.6615508602260,365,2.2757850708499400
New York,2004,Female,American Indian/Alaska Native,10,3156,316.85678073510800,366,0.8657289091123160
New York,2004,Female,Asian/Pacific Islander,97,33672,288.07317652649100,366,0.7870851817663680
New York,2004,Female,Black,681,108910,625.286934165825,366,1.7084342463547100
New York,2004,Female,White,2150,550190,390.7740962213050,366,1.0676887874899100
New York,2004,Male,American Indian/Alaska Native,,2241,,366,
New York,2004,Male,Asian/Pacific Islander,107,30181,354.5276829793580,366,0.9686548715283000
New York,2004,Male,Black,684,71881,951.5727382757610,366,2.5999255144146500
New York,2004,Male,White,3430,453992,755.5199210558780,366,2.064262079387640
New York,2005,Female,American Indian/Alaska Native,,3383,,365,
New York,2005,Female,Asian/Pacific Islander,70,35454,197.43893495797400,365,0.5409285889259550
New York,2005,Female,Black,644,110617,582.1889944583560,365,1.595038340981800
New York,2005,Female,White,2208,543513,406.2460327535860,365,1.1130028294618800
New York,2005,Male,American Indian/Alaska Native,,2429,,365,
New York,2005,Male,Asian/Pacific Islander,129,31910,404.26198683798200,365,1.1075670872273500
New York,2005,Male,Black,705,73776,955.5953155497720,365,2.6180693576706100
New York,2005,Male,White,3278,449849,728.6889600732690,365,1.9964081097897800
New York,2006,Female,American Indian/Alaska Native,,3541,,365,
New York,2006,Female,Asian/Pacific Islander,65,37159,174.92397534917500,365,0.479243768079932
New York,2006,Female,Black,646,111785,577.8950664221500,365,1.583274154581230
New York,2006,Female,White,1973,537714,366.92368061832100,365,1.0052703578584100
New York,2006,Male,American Indian/Alaska Native,,2619,,365,
New York,2006,Male,Asian/Pacific Islander,106,33376,317.5934803451580,365,0.87011912423331
New York,2006,Male,Black,713,74629,955.392675769473,365,2.617514180190340
New York,2006,Male,White,3068,446126,687.6980942603660,365,1.884104367836620
New York,2007,Female,American Indian/Alaska Native,,3770,,365,
New York,2007,Female,Asian/Pacific Islander,62,39326,157.65651223109400,365,0.43193564994820300
New York,2007,Female,Black,613,114104,537.2291944191260,365,1.4718608066277400
New York,2007,Female,White,1906,542307,351.46144158198200,365,0.9629080591287180
New York,2007,Male,American Indian/Alaska Native,,2805,,365,
New York,2007,Male,Asian/Pacific Islander,128,35144,364.2157978602320,365,0.9978515009869380
New York,2007,Male,Black,683,76188,896.466635165643,365,2.456072973056560
New York,2007,Male,White,3026,452497,668.7337153616490,365,1.8321471653743800
New York,2008,Female,American Indian/Alaska Native,,4063,,366,
New York,2008,Female,Asian/Pacific Islander,74,41182,179.69015589335100,366,0.49095671009112400
New York,2008,Female,Black,653,117559,555.4657661259450,366,1.517666027666520
New York,2008,Female,White,1913,558718,342.39097362175600,366,0.9354944634474200
New York,2008,Male,American Indian/Alaska Native,13,3048,426.50918635170600,366,1.1653256457696900
New York,2008,Male,Asian/Pacific Islander,143,36694,389.70948928980200,366,1.064780025381970
New York,2008,Male,Black,746,78082,955.4058553828030,366,2.610398511974870
New York,2008,Male,White,3037,467786,649.2284933709000,366,1.7738483425434400
New York,2009,Female,American Indian/Alaska Native,12,4365,274.9140893470790,365,0.7531892858824080
New York,2009,Female,Asian/Pacific Islander,60,43047,139.38253536831800,365,0.38186995991320100
New York,2009,Female,Black,590,120840,488.2489241972860,365,1.3376682854720200
New York,2009,Female,White,1836,570333,321.9171957435390,365,0.8819649198453130
New York,2009,Male,American Indian/Alaska Native,,3290,,365,
New York,2009,Male,Asian/Pacific Islander,150,38307,391.57334168689800,365,1.072803675854520
New York,2009,Male,Black,693,80447,861.4367223140700,365,2.360100609079640
New York,2009,Male,White,2960,478775,618.2444780951390,365,1.6938204879318900
New York,2010,Female,American Indian/Alaska Native,,4625,,365,
New York,2010,Female,Asian/Pacific Islander,74,44782,165.24496449466300,365,0.4527259301223640
New York,2010,Female,Black,529,122924,430.3472064039570,365,1.1790334422026200
New York,2010,Female,White,1722,577400,298.23346033945300,365,0.8170779735327470
New York,2010,Male,American Indian/Alaska Native,,3463,,365,
New York,2010,Male,Asian/Pacific Islander,122,39677,307.4829246162770,365,0.8424189715514420
New York,2010,Male,Black,682,81843,833.3027870434860,365,2.2830213343657100
New York,2010,Male,White,2780,485888,572.1483140147520,365,1.5675296274376800
New York,2011,Female,American Indian/Alaska Native,,4890,,365,
New York,2011,Female,Asian/Pacific Islander,64,47606,134.43683569298000,365,0.36832009778898600
New York,2011,Female,Black,516,126305,408.5348956890070,365,1.1192736868192000
New York,2011,Female,White,1708,589743,289.61768092202900,365,0.7934730984165170
New York,2011,Male,American Indian/Alaska Native,,3694,,365,
New York,2011,Male,Asian/Pacific Islander,112,41841,267.6800267680030,365,0.7333699363506920
New York,2011,Male,Black,642,84242,762.0901687994110,365,2.0879182706833200
New York,2011,Male,White,2874,498906,576.0604201993960,365,1.5782477265736900
New York,2012,Female,American Indian/Alaska Native,,5096,,366,
New York,2012,Female,Asian/Pacific Islander,59,51181,115.27715363123000,366,0.31496490063177700
New York,2012,Female,Black,539,130983,411.50378293366300,366,1.124327275775040
New York,2012,Female,White,1632,624963,261.1354592191860,366,0.713484861254606
New York,2012,Male,American Indian/Alaska Native,,3951,,366,
New York,2012,Male,Asian/Pacific Islander,105,44495,235.98157096303000,366,0.6447583906093700
New York,2012,Male,Black,658,87731,750.019947339025,366,2.04923482879515
New York,2012,Male,White,2861,532657,537.1186335671920,366,1.467537250183590
New York,2013,Female,American Indian/Alaska Native,,5405,,365,
New York,2013,Female,Asian/Pacific Islander,74,54874,134.85439370193500,365,0.3694640923340690
New York,2013,Female,Black,553,135277,408.7908513642380,365,1.119974935244490
New York,2013,Female,White,1724,648109,266.0046381087130,365,0.7287798304348310
New York,2013,Male,American Indian/Alaska Native,,4234,,365,
New York,2013,Male,Asian/Pacific Islander,128,48097,266.12886458614900,365,0.7291201769483530
New York,2013,Male,Black,670,91204,734.6169027674220,365,2.01264904867787
New York,2013,Male,White,3030,556922,544.0618255339170,365,1.4905803439285400
New York,2014,Female,American Indian/Alaska Native,,5699,,365,
New York,2014,Female,Asian/Pacific Islander,75,59442,126.17341273846800,365,0.34568058284511700
New York,2014,Female,Black,540,140547,384.2131102051270,365,1.0526386580962400
New York,2014,Female,White,1761,668568,263.3987866604440,365,0.7216405113984780
New York,2014,Male,American Indian/Alaska Native,,4544,,365,
New York,2014,Male,Asian/Pacific Islander,127,52213,243.23444352938900,365,0.6663957356969570
New York,2014,Male,Black,697,94791,735.301874650547,365,2.0145256839741000
New York,2014,Male,White,3000,576093,520.7492540266940,365,1.42671028500464
New York,2015,Female,American Indian/Alaska Native,,6079,,365,
New York,2015,Female,Asian/Pacific Islander,82,64113,127.89917801381900,365,0.3504087068871760
New York,2015,Female,Black,543,145462,373.2933687148530,365,1.022721558122890
New York,2015,Female,White,1790,688560,259.962820959684,365,0.7122269067388600
New York,2015,Male,American Indian/Alaska Native,,4831,,365,
New York,2015,Male,Asian/Pacific Islander,163,56546,288.26088494323200,365,0.7897558491595400
New York,2015,Male,Black,751,98666,761.1537915796730,365,2.0853528536429400
New York,2015,Male,White,3142,595791,527.366140139747,365,1.4448387401089000
New York,2016,Female,American Indian/Alaska Native,11,6422,171.28620367486800,366,0.4679950920078350
New York,2016,Female,Asian/Pacific Islander,87,66736,130.36442100215800,366,0.3561869426288460
New York,2016,Female,Black,569,149342,381.0046738358930,366,1.0409963766008000
New York,2016,Female,White,1849,709178,260.724387953377,366,0.7123617157196090
New York,2016,Male,American Indian/Alaska Native,12,5155,232.78370514064000,366,0.636021052296831
New York,2016,Male,Asian/Pacific Islander,158,58876,268.3606223248860,366,0.7332257440570660
New York,2016,Male,Black,750,102188,733.9413629780400,366,2.0053042704318000
New York,2016,Male,White,3315,615143,538.8990852533480,366,1.4724018722769100
New York,2017,Female,American Indian/Alaska Native,,6931,,365,
New York,2017,Female,Asian/Pacific Islander,91,71888,126.58580013354100,365,0.34681041132477000
New York,2017,Female,Black,624,155077,402.38075278732500,365,1.102413021335140
New York,2017,Female,White,1821,734406,247.95549055971800,365,0.6793301111225140
New York,2017,Male,American Indian/Alaska Native,,5533,,365,
New York,2017,Male,Asian/Pacific Islander,170,63745,266.68758333987000,365,0.7306509132599170
New York,2017,Male,Black,747,107308,696.1270361948780,365,1.9071973594380200
New York,2017,Male,White,3405,640060,531.9813767459300,365,1.4574832239614500
New York,2018,Female,American Indian/Alaska Native,,7155,,365,
New York,2018,Female,Asian/Pacific Islander,98,73865,132.67447370202400,365,0.3634917087726680
New York,2018,Female,Black,673,156191,430.8827013080140,365,1.1805005515288100
New York,2018,Female,White,1874,742096,252.5279748172740,365,0.6918574652528060
New York,2018,Male,American Indian/Alaska Native,10,5786,172.83097131005900,365,0.4735095104385170
New York,2018,Male,Asian/Pacific Islander,160,65443,244.48756933514700,365,0.6698289570825930
New York,2018,Male,Black,792,108924,727.1124820976090,365,1.9920889920482400
New York,2018,Male,White,3440,649660,529.5077425114680,365,1.4507061438670300
New York,2019,Female,American Indian/Alaska Native,,7530,,365,
New York,2019,Female,Asian/Pacific Islander,93,78076,119.11470874532500,365,0.32634166779541100
New York,2019,Female,Black,637,159964,398.21459828461400,365,1.0909988994099000
New York,2019,Female,White,1827,759107,240.67753294331400,365,0.6593905012145580
New York,2019,Male,American Indian/Alaska Native,,6135,,365,
New York,2019,Male,Asian/Pacific Islander,201,69465,289.35435111207100,365,0.7927516468823860
New York,2019,Male,Black,877,112660,778.4484289011180,365,2.1327354216469
New York,2019,Male,White,3599,666985,539.592344655427,365,1.4783351908367900
New York,2020,Female,American Indian/Alaska Native,,7947,,366,
New York,2020,Female,Asian/Pacific Islander,125,82778,151.00630602334000,366,0.41258553558289500
New York,2020,Female,Black,788,164087,480.23304710306100,366,1.312112150554810
New York,2020,Female,White,2108,776544,271.4591832529770,366,0.741691757521796
New York,2020,Male,American Indian/Alaska Native,,6528,,366,
New York,2020,Male,Asian/Pacific Islander,283,73419,385.45880494150000,366,1.0531661337199500
New York,2020,Male,Black,1141,116538,979.0797851344630,366,2.6750813801488000
New York,2020,Male,White,3829,684881,559.0752262071810,366,1.5275279404567800
New York,2021,Female,American Indian/Alaska Native,10,7268,137.58943313153600,365,0.37695735104530300
New York,2021,Female,Asian/Pacific Islander,109,86140,126.5381936382630,365,0.34667998257058400
New York,2021,Female,Black,701,168593,415.7942500578320,365,1.1391623289255700
New York,2021,Female,White,1991,810322,245.70479389674700,365,0.6731638188951980
New York,2021,Male,American Indian/Alaska Native,13,6308,206.08750792644300,365,0.564623309387514
New York,2021,Male,Asian/Pacific Islander,207,78365,264.14853569833500,365,0.723694618351602
New York,2021,Male,Black,954,123370,773.2836183837240,365,2.1185852558458200
New York,2021,Male,White,3735,731808,510.3797717434080,365,1.398300744502490
New York,2022,Female,American Indian/Alaska Native,,7520,,365,
New York,2022,Female,Asian/Pacific Islander,128,90569,141.32871070675400,365,0.3872019471417920
New York,2022,Female,Black,636,172032,369.6986607142860,365,1.0128730430528400
New York,2022,Female,White,1967,796520,246.94922914678900,365,0.6765732305391470
New York,2022,Male,American Indian/Alaska Native,14,6621,211.44842168856700,365,0.5793107443522380
New York,2022,Male,Asian/Pacific Islander,212,82120,258.1587920116900,365,0.7072843616758640
New York,2022,Male,Black,993,125725,789.8190495128260,365,2.1638878068844500
New York,2022,Male,White,3702,720627,513.7193027738340,365,1.4074501445858500
New York,2023,Female,American Indian/Alaska Native,,7896,,365,
New York,2023,Female,Asian/Pacific Islander,104,94192,110.41277390861200,365,0.302500750434554
New York,2023,Female,Black,691,177307,389.7195260198410,365,1.0677247288214800
New York,2023,Female,White,1796,810441,221.6077419577740,365,0.6071444985144480
New York,2023,Male,American Indian/Alaska Native,11,7055,155.9177888022680,365,0.4271720241158020
New York,2023,Male,Asian/Pacific Islander,237,85447,277.36491626388300,365,0.7599038801750220
New York,2023,Male,Black,963,131621,731.6461658853830,365,2.0045100435216000
New York,2023,Male,White,3595,735669,488.6708560507510,365,1.3388242631527400
New York,2024,Female,American Indian/Alaska Native,,8282,,366,
New York,2024,Female,Asian/Pacific Islander,111,99130,111.97417532533000,366,0.3059403697413400
New York,2024,Female,Black,686,183465,373.9132804622140,366,1.0216209848694400
New York,2024,Female,White,1812,821040,220.69570301081600,366,0.6029937240732670
New York,2024,Male,American Indian/Alaska Native,17,7516,226.1841405002660,366,0.6179894549187600
New York,2024,Male,Asian/Pacific Islander,244,89824,271.64232276451700,366,0.7421921387008670
New York,2024,Male,Black,1073,137073,782.7945693170790,366,2.1387829762761700
New York,2024,Male,White,3445,748433,460.2950431100710,366,1.257636729808940
New York,2025,Female,American Indian/Alaska Native,,8282,,365,
New York,2025,Female,Asian/Pacific Islander,106,99130,106.93029355391900,365,0.2929597083669020
New York,2025,Female,Black,677,183465,369.0077126427380,365,1.0109800346376400
New York,2025,Female,White,1744,821040,212.41352431063000,365,0.5819548611250150
New York,2025,Male,American Indian/Alaska Native,11,7516,146.35444385311300,365,0.40097107904962600
New York,2025,Male,Asian/Pacific Islander,236,89824,262.7360171001070,365,0.7198247043838550
New York,2025,Male,Black,1045,137073,762.3674976107620,365,2.0886780756459200
New York,2025,Male,White,3527,748433,471.25126764854000,365,1.2910993634206600
North Carolina,1999,Female,American Indian/Alaska Native,15,2220,675.6756756756760,365,1.8511662347278800
North Carolina,1999,Female,Asian/Pacific Islander,,1715,,365,
North Carolina,1999,Female,Black,374,51419,727.3575915517610,365,1.9927605247993500
North Carolina,1999,Female,White,1092,240974,453.1609219251870,365,1.2415367723977700
North Carolina,1999,Male,American Indian/Alaska Native,23,1601,1436.6021236727000,365,3.9358962292402900
North Carolina,1999,Male,Asian/Pacific Islander,,1134,,365,
North Carolina,1999,Male,Black,444,34125,1301.098901098900,365,3.5646545235586300
North Carolina,1999,Male,White,1827,198753,919.2314078278060,365,2.5184422132268700
North Carolina,2000,Female,American Indian/Alaska Native,11,2286,481.1898512685910,366,1.3147263695863200
North Carolina,2000,Female,Asian/Pacific Islander,,1994,,366,
North Carolina,2000,Female,Black,428,51292,834.438119004913,366,2.279885571051680
North Carolina,2000,Female,White,1041,240734,432.427492585177,366,1.181495881380270
North Carolina,2000,Male,American Indian/Alaska Native,18,1734,1038.0622837370200,366,2.836235747915370
North Carolina,2000,Male,Asian/Pacific Islander,,1378,,366,
North Carolina,2000,Male,Black,460,34212,1344.557465216880,366,3.6736542765488600
North Carolina,2000,Male,White,1879,200147,938.8099746686190,366,2.5650545755973200
North Carolina,2001,Female,American Indian/Alaska Native,19,2405,790.0207900207900,365,2.1644405206049000
North Carolina,2001,Female,Asian/Pacific Islander,,2236,,365,
North Carolina,2001,Female,Black,365,52219,698.9792987226870,365,1.9150117773224300
North Carolina,2001,Female,White,1019,242338,420.4870882816560,365,1.152019419949740
North Carolina,2001,Male,American Indian/Alaska Native,27,1819,1484.3320505772400,365,4.066663152266410
North Carolina,2001,Male,Asian/Pacific Islander,,1616,,365,
North Carolina,2001,Male,Black,450,35266,1276.0165598593500,365,3.4959357804365900
North Carolina,2001,Male,White,1783,202672,879.7465856161680,365,2.410264618126490
North Carolina,2002,Female,American Indian/Alaska Native,12,2446,490.5968928863450,365,1.3441010764009500
North Carolina,2002,Female,Asian/Pacific Islander,,2423,,365,
North Carolina,2002,Female,Black,353,52550,671.7411988582300,365,1.840386846186930
North Carolina,2002,Female,White,995,243637,408.39445568612300,365,1.1188889196880100
North Carolina,2002,Male,American Indian/Alaska Native,21,1896,1107.5949367088600,365,3.0345066759146900
North Carolina,2002,Male,Asian/Pacific Islander,,1793,,365,
North Carolina,2002,Male,Black,395,35944,1098.9316714889800,365,3.010771702709540
North Carolina,2002,Male,White,1722,204990,840.0409776086640,365,2.3014821304347000
North Carolina,2003,Female,American Indian/Alaska Native,19,2550,745.0980392156860,365,2.04136449100188
North Carolina,2003,Female,Asian/Pacific Islander,,2626,,365,
North Carolina,2003,Female,Black,369,53223,693.3092835804070,365,1.899477489261390
North Carolina,2003,Female,White,958,245902,389.5860952737270,365,1.0673591651335000
North Carolina,2003,Male,American Indian/Alaska Native,22,2038,1079.4896957801800,365,2.9575060158361000
North Carolina,2003,Male,Asian/Pacific Islander,,2021,,365,
North Carolina,2003,Male,Black,417,36892,1130.3263580180000,365,3.0967845425150600
North Carolina,2003,Male,White,1626,208080,781.4302191464820,365,2.1409047099903600
North Carolina,2004,Female,American Indian/Alaska Native,14,2689,520.6396429899590,366,1.4225126857649200
North Carolina,2004,Female,Asian/Pacific Islander,,2837,,366,
North Carolina,2004,Female,Black,310,53759,576.6476310943280,366,1.5755399756675600
North Carolina,2004,Female,White,851,248886,341.92361161334900,366,0.9342175180692600
North Carolina,2004,Male,American Indian/Alaska Native,18,2154,835.6545961002790,366,2.28320927896251
North Carolina,2004,Male,Asian/Pacific Islander,,2233,,366,
North Carolina,2004,Male,Black,403,37806,1065.9683648098200,366,2.9124818710650800
North Carolina,2004,Male,White,1505,211762,710.7035256561610,366,1.9418129116288600
North Carolina,2005,Female,American Indian/Alaska Native,13,2836,458.39210155148100,365,1.2558687713739200
North Carolina,2005,Female,Asian/Pacific Islander,,3033,,365,
North Carolina,2005,Female,Black,303,54934,551.5709760803870,365,1.511153359124350
North Carolina,2005,Female,White,892,253371,352.0529184476520,365,0.9645285436921970
North Carolina,2005,Male,American Indian/Alaska Native,22,2303,955.2757273122020,365,2.6171937734580900
North Carolina,2005,Male,Asian/Pacific Islander,,2531,,365,
North Carolina,2005,Male,Black,361,39124,922.7072896431860,365,2.5279651771046200
North Carolina,2005,Male,White,1464,217024,674.5797699793570,365,1.8481637533681000
North Carolina,2006,Female,American Indian/Alaska Native,,2975,,365,
North Carolina,2006,Female,Asian/Pacific Islander,,3400,,365,
North Carolina,2006,Female,Black,259,57501,450.42694909653700,365,1.2340464358809200
North Carolina,2006,Female,White,774,262342,295.034725663447,365,0.8083143168861560
North Carolina,2006,Male,American Indian/Alaska Native,26,2489,1044.5962233828800,365,2.861907461322970
North Carolina,2006,Male,Asian/Pacific Islander,,2845,,365,
North Carolina,2006,Male,Black,417,41275,1010.2967898243500,365,2.7679364104776700
North Carolina,2006,Male,White,1407,226199,622.0186649808350,365,1.7041607259748900
North Carolina,2007,Female,American Indian/Alaska Native,15,3177,472.1435316336170,365,1.2935439222838800
North Carolina,2007,Female,Asian/Pacific Islander,,3708,,365,
North Carolina,2007,Female,Black,296,59409,498.2410072547930,365,1.3650438554925800
North Carolina,2007,Female,White,779,271056,287.39448674812600,365,0.7873821554743170
North Carolina,2007,Male,American Indian/Alaska Native,21,2660,789.4736842105260,365,2.1629416005767800
North Carolina,2007,Male,Asian/Pacific Islander,,3079,,365,
North Carolina,2007,Male,Black,383,42984,891.0292201749490,365,2.4411759456847900
North Carolina,2007,Male,White,1395,235114,593.3291934976220,365,1.6255594342400600
North Carolina,2008,Female,American Indian/Alaska Native,13,3327,390.7424105801020,366,1.0676022146997300
North Carolina,2008,Female,Asian/Pacific Islander,,4034,,366,
North Carolina,2008,Female,Black,282,62077,454.2745300191700,366,1.241187240489540
North Carolina,2008,Female,White,736,283382,259.7200951366000,366,0.7096177462748640
North Carolina,2008,Male,American Indian/Alaska Native,15,2850,526.3157894736840,366,1.438021282714980
North Carolina,2008,Male,Asian/Pacific Islander,,3419,,366,
North Carolina,2008,Male,Black,390,45374,859.5230748887030,366,2.3484237018817000
North Carolina,2008,Male,White,1384,247375,559.4744820616470,366,1.5286188034471200
North Carolina,2009,Female,American Indian/Alaska Native,,3541,,365,
North Carolina,2009,Female,Asian/Pacific Islander,,4376,,365,
North Carolina,2009,Female,Black,284,63889,444.5209660504940,365,1.217865660412310
North Carolina,2009,Female,White,810,295283,274.31311656952800,365,0.7515427851219950
North Carolina,2009,Male,American Indian/Alaska Native,18,3027,594.6481665014870,365,1.6291730589081800
North Carolina,2009,Male,Asian/Pacific Islander,,3645,,365,
North Carolina,2009,Male,Black,383,47353,808.8188710324580,365,2.2159421124176900
North Carolina,2009,Male,White,1472,258391,569.679284495203,365,1.5607651630005600
North Carolina,2010,Female,American Indian/Alaska Native,15,3691,406.39393118396100,365,1.1134080306409900
North Carolina,2010,Female,Asian/Pacific Islander,,4635,,365,
North Carolina,2010,Female,Black,287,65728,436.6480038948390,365,1.1962959010817500
North Carolina,2010,Female,White,780,302367,257.9646588417390,365,0.7067524899773660
North Carolina,2010,Male,American Indian/Alaska Native,17,3200,531.25,365,1.4554794520547900
North Carolina,2010,Male,Asian/Pacific Islander,,3889,,365,
North Carolina,2010,Male,Black,397,48922,811.4958505375900,365,2.2232763028427100
North Carolina,2010,Male,White,1501,265135,566.1266901767030,365,1.5510320278813800
North Carolina,2011,Female,American Indian/Alaska Native,17,3935,432.0203303684880,365,1.1836173434753100
North Carolina,2011,Female,Asian/Pacific Islander,,5092,,365,
North Carolina,2011,Female,Black,254,68657,369.9549936641570,365,1.0135753251072800
North Carolina,2011,Female,White,764,313634,243.59603869478400,365,0.6673864073829710
North Carolina,2011,Male,American Indian/Alaska Native,26,3489,745.1991974777870,365,2.041641636925450
North Carolina,2011,Male,Asian/Pacific Islander,,4323,,365,
North Carolina,2011,Male,Black,393,51388,764.769985210555,365,2.0952602334535800
North Carolina,2011,Male,White,1481,276132,536.3376935668450,365,1.469418338539300
North Carolina,2012,Female,American Indian/Alaska Native,20,4220,473.93364928910000,366,1.2949006811177600
North Carolina,2012,Female,Asian/Pacific Islander,,5800,,366,
North Carolina,2012,Female,Black,300,73095,410.4247896572950,366,1.1213792067139200
North Carolina,2012,Female,White,839,337292,248.74589376563900,366,0.6796335895236050
North Carolina,2012,Male,American Indian/Alaska Native,23,3844,598.3350676378770,366,1.6347952667701600
North Carolina,2012,Male,Asian/Pacific Islander,,4751,,366,
North Carolina,2012,Male,Black,418,55201,757.2326588286440,366,2.068941690788650
North Carolina,2012,Male,White,1456,297918,488.72508542619100,366,1.335314441055170
North Carolina,2013,Female,American Indian/Alaska Native,14,4606,303.951367781155,365,0.8327434733730280
North Carolina,2013,Female,Asian/Pacific Islander,,6445,,365,
North Carolina,2013,Female,Black,284,78237,362.9996037680380,365,0.9945194623781870
North Carolina,2013,Female,White,895,354624,252.3799855621730,365,0.6914520152388300
North Carolina,2013,Male,American Indian/Alaska Native,30,4181,717.5316909830180,365,1.9658402492685400
North Carolina,2013,Male,Asian/Pacific Islander,11,5256,209.28462709284600,365,0.5733825399804010
North Carolina,2013,Male,Black,462,59257,779.6547243363650,365,2.1360403406475800
North Carolina,2013,Male,White,1610,314277,512.2869315921940,365,1.4035258399786100
North Carolina,2014,Female,American Indian/Alaska Native,14,4869,287.5333744095300,365,0.7877626696151500
North Carolina,2014,Female,Asian/Pacific Islander,,7136,,365,
North Carolina,2014,Female,Black,325,83620,388.6629992824680,365,1.0648301350204600
North Carolina,2014,Female,White,859,370408,231.9064383058680,365,0.6353601049475840
North Carolina,2014,Male,American Indian/Alaska Native,17,4418,384.78949751018600,365,1.054217801397770
North Carolina,2014,Male,Asian/Pacific Islander,11,5775,190.47619047619000,365,0.5218525766470970
North Carolina,2014,Male,Black,437,63247,690.9418628551550,365,1.8929914050826200
North Carolina,2014,Male,White,1631,328310,496.7865736651340,365,1.3610591059318700
North Carolina,2015,Female,American Indian/Alaska Native,22,5196,423.4026173979980,365,1.1600071709534200
North Carolina,2015,Female,Asian/Pacific Islander,,7926,,365,
North Carolina,2015,Female,Black,334,89329,373.8987338938080,365,1.0243800928597500
North Carolina,2015,Female,White,968,384284,251.8970344849120,365,0.6901288616024990
North Carolina,2015,Male,American Indian/Alaska Native,23,4647,494.9429739616960,365,1.3560081478402600
North Carolina,2015,Male,Asian/Pacific Islander,10,6348,157.52993068683000,365,0.43158885119679600
North Carolina,2015,Male,Black,493,67435,731.0743679098390,365,2.0029434737255900
North Carolina,2015,Male,White,1626,340261,477.868459799977,365,1.3092286569862400
North Carolina,2016,Female,American Indian/Alaska Native,17,5524,307.7480086893560,366,0.8408415537960530
North Carolina,2016,Female,Asian/Pacific Islander,,8362,,366,
North Carolina,2016,Female,Black,380,95156,399.3442347303380,366,1.091104466476330
North Carolina,2016,Female,White,970,398198,243.5974063154510,366,0.6655666839219980
North Carolina,2016,Male,American Indian/Alaska Native,25,4858,514.615067929189,366,1.406052098167180
North Carolina,2016,Male,Asian/Pacific Islander,14,6487,215.81624788037600,366,0.5896618794545800
North Carolina,2016,Male,Black,546,71253,766.2835249042150,366,2.0936708330716200
North Carolina,2016,Male,White,1795,351975,509.979401946161,366,1.393386344115190
North Carolina,2017,Female,American Indian/Alaska Native,13,5794,224.37003797031400,365,0.6147124327953810
North Carolina,2017,Female,Asian/Pacific Islander,13,9280,140.08620689655200,365,0.38379782711384000
North Carolina,2017,Female,Black,377,100767,374.13041968104600,365,1.025014848441220
North Carolina,2017,Female,White,974,413748,235.4089929135610,365,0.64495614496866
North Carolina,2017,Male,American Indian/Alaska Native,28,5158,542.8460643660330,365,1.4872494914137900
North Carolina,2017,Male,Asian/Pacific Islander,17,7075,240.2826855123680,365,0.6583087274311440
North Carolina,2017,Male,Black,544,75463,720.8830817751750,365,1.9750221418497900
North Carolina,2017,Male,White,1806,364196,495.88683016837100,365,1.3585940552558100
North Carolina,2018,Female,American Indian/Alaska Native,14,6249,224.03584573531800,365,0.6137968376310070
North Carolina,2018,Female,Asian/Pacific Islander,12,10005,119.94002998500700,365,0.32860282187673300
North Carolina,2018,Female,Black,384,105879,362.67815147479700,365,0.9936387711638270
North Carolina,2018,Female,White,955,424622,224.9059163208690,365,0.6161805926599150
North Carolina,2018,Male,American Indian/Alaska Native,28,5341,524.2463958060290,365,1.4362914953589800
North Carolina,2018,Male,Asian/Pacific Islander,,7452,,365,
North Carolina,2018,Male,Black,583,78918,738.7414784966680,365,2.0239492561552500
North Carolina,2018,Male,White,1880,371992,505.3872126282290,365,1.384622500351310
North Carolina,2019,Female,American Indian/Alaska Native,15,6676,224.68544038346300,365,0.6155765489957890
North Carolina,2019,Female,Asian/Pacific Islander,,10754,,365,
North Carolina,2019,Female,Black,385,111714,344.6300374169760,365,0.9441918833341790
North Carolina,2019,Female,White,1011,437988,230.82824186964000,365,0.6324061421086040
North Carolina,2019,Male,American Indian/Alaska Native,31,5626,551.0131532172060,365,1.5096250773074100
North Carolina,2019,Male,Asian/Pacific Islander,19,7933,239.50586159082300,365,0.656180442714584
North Carolina,2019,Male,Black,545,82996,656.6581522001060,365,1.799063430685220
North Carolina,2019,Male,White,1921,382821,501.8011028653080,365,1.3747975420967300
North Carolina,2020,Female,American Indian/Alaska Native,24,7061,339.8951989803140,366,0.9286754070500390
North Carolina,2020,Female,Asian/Pacific Islander,14,11543,121.28562765312300,366,0.3313814963200090
North Carolina,2020,Female,Black,423,117457,360.13179291144800,366,0.9839666472990400
North Carolina,2020,Female,White,1021,452662,225.55460807401500,366,0.6162694209672560
North Carolina,2020,Male,American Indian/Alaska Native,44,5779,761.3774009344180,366,2.0802661227716300
North Carolina,2020,Male,Asian/Pacific Islander,23,8518,270.01643578304800,366,0.7377498245438460
North Carolina,2020,Male,Black,678,86455,784.2230061881900,366,2.142685809257350
North Carolina,2020,Male,White,2023,395007,512.1428227854190,366,1.399297330014810
North Carolina,2021,Female,American Indian/Alaska Native,25,6932,360.6462781304100,365,0.9880719948778350
North Carolina,2021,Female,Asian/Pacific Islander,18,11375,158.24175824175800,365,0.43353906367605000
North Carolina,2021,Female,Black,456,118182,385.84556023760000,365,1.057111123938630
North Carolina,2021,Female,White,1140,451563,252.45646786827100,365,0.6916615558034820
North Carolina,2021,Male,American Indian/Alaska Native,33,5707,578.2372524969340,365,1.5842116506765300
North Carolina,2021,Male,Asian/Pacific Islander,21,8346,251.61754133716800,365,0.6893631269511440
North Carolina,2021,Male,Black,697,88607,786.6195673028090,365,2.1551221021994800
North Carolina,2021,Male,White,2176,401559,541.8879915529230,365,1.4846246343915700
North Carolina,2022,Female,American Indian/Alaska Native,27,6765,399.1130820399110,365,1.0934604987394800
North Carolina,2022,Female,Asian/Pacific Islander,18,12145,148.20913956360600,365,0.40605243716056600
North Carolina,2022,Female,Black,489,119915,407.7888504357250,365,1.1172297272211700
North Carolina,2022,Female,White,1170,452144,258.76711844014300,365,0.7089510094250490
North Carolina,2022,Male,American Indian/Alaska Native,38,5624,675.6756756756760,365,1.8511662347278800
North Carolina,2022,Male,Asian/Pacific Islander,24,8926,268.8774367017700,365,0.7366505115116990
North Carolina,2022,Male,Black,698,89651,778.5746952069690,365,2.1330813567314200
North Carolina,2022,Male,White,2124,401789,528.6356769349090,365,1.4483169231093400
North Carolina,2023,Female,American Indian/Alaska Native,24,7067,339.6066223291350,365,0.9304291022716040
North Carolina,2023,Female,Asian/Pacific Islander,11,12773,86.11915759805840,365,0.23594289752892700
North Carolina,2023,Female,Black,459,124205,369.5503401634400,365,1.012466685379290
North Carolina,2023,Female,White,1086,461006,235.5717713001570,365,0.645402113151114
North Carolina,2023,Male,American Indian/Alaska Native,38,5879,646.3684300051030,365,1.7708724109728800
North Carolina,2023,Male,Asian/Pacific Islander,24,9495,252.7646129541860,365,0.6925057889155790
North Carolina,2023,Male,Black,721,93104,774.402818353669,365,2.1216515571333400
North Carolina,2023,Male,White,2032,409910,495.7185723695450,365,1.3581330749850500
North Carolina,2024,Female,American Indian/Alaska Native,28,7264,385.4625550660790,366,1.0531763799619700
North Carolina,2024,Female,Asian/Pacific Islander,18,13734,131.06159895150700,366,0.35809180041395400
North Carolina,2024,Female,Black,506,128050,395.15814135103500,366,1.0796670528716800
North Carolina,2024,Female,White,1078,469765,229.4764403478340,366,0.6269848096935340
North Carolina,2024,Male,American Indian/Alaska Native,37,6045,612.0760959470640,366,1.6723390599646500
North Carolina,2024,Male,Asian/Pacific Islander,18,10356,173.81228273464700,366,0.4748969473624220
North Carolina,2024,Male,Black,686,96010,714.5089053223620,366,1.9522101238315900
North Carolina,2024,Male,White,2066,417598,494.7341701828070,366,1.3517327054175100
North Carolina,2025,Female,American Indian/Alaska Native,22,7264,302.86343612334800,365,0.8297628386941040
North Carolina,2025,Female,Asian/Pacific Islander,20,13734,145.62399883500800,365,0.3989698598219400
North Carolina,2025,Female,Black,518,128050,404.52948067161300,365,1.1082999470455100
North Carolina,2025,Female,White,1185,469765,252.25378646770200,365,0.6911062642950740
North Carolina,2025,Male,American Indian/Alaska Native,33,6045,545.9057071960300,365,1.4956320745096700
North Carolina,2025,Male,Asian/Pacific Islander,19,10356,183.46852066434900,365,0.5026534812721900
North Carolina,2025,Male,Black,785,96010,817.6231642537240,365,2.2400634637088300
North Carolina,2025,Male,White,2080,417598,498.0866766603290,365,1.3646210319461100
North Dakota,1999,Female,American Indian/Alaska Native,,454,,365,
North Dakota,1999,Female,Asian/Pacific Islander,0,40,0.0,365,0.0
North Dakota,1999,Female,Black,0,1,0.0,365,0.0
North Dakota,1999,Female,White,94,24136,389.459728206828,365,1.0670129539913100
North Dakota,1999,Male,American Indian/Alaska Native,,307,,365,
North Dakota,1999,Male,Asian/Pacific Islander,0,31,0.0,365,0.0
North Dakota,1999,Male,Black,0,0,nan,365,nan
North Dakota,1999,Male,White,171,21093,810.6954913952500,365,2.2210835380691800
North Dakota,2000,Female,American Indian/Alaska Native,,514,,366,
North Dakota,2000,Female,Asian/Pacific Islander,0,64,0.0,366,0.0
North Dakota,2000,Female,Black,0,19,0.0,366,0.0
North Dakota,2000,Female,White,85,23970,354.6099290780140,366,0.9688795876448480
North Dakota,2000,Male,American Indian/Alaska Native,,357,,366,
North Dakota,2000,Male,Asian/Pacific Islander,,48,,366,
North Dakota,2000,Male,Black,0,28,0.0,366,0.0
North Dakota,2000,Male,White,139,20901,665.0399502416150,366,1.817049044376000
North Dakota,2001,Female,American Indian/Alaska Native,,526,,365,
North Dakota,2001,Female,Asian/Pacific Islander,0,69,0.0,365,0.0
North Dakota,2001,Female,Black,0,24,0.0,365,0.0
North Dakota,2001,Female,White,73,23651,308.6550251574990,365,0.8456302059109550
North Dakota,2001,Male,American Indian/Alaska Native,,388,,365,
North Dakota,2001,Male,Asian/Pacific Islander,,51,,365,
North Dakota,2001,Male,Black,0,35,0.0,365,0.0
North Dakota,2001,Male,White,153,20545,744.7067412995860,365,2.040292441916680
North Dakota,2002,Female,American Indian/Alaska Native,,548,,365,
North Dakota,2002,Female,Asian/Pacific Islander,0,70,0.0,365,0.0
North Dakota,2002,Female,Black,0,26,0.0,365,0.0
North Dakota,2002,Female,White,68,23523,289.0787739659060,365,0.7919966410024820
North Dakota,2002,Male,American Indian/Alaska Native,,409,,365,
North Dakota,2002,Male,Asian/Pacific Islander,0,61,0.0,365,0.0
North Dakota,2002,Male,Black,0,38,0.0,365,0.0
North Dakota,2002,Male,White,171,20263,843.9026797611410,365,2.312062136331890
North Dakota,2003,Female,American Indian/Alaska Native,,564,,365,
North Dakota,2003,Female,Asian/Pacific Islander,0,77,0.0,365,0.0
North Dakota,2003,Female,Black,,27,,365,
North Dakota,2003,Female,White,65,23245,279.6300279630030,365,0.7661096656520630
North Dakota,2003,Male,American Indian/Alaska Native,,400,,365,
North Dakota,2003,Male,Asian/Pacific Islander,,62,,365,
North Dakota,2003,Male,Black,0,44,0.0,365,0.0
North Dakota,2003,Male,White,139,20114,691.0609525703490,365,1.8933176782749300
North Dakota,2004,Female,American Indian/Alaska Native,,588,,366,
North Dakota,2004,Female,Asian/Pacific Islander,0,76,0.0,366,0.0
North Dakota,2004,Female,Black,0,32,0.0,366,0.0
North Dakota,2004,Female,White,70,23003,304.3081337216890,366,0.8314429883106240
North Dakota,2004,Male,American Indian/Alaska Native,,423,,366,
North Dakota,2004,Male,Asian/Pacific Islander,0,62,0.0,366,0.0
North Dakota,2004,Male,Black,0,31,0.0,366,0.0
North Dakota,2004,Male,White,129,20079,642.4622740176300,366,1.7553614044197600
North Dakota,2005,Female,American Indian/Alaska Native,,587,,365,
North Dakota,2005,Female,Asian/Pacific Islander,0,89,0.0,365,0.0
North Dakota,2005,Female,Black,0,38,0.0,365,0.0
North Dakota,2005,Female,White,49,22677,216.07796445738000,365,0.5919944231709030
North Dakota,2005,Male,American Indian/Alaska Native,,435,,365,
North Dakota,2005,Male,Asian/Pacific Islander,0,67,0.0,365,0.0
North Dakota,2005,Male,Black,,50,,365,
North Dakota,2005,Male,White,104,19919,522.1145639841360,365,1.430450860230510
North Dakota,2006,Female,American Indian/Alaska Native,,618,,365,
North Dakota,2006,Female,Asian/Pacific Islander,0,95,0.0,365,0.0
North Dakota,2006,Female,Black,0,43,0.0,365,0.0
North Dakota,2006,Female,White,66,22740,290.23746701847000,365,0.7951711425163550
North Dakota,2006,Male,American Indian/Alaska Native,,464,,365,
North Dakota,2006,Male,Asian/Pacific Islander,0,68,0.0,365,0.0
North Dakota,2006,Male,Black,0,53,0.0,365,0.0
North Dakota,2006,Male,White,123,20043,613.6805867385120,365,1.6813166759959200
North Dakota,2007,Female,American Indian/Alaska Native,,624,,365,
North Dakota,2007,Female,Asian/Pacific Islander,0,102,0.0,365,0.0
North Dakota,2007,Female,Black,0,38,0.0,365,0.0
North Dakota,2007,Female,White,53,22704,233.43904157857600,365,0.6395590180234970
North Dakota,2007,Male,American Indian/Alaska Native,,479,,365,
North Dakota,2007,Male,Asian/Pacific Islander,0,76,0.0,365,0.0
North Dakota,2007,Male,Black,0,56,0.0,365,0.0
North Dakota,2007,Male,White,113,20371,554.7101271415250,365,1.5197537729904800
North Dakota,2008,Female,American Indian/Alaska Native,,656,,366,
North Dakota,2008,Female,Asian/Pacific Islander,0,99,0.0,366,0.0
North Dakota,2008,Female,Black,0,44,0.0,366,0.0
North Dakota,2008,Female,White,40,23100,173.16017316017300,366,0.4731152272135880
North Dakota,2008,Male,American Indian/Alaska Native,,508,,366,
North Dakota,2008,Male,Asian/Pacific Islander,0,80,0.0,366,0.0
North Dakota,2008,Male,Black,0,63,0.0,366,0.0
North Dakota,2008,Male,White,93,20789,447.3519649814810,366,1.222273128364700
North Dakota,2009,Female,American Indian/Alaska Native,,673,,365,
North Dakota,2009,Female,Asian/Pacific Islander,0,124,0.0,365,0.0
North Dakota,2009,Female,Black,0,42,0.0,365,0.0
North Dakota,2009,Female,White,60,23293,257.58811660155400,365,0.7057208674015180
North Dakota,2009,Male,American Indian/Alaska Native,,556,,365,
North Dakota,2009,Male,Asian/Pacific Islander,0,88,0.0,365,0.0
North Dakota,2009,Male,Black,,57,,365,
North Dakota,2009,Male,White,119,21441,555.011426705844,365,1.5205792512488900
North Dakota,2010,Female,American Indian/Alaska Native,,699,,365,
North Dakota,2010,Female,Asian/Pacific Islander,0,114,0.0,365,0.0
North Dakota,2010,Female,Black,,53,,365,
North Dakota,2010,Female,White,47,23470,200.2556455049000,365,0.5486456041230130
North Dakota,2010,Male,American Indian/Alaska Native,,591,,365,
North Dakota,2010,Male,Asian/Pacific Islander,0,85,0.0,365,0.0
North Dakota,2010,Male,Black,0,68,0.0,365,0.0
North Dakota,2010,Male,White,111,21793,509.3378607809850,365,1.395446193920510
North Dakota,2011,Female,American Indian/Alaska Native,0,720,0.0,365,0.0
North Dakota,2011,Female,Asian/Pacific Islander,0,125,0.0,365,0.0
North Dakota,2011,Female,Black,,62,,365,
North Dakota,2011,Female,White,46,23878,192.64595024708900,365,0.5277971239646280
North Dakota,2011,Male,American Indian/Alaska Native,,608,,365,
North Dakota,2011,Male,Asian/Pacific Islander,,81,,365,
North Dakota,2011,Male,Black,0,83,0.0,365,0.0
North Dakota,2011,Male,White,116,22268,520.9268906053530,365,1.4271969605626100
North Dakota,2012,Female,American Indian/Alaska Native,,747,,366,
North Dakota,2012,Female,Asian/Pacific Islander,0,149,0.0,366,0.0
North Dakota,2012,Female,Black,0,61,0.0,366,0.0
North Dakota,2012,Female,White,56,24771,226.07080860683900,366,0.6176798049367180
North Dakota,2012,Male,American Indian/Alaska Native,,623,,366,
North Dakota,2012,Male,Asian/Pacific Islander,0,109,0.0,366,0.0
North Dakota,2012,Male,Black,0,86,0.0,366,0.0
North Dakota,2012,Male,White,116,23422,495.2608658526170,366,1.353171764624640
North Dakota,2013,Female,American Indian/Alaska Native,,773,,365,
North Dakota,2013,Female,Asian/Pacific Islander,,176,,365,
North Dakota,2013,Female,Black,0,67,0.0,365,0.0
North Dakota,2013,Female,White,57,25452,223.95096652522400,365,0.6135642918499290
North Dakota,2013,Male,American Indian/Alaska Native,,643,,365,
North Dakota,2013,Male,Asian/Pacific Islander,0,117,0.0,365,0.0
North Dakota,2013,Male,Black,0,131,0.0,365,0.0
North Dakota,2013,Male,White,114,24626,462.9253634370180,365,1.2682886669507300
North Dakota,2014,Female,American Indian/Alaska Native,,816,,365,
North Dakota,2014,Female,Asian/Pacific Islander,0,256,0.0,365,0.0
North Dakota,2014,Female,Black,0,89,0.0,365,0.0
North Dakota,2014,Female,White,56,26246,213.36584622418700,365,0.5845639622580450
North Dakota,2014,Male,American Indian/Alaska Native,,657,,365,
North Dakota,2014,Male,Asian/Pacific Islander,0,174,0.0,365,0.0
North Dakota,2014,Male,Black,,162,,365,
North Dakota,2014,Male,White,111,25809,430.0825293502270,365,1.1783082995896600
North Dakota,2015,Female,American Indian/Alaska Native,,880,,365,
North Dakota,2015,Female,Asian/Pacific Islander,0,285,0.0,365,0.0
North Dakota,2015,Female,Black,,106,,365,
North Dakota,2015,Female,White,57,27171,209.7824886827870,365,0.5747465443364020
North Dakota,2015,Male,American Indian/Alaska Native,,679,,365,
North Dakota,2015,Male,Asian/Pacific Islander,0,214,0.0,365,0.0
North Dakota,2015,Male,Black,0,194,0.0,365,0.0
North Dakota,2015,Male,White,122,27067,450.7333653526430,365,1.2348859324730000
North Dakota,2016,Female,American Indian/Alaska Native,,948,,366,
North Dakota,2016,Female,Asian/Pacific Islander,0,323,0.0,366,0.0
North Dakota,2016,Female,Black,0,140,0.0,366,0.0
North Dakota,2016,Female,White,61,28335,215.28145403211600,366,0.588200694076819
North Dakota,2016,Male,American Indian/Alaska Native,11,689,1596.5166908563100,366,4.362067461356050
North Dakota,2016,Male,Asian/Pacific Islander,0,236,0.0,366,0.0
North Dakota,2016,Male,Black,0,209,0.0,366,0.0
North Dakota,2016,Male,White,127,28330,448.2880338863400,366,1.2248306936785200
North Dakota,2017,Female,American Indian/Alaska Native,,971,,365,
North Dakota,2017,Female,Asian/Pacific Islander,0,299,0.0,365,0.0
North Dakota,2017,Female,Black,,126,,365,
North Dakota,2017,Female,White,54,29426,183.51118058859500,365,0.5027703577769730
North Dakota,2017,Male,American Indian/Alaska Native,12,736,1630.4347826087000,365,4.466944609886840
North Dakota,2017,Male,Asian/Pacific Islander,,218,,365,
North Dakota,2017,Male,Black,,233,,365,
North Dakota,2017,Male,White,110,29741,369.8597895161560,365,1.0133144918250900
North Dakota,2018,Female,American Indian/Alaska Native,,1028,,365,
North Dakota,2018,Female,Asian/Pacific Islander,,318,,365,
North Dakota,2018,Female,Black,0,158,0.0,365,0.0
North Dakota,2018,Female,White,64,30537,209.58181877722100,365,0.5741967637732080
North Dakota,2018,Male,American Indian/Alaska Native,12,779,1540.436456996150,365,4.220373854783970
North Dakota,2018,Male,Asian/Pacific Islander,0,227,0.0,365,0.0
North Dakota,2018,Male,Black,,255,,365,
North Dakota,2018,Male,White,155,30920,501.2936610608020,365,1.37340729057754
North Dakota,2019,Female,American Indian/Alaska Native,,1075,,365,
North Dakota,2019,Female,Asian/Pacific Islander,,301,,365,
North Dakota,2019,Female,Black,0,182,0.0,365,0.0
North Dakota,2019,Female,White,68,31763,214.08557126216000,365,0.5865358116771520
North Dakota,2019,Male,American Indian/Alaska Native,13,805,1614.9068322981400,365,4.424402280268870
North Dakota,2019,Male,Asian/Pacific Islander,0,203,0.0,365,0.0
North Dakota,2019,Male,Black,0,271,0.0,365,0.0
North Dakota,2019,Male,White,143,32064,445.9830339321360,365,1.2218713258414700
North Dakota,2020,Female,American Indian/Alaska Native,,1120,,366,
North Dakota,2020,Female,Asian/Pacific Islander,0,285,0.0,366,0.0
North Dakota,2020,Female,Black,0,184,0.0,366,0.0
North Dakota,2020,Female,White,51,33277,153.25900772305200,366,0.4187404582597050
North Dakota,2020,Male,American Indian/Alaska Native,18,837,2150.537634408600,366,5.875785886362300
North Dakota,2020,Male,Asian/Pacific Islander,0,204,0.0,366,0.0
North Dakota,2020,Male,Black,,297,,366,
North Dakota,2020,Male,White,173,33454,517.1279966521190,366,1.4129180236396700
North Dakota,2021,Female,American Indian/Alaska Native,11,1152,954.8611111111110,365,2.6160578386605800
North Dakota,2021,Female,Asian/Pacific Islander,0,265,0.0,365,0.0
North Dakota,2021,Female,Black,,193,,365,
North Dakota,2021,Female,White,78,34662,225.0302925393800,365,0.6165213494229600
North Dakota,2021,Male,American Indian/Alaska Native,,865,,365,
North Dakota,2021,Male,Asian/Pacific Islander,0,198,0.0,365,0.0
North Dakota,2021,Male,Black,,320,,365,
North Dakota,2021,Male,White,158,35549,444.456946749557,365,1.2176902650672800
North Dakota,2022,Female,American Indian/Alaska Native,13,1142,1138.353765323990,365,3.1187774392438200
North Dakota,2022,Female,Asian/Pacific Islander,0,24,0.0,365,0.0
North Dakota,2022,Female,Black,0,214,0.0,365,0.0
North Dakota,2022,Female,White,80,35276,226.78308198208400,365,0.6213235122796830
North Dakota,2022,Male,American Indian/Alaska Native,16,830,1927.710843373490,365,5.281399570886290
North Dakota,2022,Male,Asian/Pacific Islander,0,13,0.0,365,0.0
North Dakota,2022,Male,Black,,360,,365,
North Dakota,2022,Male,White,171,36087,473.8548507772880,365,1.2982324678829800
North Dakota,2023,Female,American Indian/Alaska Native,11,1193,922.0452640402350,365,2.52615140832941
North Dakota,2023,Female,Asian/Pacific Islander,,253,,365,
North Dakota,2023,Female,Black,,230,,365,
North Dakota,2023,Female,White,67,36589,183.11514389570600,365,0.5016853257416610
North Dakota,2023,Male,American Indian/Alaska Native,,912,,365,
North Dakota,2023,Male,Asian/Pacific Islander,0,14,0.0,365,0.0
North Dakota,2023,Male,Black,,405,,365,
North Dakota,2023,Male,White,163,37271,437.33734002307400,365,1.198184493213900
North Dakota,2024,Female,American Indian/Alaska Native,,1248,,366,
North Dakota,2024,Female,Asian/Pacific Islander,0,256,0.0,366,0.0
North Dakota,2024,Female,Black,0,237,0.0,366,0.0
North Dakota,2024,Female,White,88,37649,233.7379478870620,366,0.6386282729154700
North Dakota,2024,Male,American Indian/Alaska Native,14,948,1476.7932489451500,366,4.034954232090570
North Dakota,2024,Male,Asian/Pacific Islander,0,16,0.0,366,0.0
North Dakota,2024,Male,Black,,453,,366,
North Dakota,2024,Male,White,167,38041,439.00002628742700,366,1.1994536237361400
North Dakota,2025,Female,American Indian/Alaska Native,,1248,,365,
North Dakota,2025,Female,Asian/Pacific Islander,0,21,0.0,365,0.0
North Dakota,2025,Female,Black,,237,,365,
North Dakota,2025,Female,White,73,37649,193.89625222449500,365,0.531222608834232
North Dakota,2025,Male,American Indian/Alaska Native,13,948,1371.308016877640,365,3.757008265418180
North Dakota,2025,Male,Asian/Pacific Islander,0,16,0.0,365,0.0
North Dakota,2025,Male,Black,,453,,365,
North Dakota,2025,Male,White,170,38041,446.8862543045660,365,1.2243459022042900
Ohio,1999,Female,American Indian/Alaska Native,,547,,365,
Ohio,1999,Female,Asian/Pacific Islander,,2575,,365,
Ohio,1999,Female,Black,326,42164,773.1714258609240,365,2.118277879071030
Ohio,1999,Female,White,2097,396507,528.8683428035320,365,1.4489543638452900
Ohio,1999,Male,American Indian/Alaska Native,0,430,0.0,365,0.0
Ohio,1999,Male,Asian/Pacific Islander,10,1825,547.945205479452,365,1.5012197410395900
Ohio,1999,Male,Black,429,30871,1389.6537203200400,365,3.807270466630250
Ohio,1999,Male,White,3274,321149,1019.4644853323500,365,2.793053384472200
Ohio,2000,Female,American Indian/Alaska Native,,637,,366,
Ohio,2000,Female,Asian/Pacific Islander,,2760,,366,
Ohio,2000,Female,Black,368,42083,874.462371979184,366,2.389241453495040
Ohio,2000,Female,White,2000,391962,510.25354498650400,366,1.3941353688155800
Ohio,2000,Male,American Indian/Alaska Native,,544,,366,
Ohio,2000,Male,Asian/Pacific Islander,,2065,,366,
Ohio,2000,Male,Black,410,30622,1338.9066684083300,366,3.6582149410063800
Ohio,2000,Male,White,3003,319579,939.6737582882480,366,2.567414640131830
Ohio,2001,Female,American Indian/Alaska Native,,643,,365,
Ohio,2001,Female,Asian/Pacific Islander,,2984,,365,
Ohio,2001,Female,Black,333,42305,787.1409998818110,365,2.156550684607700
Ohio,2001,Female,White,1877,384921,487.63252719389200,365,1.3359795265586100
Ohio,2001,Male,American Indian/Alaska Native,,555,,365,
Ohio,2001,Male,Asian/Pacific Islander,,2332,,365,
Ohio,2001,Male,Black,395,30965,1275.6337800742800,365,3.49488706869665
Ohio,2001,Male,White,3001,316568,947.9795810062930,365,2.597204331524090
Ohio,2002,Female,American Indian/Alaska Native,0,645,0.0,365,0.0
Ohio,2002,Female,Asian/Pacific Islander,,3158,,365,
Ohio,2002,Female,Black,276,42080,655.893536121673,365,1.7969685921141700
Ohio,2002,Female,White,1809,379571,476.59067736997800,365,1.30572788320542
Ohio,2002,Male,American Indian/Alaska Native,,570,,365,
Ohio,2002,Male,Asian/Pacific Islander,,2596,,365,
Ohio,2002,Male,Black,328,30946,1059.9108123828600,365,2.903865239405100
Ohio,2002,Male,White,2747,313701,875.6746073490360,365,2.399108513285030
Ohio,2003,Female,American Indian/Alaska Native,,651,,365,
Ohio,2003,Female,Asian/Pacific Islander,,3360,,365,
Ohio,2003,Female,Black,285,42218,675.0675067506750,365,1.8495000184950000
Ohio,2003,Female,White,1697,376850,450.31179514395700,365,1.2337309455998800
Ohio,2003,Male,American Indian/Alaska Native,,618,,365,
Ohio,2003,Male,Asian/Pacific Islander,,2808,,365,
Ohio,2003,Male,Black,350,31019,1128.3406944131000,365,3.091344368255070
Ohio,2003,Male,White,2567,313546,818.6996485364190,365,2.243012735716220
Ohio,2004,Female,American Indian/Alaska Native,,681,,366,
Ohio,2004,Female,Asian/Pacific Islander,,3587,,366,
Ohio,2004,Female,Black,284,42193,673.0974332235210,366,1.8390640252008800
Ohio,2004,Female,White,1584,375401,421.94879608738400,366,1.1528655630802800
Ohio,2004,Male,American Indian/Alaska Native,,634,,366,
Ohio,2004,Male,Asian/Pacific Islander,,3087,,366,
Ohio,2004,Male,Black,354,31106,1138.0441072461900,366,3.109410129087950
Ohio,2004,Male,White,2325,313842,740.8186284818480,366,2.0240946133383800
Ohio,2005,Female,American Indian/Alaska Native,0,716,0.0,365,0.0
Ohio,2005,Female,Asian/Pacific Islander,,3820,,365,
Ohio,2005,Female,Black,261,42316,616.787976179223,365,1.6898300717239000
Ohio,2005,Female,White,1423,373934,380.54843902934700,365,1.0425984630941000
Ohio,2005,Male,American Indian/Alaska Native,0,679,0.0,365,0.0
Ohio,2005,Male,Asian/Pacific Islander,,3358,,365,
Ohio,2005,Male,Black,333,31044,1072.6710475454200,365,2.9388247877956700
Ohio,2005,Male,White,2295,313794,731.3715367406640,365,2.00375763490593
Ohio,2006,Female,American Indian/Alaska Native,,745,,365,
Ohio,2006,Female,Asian/Pacific Islander,,4111,,365,
Ohio,2006,Female,Black,222,42627,520.7966781617280,365,1.4268402141417200
Ohio,2006,Female,White,1417,376520,376.34123021353400,365,1.0310718635987200
Ohio,2006,Male,American Indian/Alaska Native,,706,,365,
Ohio,2006,Male,Asian/Pacific Islander,,3669,,365,
Ohio,2006,Male,Black,334,31334,1065.9347673453800,365,2.920369225603770
Ohio,2006,Male,White,2125,317228,669.8652073587450,365,1.8352471434486200
Ohio,2007,Female,American Indian/Alaska Native,,781,,365,
Ohio,2007,Female,Asian/Pacific Islander,,4341,,365,
Ohio,2007,Female,Black,235,43046,545.9276123217020,365,1.495692088552610
Ohio,2007,Female,White,1257,383072,328.1367471389190,365,0.89900478668197
Ohio,2007,Male,American Indian/Alaska Native,,730,,365,
Ohio,2007,Male,Asian/Pacific Islander,,3918,,365,
Ohio,2007,Male,Black,282,31541,894.0743793792210,365,2.4495188476143000
Ohio,2007,Male,White,2015,325202,619.6148855173090,365,1.6975750288145500
Ohio,2008,Female,American Indian/Alaska Native,0,827,0.0,366,0.0
Ohio,2008,Female,Asian/Pacific Islander,,4717,,366,
Ohio,2008,Female,Black,224,43640,513.2905591200730,366,1.4024332216395400
Ohio,2008,Female,White,1347,395416,340.6538936208960,366,0.9307483432264900
Ohio,2008,Male,American Indian/Alaska Native,,799,,366,
Ohio,2008,Male,Asian/Pacific Islander,,4158,,366,
Ohio,2008,Male,Black,299,32158,929.7841905591140,366,2.540393963276270
Ohio,2008,Male,White,2169,338046,641.6286540884970,366,1.7530837543401600
Ohio,2009,Female,American Indian/Alaska Native,,892,,365,
Ohio,2009,Female,Asian/Pacific Islander,,4877,,365,
Ohio,2009,Female,Black,247,44102,560.0653031608540,365,1.5344254881119300
Ohio,2009,Female,White,1284,404571,317.3732175563750,365,0.8695156645380120
Ohio,2009,Male,American Indian/Alaska Native,,823,,365,
Ohio,2009,Male,Asian/Pacific Islander,,4440,,365,
Ohio,2009,Male,Black,258,32615,791.0470642342480,365,2.167252230778760
Ohio,2009,Male,White,1915,347361,551.2996565532690,365,1.5104100179541600
Ohio,2010,Female,American Indian/Alaska Native,,931,,365,
Ohio,2010,Female,Asian/Pacific Islander,12,5124,234.192037470726,365,0.6416220204677420
Ohio,2010,Female,Black,191,44490,429.3099572937740,365,1.1761916638185600
Ohio,2010,Female,White,1285,408750,314.37308868501500,365,0.8612961333836040
Ohio,2010,Male,American Indian/Alaska Native,,843,,365,
Ohio,2010,Male,Asian/Pacific Islander,,4587,,365,
Ohio,2010,Male,Black,256,33000,775.7575757575760,365,2.125363221253630
Ohio,2010,Male,White,2090,352509,592.8926637334080,365,1.6243634622833100
Ohio,2011,Female,American Indian/Alaska Native,,997,,365,
Ohio,2011,Female,Asian/Pacific Islander,,5580,,365,
Ohio,2011,Female,Black,219,45373,482.665902629317,365,1.3223723359707300
Ohio,2011,Female,White,1270,415830,305.4132698458510,365,0.8367486845091790
Ohio,2011,Male,American Indian/Alaska Native,,911,,365,
Ohio,2011,Male,Asian/Pacific Islander,14,4960,282.258064516129,365,0.7733097657976140
Ohio,2011,Male,Black,304,33797,899.4881202473590,365,2.464351014376330
Ohio,2011,Male,White,2007,361824,554.6895728309900,365,1.5196974598109300
Ohio,2012,Female,American Indian/Alaska Native,,1109,,366,
Ohio,2012,Female,Asian/Pacific Islander,,6024,,366,
Ohio,2012,Female,Black,226,47330,477.4984153813650,366,1.3046404791840600
Ohio,2012,Female,White,1267,441008,287.2963755759530,366,0.7849627747976870
Ohio,2012,Male,American Indian/Alaska Native,,1016,,366,
Ohio,2012,Male,Asian/Pacific Islander,10,5145,194.3634596695820,366,0.5310477040152520
Ohio,2012,Male,Black,265,35428,747.9959354183130,366,2.0437047415800900
Ohio,2012,Male,White,2259,386810,584.007652335772,366,1.5956493233217800
Ohio,2013,Female,American Indian/Alaska Native,,1209,,365,
Ohio,2013,Female,Asian/Pacific Islander,,6607,,365,
Ohio,2013,Female,Black,255,49659,513.5020842143420,365,1.406855025244770
Ohio,2013,Female,White,1360,458863,296.3847597213110,365,0.8120130403323590
Ohio,2013,Male,American Indian/Alaska Native,,1138,,365,
Ohio,2013,Male,Asian/Pacific Islander,13,5450,238.53211009174300,365,0.6535126303883370
Ohio,2013,Male,Black,317,37093,854.6086862750390,365,2.3413936610275000
Ohio,2013,Male,White,2326,405043,574.2600168377190,365,1.5733151146238900
Ohio,2014,Female,American Indian/Alaska Native,,1321,,365,
Ohio,2014,Female,Asian/Pacific Islander,11,7260,151.5151515151520,365,0.4151100041511
Ohio,2014,Female,Black,224,52416,427.35042735042700,365,1.170823088631310
Ohio,2014,Female,White,1381,476612,289.75351019277700,365,0.7938452334048700
Ohio,2014,Male,American Indian/Alaska Native,,1210,,365,
Ohio,2014,Male,Asian/Pacific Islander,,5751,,365,
Ohio,2014,Male,Black,322,39114,823.2346474408140,365,2.255437390248810
Ohio,2014,Male,White,2476,422074,586.6269895800260,365,1.6071972317261000
Ohio,2015,Female,American Indian/Alaska Native,,1421,,365,
Ohio,2015,Female,Asian/Pacific Islander,,7942,,365,
Ohio,2015,Female,Black,249,55027,452.5051338433860,365,1.2397400927216100
Ohio,2015,Female,White,1503,493180,304.75688389634600,365,0.8349503668393050
Ohio,2015,Male,American Indian/Alaska Native,,1313,,365,
Ohio,2015,Male,Asian/Pacific Islander,11,6230,176.5650080256820,365,0.4837397480155680
Ohio,2015,Male,Black,361,41094,878.4737431255170,365,2.4067773784260700
Ohio,2015,Male,White,2569,438522,585.8314976215560,365,1.6050178017028900
Ohio,2016,Female,American Indian/Alaska Native,,1515,,366,
Ohio,2016,Female,Asian/Pacific Islander,,8359,,366,
Ohio,2016,Female,Black,282,57555,489.9661193640870,366,1.3387052441641700
Ohio,2016,Female,White,1460,508865,286.9130319436390,366,0.7839153878241510
Ohio,2016,Male,American Indian/Alaska Native,,1427,,366,
Ohio,2016,Male,Asian/Pacific Islander,10,6524,153.28019619865100,366,0.4187983502695390
Ohio,2016,Male,Black,380,43142,880.8122015669190,366,2.4065907146637100
Ohio,2016,Male,White,2610,453643,575.3422845717890,366,1.571973455114180
Ohio,2017,Female,American Indian/Alaska Native,,1592,,365,
Ohio,2017,Female,Asian/Pacific Islander,13,9080,143.1718061674010,365,0.39225152374630400
Ohio,2017,Female,Black,258,60271,428.0665660101870,365,1.1727851123566800
Ohio,2017,Female,White,1597,525920,303.65835108001200,365,0.8319406878904440
Ohio,2017,Male,American Indian/Alaska Native,,1527,,365,
Ohio,2017,Male,Asian/Pacific Islander,15,7015,213.82751247327200,365,0.5858288012966350
Ohio,2017,Male,Black,402,45457,884.3522449787710,365,2.4228828629555400
Ohio,2017,Male,White,2626,469729,559.0457476544990,365,1.531632185354790
Ohio,2018,Female,American Indian/Alaska Native,,1696,,365,
Ohio,2018,Female,Asian/Pacific Islander,15,9536,157.2986577181210,365,0.4309552266249890
Ohio,2018,Female,Black,278,62428,445.3130005766640,365,1.2200356180182600
Ohio,2018,Female,White,1620,538329,300.93121492618800,365,0.8244690819895570
Ohio,2018,Male,American Indian/Alaska Native,,1617,,365,
Ohio,2018,Male,Asian/Pacific Islander,13,7398,175.72316842389800,365,0.48143333814766700
Ohio,2018,Male,Black,436,47327,921.2500264119850,365,2.5239726751013300
Ohio,2018,Male,White,2960,482044,614.0518292935920,365,1.6823337788865500
Ohio,2019,Female,American Indian/Alaska Native,,1860,,365,
Ohio,2019,Female,Asian/Pacific Islander,,9888,,365,
Ohio,2019,Female,Black,313,65450,478.22765469824300,365,1.3102127525979300
Ohio,2019,Female,White,1658,555411,298.51767429885300,365,0.8178566419146650
Ohio,2019,Male,American Indian/Alaska Native,,1705,,365,
Ohio,2019,Male,Asian/Pacific Islander,22,7708,285.4177477944990,365,0.7819664323136960
Ohio,2019,Male,Black,467,49507,943.3009473407800,365,2.5843861570980300
Ohio,2019,Male,White,2927,497714,588.0887417271770,365,1.611202032129250
Ohio,2020,Female,American Indian/Alaska Native,,2023,,366,
Ohio,2020,Female,Asian/Pacific Islander,17,10375,163.85542168674700,366,0.44769240898018300
Ohio,2020,Female,Black,389,68306,569.4960911193750,366,1.5560002489600400
Ohio,2020,Female,White,1779,575587,309.07577829242100,366,0.8444693395967800
Ohio,2020,Male,American Indian/Alaska Native,,1842,,366,
Ohio,2020,Male,Asian/Pacific Islander,10,7958,125.65971349585300,366,0.34333255053511800
Ohio,2020,Male,Black,560,51963,1077.6898947327900,366,2.944507909105990
Ohio,2020,Male,White,3217,515182,624.4395184614370,366,1.7061189029001000
Ohio,2021,Female,American Indian/Alaska Native,,1756,,365,
Ohio,2021,Female,Asian/Pacific Islander,10,10214,97.90483649892310,365,0.26823242876417300
Ohio,2021,Female,Black,384,69923,549.1755216452380,365,1.5045904702609300
Ohio,2021,Female,White,1908,586990,325.0481268846150,365,0.8905428133825060
Ohio,2021,Male,American Indian/Alaska Native,,1675,,365,
Ohio,2021,Male,Asian/Pacific Islander,12,7880,152.28426395939100,365,0.4172171615325780
Ohio,2021,Male,Black,563,54064,1041.3583900562300,365,2.8530366850855600
Ohio,2021,Male,White,3465,536470,645.8888661062130,365,1.7695585372773000
Ohio,2022,Female,American Indian/Alaska Native,,1828,,365,
Ohio,2022,Female,Asian/Pacific Islander,13,10603,122.60680939356800,365,0.33590906683169300
Ohio,2022,Female,Black,369,71319,517.393681908047,365,1.4175169367343800
Ohio,2022,Female,White,1897,587245,323.03382744851000,365,0.8850241847904370
Ohio,2022,Male,American Indian/Alaska Native,,1721,,365,
Ohio,2022,Male,Asian/Pacific Islander,20,8265,241.98427102238400,365,0.6629706055407770
Ohio,2022,Male,Black,570,54895,1038.3459331451000,365,2.8447833784797100
Ohio,2022,Male,White,3377,535709,630.3795530782570,365,1.7270672687075500
Ohio,2023,Female,American Indian/Alaska Native,,1919,,365,
Ohio,2023,Female,Asian/Pacific Islander,15,10952,136.96128560993400,365,0.3752363989313270
Ohio,2023,Female,Black,341,74300,458.95020188425300,365,1.2573978133815200
Ohio,2023,Female,White,1686,600387,280.81887182767100,365,0.769366772130606
Ohio,2023,Male,American Indian/Alaska Native,,1838,,365,
Ohio,2023,Male,Asian/Pacific Islander,18,8631,208.55057351407700,365,0.5713714342851430
Ohio,2023,Male,Black,518,57360,903.068340306834,365,2.4741598364570800
Ohio,2023,Male,White,3139,547940,572.8729422929520,365,1.5695149103916500
Ohio,2024,Female,American Indian/Alaska Native,,2003,,366,
Ohio,2024,Female,Asian/Pacific Islander,,11538,,366,
Ohio,2024,Female,Black,386,76406,505.19592702143800,366,1.3803167404957300
Ohio,2024,Female,White,1835,608489,301.56666759793500,366,0.8239526437102060
Ohio,2024,Male,American Indian/Alaska Native,,1957,,366,
Ohio,2024,Male,Asian/Pacific Islander,21,9312,225.51546391752600,366,0.6161624697200160
Ohio,2024,Male,Black,529,59316,891.8335693573400,366,2.436703741413500
Ohio,2024,Male,White,3183,554913,573.603429726822,366,1.5672224855924100
Ohio,2025,Female,American Indian/Alaska Native,,2003,,365,
Ohio,2025,Female,Asian/Pacific Islander,0,285,0.0,365,0.0
Ohio,2025,Female,Black,346,76406,452.84401748553800,365,1.240668541056270
Ohio,2025,Female,White,1809,608489,297.2937883840140,365,0.8145035298192150
Ohio,2025,Male,American Indian/Alaska Native,,1957,,365,
Ohio,2025,Male,Asian/Pacific Islander,16,9312,171.82130584192400,365,0.4707433036765050
Ohio,2025,Male,Black,540,59316,910.3783127655270,365,2.494187158261720
Ohio,2025,Male,White,3285,554913,591.9846894918660,365,1.6218758616215500
Oklahoma,1999,Female,American Indian/Alaska Native,31,6982,443.9988541965050,365,1.216435216976730
Oklahoma,1999,Female,Asian/Pacific Islander,,962,,365,
Oklahoma,1999,Female,Black,61,6423,949.7119725984740,365,2.6019506098588300
Oklahoma,1999,Female,White,726,118023,615.1343382222110,365,1.6852995567731800
Oklahoma,1999,Male,American Indian/Alaska Native,51,5524,923.2440260680670,365,2.529435687857720
Oklahoma,1999,Male,Asian/Pacific Islander,,600,,365,
Oklahoma,1999,Male,Black,82,4601,1782.2212562486400,365,4.8827979623250500
Oklahoma,1999,Male,White,1115,98748,1129.1367926439000,365,3.0935254592983600
Oklahoma,2000,Female,American Indian/Alaska Native,24,7018,341.9777714448560,366,0.9343654957509730
Oklahoma,2000,Female,Asian/Pacific Islander,,1097,,366,
Oklahoma,2000,Female,Black,59,6419,919.1462844679860,366,2.5113286460873900
Oklahoma,2000,Female,White,650,117872,551.4456359440750,366,1.5066820654209700
Oklahoma,2000,Male,American Indian/Alaska Native,52,5578,932.2337755467910,366,2.5470868184338600
Oklahoma,2000,Male,Asian/Pacific Islander,,682,,366,
Oklahoma,2000,Male,Black,52,4675,1112.2994652406400,366,3.039069577160220
Oklahoma,2000,Male,White,1086,99158,1095.2217672805000,366,2.9924092002199500
Oklahoma,2001,Female,American Indian/Alaska Native,23,7287,315.63057499656900,365,0.8647413013604640
Oklahoma,2001,Female,Asian/Pacific Islander,,1177,,365,
Oklahoma,2001,Female,Black,55,6397,859.778020947319,365,2.355556221773480
Oklahoma,2001,Female,White,624,116997,533.3470088976640,365,1.461224681911410
Oklahoma,2001,Male,American Indian/Alaska Native,51,5874,868.2328907048010,365,2.3787202485063000
Oklahoma,2001,Male,Asian/Pacific Islander,,746,,365,
Oklahoma,2001,Male,Black,60,4788,1253.1328320802000,365,3.4332406358361700
Oklahoma,2001,Male,White,1012,99324,1018.8876807216800,365,2.7914730978676100
Oklahoma,2002,Female,American Indian/Alaska Native,45,7467,602.6516673362800,365,1.6511004584555600
Oklahoma,2002,Female,Asian/Pacific Islander,,1245,,365,
Oklahoma,2002,Female,Black,45,6461,696.4866119795700,365,1.9081824985741600
Oklahoma,2002,Female,White,668,116387,573.9472621512710,365,1.5724582524692400
Oklahoma,2002,Male,American Indian/Alaska Native,54,6023,896.5631744977590,365,2.456337464377420
Oklahoma,2002,Male,Asian/Pacific Islander,,781,,365,
Oklahoma,2002,Male,Black,67,4846,1382.583574081720,365,3.787900202963610
Oklahoma,2002,Male,White,1040,99445,1045.8042133842800,365,2.8652170229706400
Oklahoma,2003,Female,American Indian/Alaska Native,29,7641,379.53147493783500,365,1.0398122601036600
Oklahoma,2003,Female,Asian/Pacific Islander,,1332,,365,
Oklahoma,2003,Female,Black,56,6650,842.1052631578950,365,2.3071377072819000
Oklahoma,2003,Female,White,618,116363,531.096654434829,365,1.4550593272187100
Oklahoma,2003,Male,American Indian/Alaska Native,51,6205,821.917808219178,365,2.251829611559390
Oklahoma,2003,Male,Asian/Pacific Islander,,842,,365,
Oklahoma,2003,Male,Black,60,4928,1217.5324675324700,365,3.335705390499910
Oklahoma,2003,Male,White,1040,100184,1038.0899145572100,365,2.844081957691000
Oklahoma,2004,Female,American Indian/Alaska Native,24,7887,304.29821224800300,366,0.8314158804590250
Oklahoma,2004,Female,Asian/Pacific Islander,,1378,,366,
Oklahoma,2004,Female,Black,47,6735,697.8470675575350,366,1.9066859769331600
Oklahoma,2004,Female,White,564,117138,481.4833785791120,366,1.3155283567735300
Oklahoma,2004,Male,American Indian/Alaska Native,58,6489,893.8203112960390,366,2.4421319980766100
Oklahoma,2004,Male,Asian/Pacific Islander,,904,,366,
Oklahoma,2004,Male,Black,59,4995,1181.1811811811800,366,3.2272709868338300
Oklahoma,2004,Male,White,923,101230,911.7850439593010,366,2.4912159671019100
Oklahoma,2005,Female,American Indian/Alaska Native,40,8100,493.82716049382700,365,1.3529511246406200
Oklahoma,2005,Female,Asian/Pacific Islander,,1449,,365,
Oklahoma,2005,Female,Black,37,6882,537.6344086021510,365,1.4729709824716500
Oklahoma,2005,Female,White,566,118041,479.4944129582090,365,1.3136833231731800
Oklahoma,2005,Male,American Indian/Alaska Native,60,6732,891.2655971479500,365,2.4418235538300000
Oklahoma,2005,Male,Asian/Pacific Islander,,950,,365,
Oklahoma,2005,Male,Black,64,5074,1261.332282223100,365,3.455704882803010
Oklahoma,2005,Male,White,857,102174,838.765243604048,365,2.297986968778210
Oklahoma,2006,Female,American Indian/Alaska Native,44,8392,524.3088655862730,365,1.4364626454418400
Oklahoma,2006,Female,Asian/Pacific Islander,,1535,,365,
Oklahoma,2006,Female,Black,51,7013,727.2208755168970,365,1.9923859603202700
Oklahoma,2006,Female,White,507,120187,421.84262857047800,365,1.1557332289602100
Oklahoma,2006,Male,American Indian/Alaska Native,81,7051,1148.773223656220,365,3.147323900428000
Oklahoma,2006,Male,Asian/Pacific Islander,,996,,365,
Oklahoma,2006,Male,Black,66,5269,1252.6096033402900,365,3.431807132439160
Oklahoma,2006,Male,White,837,104509,800.8879618023330,365,2.194213593978990
Oklahoma,2007,Female,American Indian/Alaska Native,37,8631,428.6872900011590,365,1.1744857260305700
Oklahoma,2007,Female,Asian/Pacific Islander,,1603,,365,
Oklahoma,2007,Female,Black,49,7160,684.3575418994410,365,1.8749521695875100
Oklahoma,2007,Female,White,563,122308,460.313307387906,365,1.2611323490079600
Oklahoma,2007,Male,American Indian/Alaska Native,57,7405,769.7501688048620,365,2.108904572068110
Oklahoma,2007,Male,Asian/Pacific Islander,,1079,,365,
Oklahoma,2007,Male,Black,56,5436,1030.1692420897700,365,2.8223814851774600
Oklahoma,2007,Male,White,816,106603,765.4568820764890,365,2.097142142675310
Oklahoma,2008,Female,American Indian/Alaska Native,27,8896,303.50719424460400,366,0.8292546290836180
Oklahoma,2008,Female,Asian/Pacific Islander,,1710,,366,
Oklahoma,2008,Female,Black,43,7313,587.99398331738,366,1.6065409380256300
Oklahoma,2008,Female,White,541,125293,431.7878891877440,366,1.1797483311140500
Oklahoma,2008,Male,American Indian/Alaska Native,77,7720,997.4093264248700,366,2.725162094057020
Oklahoma,2008,Male,Asian/Pacific Islander,,1145,,366,
Oklahoma,2008,Male,Black,73,5731,1273.774210434480,366,3.480257405558690
Oklahoma,2008,Male,White,824,109987,749.1794484802750,366,2.046938383825890
Oklahoma,2009,Female,American Indian/Alaska Native,47,9229,509.2642756528330,365,1.3952445908296800
Oklahoma,2009,Female,Asian/Pacific Islander,,1829,,365,
Oklahoma,2009,Female,Black,43,7405,580.6887238352470,365,1.5909280105075200
Oklahoma,2009,Female,White,493,128553,383.4994126935970,365,1.0506833224482100
Oklahoma,2009,Male,American Indian/Alaska Native,79,8092,976.2728620860110,365,2.67472017009866
Oklahoma,2009,Male,Asian/Pacific Islander,,1240,,365,
Oklahoma,2009,Male,Black,60,5899,1017.1215460247500,365,2.7866343726705500
Oklahoma,2009,Male,White,836,113543,736.2849316998850,365,2.017218990958590
Oklahoma,2010,Female,American Indian/Alaska Native,38,9509,399.6214112945630,365,1.09485318162894
Oklahoma,2010,Female,Asian/Pacific Islander,,1879,,365,
Oklahoma,2010,Female,Black,54,7611,709.4994087504930,365,1.9438339965766900
Oklahoma,2010,Female,White,552,130353,423.46551287657400,365,1.1601794873330800
Oklahoma,2010,Male,American Indian/Alaska Native,58,8368,693.1166347992350,365,1.8989496843814700
Oklahoma,2010,Male,Asian/Pacific Islander,,1316,,365,
Oklahoma,2010,Male,Black,53,6071,873.002800197661,365,2.3917884936922200
Oklahoma,2010,Male,White,777,115360,673.5436893203880,365,1.8453251762202400
Oklahoma,2011,Female,American Indian/Alaska Native,40,9887,404.5716597552340,365,1.1084155061787200
Oklahoma,2011,Female,Asian/Pacific Islander,,2043,,365,
Oklahoma,2011,Female,Black,42,7943,528.7674682110040,365,1.4486779950986400
Oklahoma,2011,Female,White,537,132901,404.06016508528900,365,1.1070141509186
Oklahoma,2011,Male,American Indian/Alaska Native,68,8687,782.7788649706460,365,2.1445996300565600
Oklahoma,2011,Male,Asian/Pacific Islander,,1447,,365,
Oklahoma,2011,Male,Black,41,6332,647.5047378395450,365,1.7739855831220400
Oklahoma,2011,Male,White,883,118064,747.8994443691560,365,2.049039573614130
Oklahoma,2012,Female,American Indian/Alaska Native,46,10587,434.49513554359100,366,1.1871451790808500
Oklahoma,2012,Female,Asian/Pacific Islander,10,2211,452.2840343735870,366,1.2357487277966800
Oklahoma,2012,Female,Black,41,8341,491.54777604603800,366,1.3430267105083000
Oklahoma,2012,Female,White,543,139626,388.8960508787760,366,1.0625575160622300
Oklahoma,2012,Male,American Indian/Alaska Native,78,9230,845.0704225352110,366,2.3089355806973000
Oklahoma,2012,Male,Asian/Pacific Islander,,1554,,366,
Oklahoma,2012,Male,Black,58,6705,865.0260999254290,366,2.3634592894137400
Oklahoma,2012,Male,White,855,124192,688.4501417160530,366,1.8810113161640800
Oklahoma,2013,Female,American Indian/Alaska Native,41,11016,372.1859114015980,365,1.019687428497530
Oklahoma,2013,Female,Asian/Pacific Islander,11,2447,449.53003677973000,365,1.2315891418622700
Oklahoma,2013,Female,Black,55,8721,630.6616213736960,365,1.7278400585580700
Oklahoma,2013,Female,White,583,144422,403.67810998324400,365,1.1059674246116300
Oklahoma,2013,Male,American Indian/Alaska Native,70,9583,730.4601899196500,365,2.0012607943004100
Oklahoma,2013,Male,Asian/Pacific Islander,,1646,,365,
Oklahoma,2013,Male,Black,67,7117,941.40789658564,365,2.5791997166729900
Oklahoma,2013,Male,White,952,128567,740.4699495204830,365,2.028684793206800
Oklahoma,2014,Female,American Indian/Alaska Native,54,11570,466.724286949006,365,1.278696676572620
Oklahoma,2014,Female,Asian/Pacific Islander,,2568,,365,
Oklahoma,2014,Female,Black,62,9254,669.9805489518050,365,1.8355631478131600
Oklahoma,2014,Female,White,537,148138,362.4998312384400,365,0.9931502225710680
Oklahoma,2014,Male,American Indian/Alaska Native,83,10034,827.1875622882200,365,2.266267293940330
Oklahoma,2014,Male,Asian/Pacific Islander,,1777,,365,
Oklahoma,2014,Male,Black,73,7506,972.5552891020520,365,2.664535038635760
Oklahoma,2014,Male,White,965,131851,731.8867509537280,365,2.0051691806951500
Oklahoma,2015,Female,American Indian/Alaska Native,68,12151,559.6247222450830,365,1.5332184171098200
Oklahoma,2015,Female,Asian/Pacific Islander,,2784,,365,
Oklahoma,2015,Female,Black,48,9737,492.9649789462870,365,1.350588983414490
Oklahoma,2015,Female,White,622,151829,409.67140664826900,365,1.122387415474710
Oklahoma,2015,Male,American Indian/Alaska Native,95,10413,912.3211370402380,365,2.4995099644938000
Oklahoma,2015,Male,Asian/Pacific Islander,,1922,,365,
Oklahoma,2015,Male,Black,65,7976,814.9448345035110,365,2.2327255739822200
Oklahoma,2015,Male,White,1001,135365,739.482140878366,365,2.0259784681599100
Oklahoma,2016,Female,American Indian/Alaska Native,62,12700,488.18897637795300,366,1.3338496622348400
Oklahoma,2016,Female,Asian/Pacific Islander,,2979,,366,
Oklahoma,2016,Female,Black,56,10248,546.448087431694,366,1.4930275612887800
Oklahoma,2016,Female,White,665,155809,426.8046133406930,366,1.1661328233352300
Oklahoma,2016,Male,American Indian/Alaska Native,108,10813,998.79774345695,366,2.7289555832157100
Oklahoma,2016,Male,Asian/Pacific Islander,,2066,,366,
Oklahoma,2016,Male,Black,67,8414,796.2918944616120,366,2.1756609138295400
Oklahoma,2016,Male,White,1056,138861,760.4727029187460,366,2.077794270269800
Oklahoma,2017,Female,American Indian/Alaska Native,49,13265,369.39313984168900,365,1.0120359995662700
Oklahoma,2017,Female,Asian/Pacific Islander,12,3198,375.234521575985,365,1.0280397851396800
Oklahoma,2017,Female,Black,52,10835,479.926165205353,365,1.314866206042060
Oklahoma,2017,Female,White,695,159231,436.4727973824190,365,1.195815883239510
Oklahoma,2017,Male,American Indian/Alaska Native,105,11127,943.6505796710700,365,2.5853440538933400
Oklahoma,2017,Male,Asian/Pacific Islander,,2185,,365,
Oklahoma,2017,Male,Black,81,8820,918.3673469387760,365,2.516074923119930
Oklahoma,2017,Male,White,1093,142070,769.3390582107410,365,2.1077782416732600
Oklahoma,2018,Female,American Indian/Alaska Native,78,13859,562.8111696370590,365,1.541948409964550
Oklahoma,2018,Female,Asian/Pacific Islander,,3342,,365,
Oklahoma,2018,Female,Black,59,11298,522.2163214728270,365,1.4307296478707600
Oklahoma,2018,Female,White,725,162392,446.45056406719500,365,1.2231522303210800
Oklahoma,2018,Male,American Indian/Alaska Native,110,11497,956.7713316517350,365,2.6212913195938000
Oklahoma,2018,Male,Asian/Pacific Islander,10,2335,428.2655246252680,365,1.1733302044527900
Oklahoma,2018,Male,Black,110,9269,1186.7515373826700,365,3.2513740750210200
Oklahoma,2018,Male,White,1132,144654,782.5569980781730,365,2.143991775556640
Oklahoma,2019,Female,American Indian/Alaska Native,69,14397,479.2665138570540,365,1.3130589420741200
Oklahoma,2019,Female,Asian/Pacific Islander,16,3527,453.6433229373410,365,1.2428584190064100
Oklahoma,2019,Female,Black,75,11832,633.8742393509130,365,1.7366417516463400
Oklahoma,2019,Female,White,786,166098,473.2146082433260,365,1.296478378748840
Oklahoma,2019,Male,American Indian/Alaska Native,129,11929,1081.398273115940,365,2.962734994838180
Oklahoma,2019,Male,Asian/Pacific Islander,,2591,,365,
Oklahoma,2019,Male,Black,122,9758,1250.256200040990,365,3.4253594521671000
Oklahoma,2019,Male,White,1214,147918,820.7249962817240,365,2.248561633648560
Oklahoma,2020,Female,American Indian/Alaska Native,70,15173,461.34581163909600,366,1.2605076820740300
Oklahoma,2020,Female,Asian/Pacific Islander,,3858,,366,
Oklahoma,2020,Female,Black,84,12591,667.1431975220400,366,1.8227956216449200
Oklahoma,2020,Female,White,834,171129,487.351647003138,366,1.331561877057750
Oklahoma,2020,Male,American Indian/Alaska Native,140,12457,1123.8660993818700,366,3.070672402682720
Oklahoma,2020,Male,Asian/Pacific Islander,10,2677,373.55248412401900,366,1.0206352025246400
Oklahoma,2020,Male,Black,124,10294,1204.5851952593700,366,3.2912163804900900
Oklahoma,2020,Male,White,1389,152368,911.6087367426230,366,2.490734253395150
Oklahoma,2021,Female,American Indian/Alaska Native,71,14118,502.904094064315,365,1.377819435792640
Oklahoma,2021,Female,Asian/Pacific Islander,,3749,,365,
Oklahoma,2021,Female,Black,92,12520,734.8242811501600,365,2.0132172086305700
Oklahoma,2021,Female,White,869,168294,516.3582777757970,365,1.4146802130843800
Oklahoma,2021,Male,American Indian/Alaska Native,145,11779,1231.0043297393700,365,3.3726146020256600
Oklahoma,2021,Male,Asian/Pacific Islander,10,2580,387.5968992248060,365,1.0619093129446700
Oklahoma,2021,Male,Black,131,10647,1230.3935380858500,365,3.370941200235190
Oklahoma,2021,Male,White,1360,153051,888.5926913251140,365,2.434500524178390
Oklahoma,2022,Female,American Indian/Alaska Native,86,14235,604.1447137337550,365,1.6551909965308400
Oklahoma,2022,Female,Asian/Pacific Islander,13,4001,324.91877030742300,365,0.8901884118011590
Oklahoma,2022,Female,Black,92,12813,718.020760165457,365,1.9671801648368700
Oklahoma,2022,Female,White,905,167872,539.1012199771250,365,1.4769896437729500
Oklahoma,2022,Male,American Indian/Alaska Native,120,11779,1018.7622039222300,365,2.791129325814340
Oklahoma,2022,Male,Asian/Pacific Islander,10,2782,359.45363048166800,365,0.9848044670730630
Oklahoma,2022,Male,Black,140,10932,1280.6439809732900,365,3.5086136465021600
Oklahoma,2022,Male,White,1417,152208,930.9628928834230,365,2.550583268173760
Oklahoma,2023,Female,American Indian/Alaska Native,77,14699,523.8451595346620,365,1.4351922179031800
Oklahoma,2023,Female,Asian/Pacific Islander,0,158,0.0,365,0.0
Oklahoma,2023,Female,Black,90,13260,678.7330316742080,365,1.859542552532080
Oklahoma,2023,Female,White,789,171661,459.6268226329800,365,1.2592515688574800
Oklahoma,2023,Male,American Indian/Alaska Native,122,12153,1003.8673578540300,365,2.7503215283672000
Oklahoma,2023,Male,Asian/Pacific Islander,,2970,,365,
Oklahoma,2023,Male,Black,153,11406,1341.3992635455000,365,3.67506647546713
Oklahoma,2023,Male,White,1351,155226,870.3438856892530,365,2.3845037964089100
Oklahoma,2024,Female,American Indian/Alaska Native,74,15136,488.90063424947100,366,1.335794082648830
Oklahoma,2024,Female,Asian/Pacific Islander,13,4394,295.85798816568000,366,0.8083551589226240
Oklahoma,2024,Female,Black,91,13813,658.7996814594950,366,1.7999991296707500
Oklahoma,2024,Female,White,878,174027,504.51941365420300,366,1.3784683433174900
Oklahoma,2024,Male,American Indian/Alaska Native,129,12552,1027.7246653919700,366,2.8079908890491000
Oklahoma,2024,Male,Asian/Pacific Islander,,3164,,366,
Oklahoma,2024,Male,Black,134,11737,1141.688676833940,366,3.1193679694916500
Oklahoma,2024,Male,White,1430,157633,907.1704528874030,366,2.4786077947743300
Oklahoma,2025,Female,American Indian/Alaska Native,81,15136,535.1479915433400,365,1.4661588809406600
Oklahoma,2025,Female,Asian/Pacific Islander,,4394,,365,
Oklahoma,2025,Female,Black,97,13813,702.2370230941870,365,1.923937049573110
Oklahoma,2025,Female,White,944,174027,542.4445631999630,365,1.4861494882190800
Oklahoma,2025,Male,American Indian/Alaska Native,135,12552,1075.5258126195000,365,2.946646061971240
Oklahoma,2025,Male,Asian/Pacific Islander,14,3164,442.4778761061950,365,1.212268153715600
Oklahoma,2025,Male,Black,155,11737,1320.6100366362800,365,3.6181096894144600
Oklahoma,2025,Male,White,1475,157633,935.7177748314120,365,2.563610342003870
Oregon,1999,Female,American Indian/Alaska Native,,826,,365,
Oregon,1999,Female,Asian/Pacific Islander,,2640,,365,
Oregon,1999,Female,Black,,1109,,365,
Oregon,1999,Female,White,425,113801,373.4589326983070,365,1.0231751580775500
Oregon,1999,Male,American Indian/Alaska Native,,787,,365,
Oregon,1999,Male,Asian/Pacific Islander,,1839,,365,
Oregon,1999,Male,Black,16,1002,1596.8063872255500,365,4.374812019796030
Oregon,1999,Male,White,739,98098,753.3283043487130,365,2.0639131625992100
Oregon,2000,Female,American Indian/Alaska Native,,878,,366,
Oregon,2000,Female,Asian/Pacific Islander,,2782,,366,
Oregon,2000,Female,Black,,1115,,366,
Oregon,2000,Female,White,362,112864,320.74000567054200,366,0.8763388133074910
Oregon,2000,Male,American Indian/Alaska Native,,837,,366,
Oregon,2000,Male,Asian/Pacific Islander,,1968,,366,
Oregon,2000,Male,Black,11,1040,1057.6923076923100,366,2.889869693148380
Oregon,2000,Male,White,711,97858,726.5629790104030,366,1.9851447513945400
Oregon,2001,Female,American Indian/Alaska Native,,932,,365,
Oregon,2001,Female,Asian/Pacific Islander,,2920,,365,
Oregon,2001,Female,Black,,1198,,365,
Oregon,2001,Female,White,385,112003,343.7407926573400,365,0.9417555963214780
Oregon,2001,Male,American Indian/Alaska Native,,866,,365,
Oregon,2001,Male,Asian/Pacific Islander,,2133,,365,
Oregon,2001,Male,Black,16,1082,1478.743068391870,365,4.051350872306480
Oregon,2001,Male,White,641,98367,651.641302469324,365,1.7853186369022600
Oregon,2002,Female,American Indian/Alaska Native,,963,,365,
Oregon,2002,Female,Asian/Pacific Islander,,3116,,365,
Oregon,2002,Female,Black,,1213,,365,
Oregon,2002,Female,White,397,112376,353.2782800597990,365,0.9678856987939710
Oregon,2002,Male,American Indian/Alaska Native,,914,,365,
Oregon,2002,Male,Asian/Pacific Islander,,2264,,365,
Oregon,2002,Male,Black,,1138,,365,
Oregon,2002,Male,White,676,99309,680.7036623065380,365,1.8649415405658600
Oregon,2003,Female,American Indian/Alaska Native,,1068,,365,
Oregon,2003,Female,Asian/Pacific Islander,,3171,,365,
Oregon,2003,Female,Black,,1235,,365,
Oregon,2003,Female,White,343,113744,301.5543677029120,365,0.8261763498709910
Oregon,2003,Male,American Indian/Alaska Native,12,956,1255.2301255230100,365,3.4389866452685300
Oregon,2003,Male,Asian/Pacific Islander,,2365,,365,
Oregon,2003,Male,Black,11,1194,921.2730318257960,365,2.524035703632320
Oregon,2003,Male,White,650,100958,643.8320885912950,365,1.7639235303871100
Oregon,2004,Female,American Indian/Alaska Native,,1120,,366,
Oregon,2004,Female,Asian/Pacific Islander,,3284,,366,
Oregon,2004,Female,Black,14,1307,1071.1553175210400,366,2.926653873008310
Oregon,2004,Female,White,345,115518,298.6547551031010,366,0.8159965986423520
Oregon,2004,Male,American Indian/Alaska Native,,1033,,366,
Oregon,2004,Male,Asian/Pacific Islander,11,2501,439.82407037185100,366,1.2017051103056000
Oregon,2004,Male,Black,,1215,,366,
Oregon,2004,Male,White,550,103412,531.8531698448920,366,1.4531507372811300
Oregon,2005,Female,American Indian/Alaska Native,,1169,,365,
Oregon,2005,Female,Asian/Pacific Islander,,3417,,365,
Oregon,2005,Female,Black,,1353,,365,
Oregon,2005,Female,White,348,117640,295.8177490649440,365,0.8104595864792980
Oregon,2005,Male,American Indian/Alaska Native,,1114,,365,
Oregon,2005,Male,Asian/Pacific Islander,,2617,,365,
Oregon,2005,Male,Black,,1301,,365,
Oregon,2005,Male,White,523,106716,490.0858353011730,365,1.3427009186333500
Oregon,2006,Female,American Indian/Alaska Native,,1251,,365,
Oregon,2006,Female,Asian/Pacific Islander,,3583,,365,
Oregon,2006,Female,Black,,1382,,365,
Oregon,2006,Female,White,298,121484,245.29979256527600,365,0.6720542262062360
Oregon,2006,Male,American Indian/Alaska Native,,1189,,365,
Oregon,2006,Male,Asian/Pacific Islander,11,2813,391.041592605759,365,1.0713468290568700
Oregon,2006,Male,Black,,1371,,365,
Oregon,2006,Male,White,585,110869,527.6497488026410,365,1.445615750144220
Oregon,2007,Female,American Indian/Alaska Native,,1338,,365,
Oregon,2007,Female,Asian/Pacific Islander,,3785,,365,
Oregon,2007,Female,Black,,1435,,365,
Oregon,2007,Female,White,299,126092,237.1284458966470,365,0.6496669750593070
Oregon,2007,Male,American Indian/Alaska Native,,1252,,365,
Oregon,2007,Male,Asian/Pacific Islander,,3005,,365,
Oregon,2007,Male,Black,,1391,,365,
Oregon,2007,Male,White,577,115328,500.312153163152,365,1.370718227844250
Oregon,2008,Female,American Indian/Alaska Native,,1411,,366,
Oregon,2008,Female,Asian/Pacific Islander,,3950,,366,
Oregon,2008,Female,Black,,1535,,366,
Oregon,2008,Female,White,281,132528,212.0306652179160,366,0.5793187574260010
Oregon,2008,Male,American Indian/Alaska Native,,1359,,366,
Oregon,2008,Male,Asian/Pacific Islander,,3177,,366,
Oregon,2008,Male,Black,,1479,,366,
Oregon,2008,Male,White,583,121723,478.95631885510500,366,1.3086238220084800
Oregon,2009,Female,American Indian/Alaska Native,,1525,,365,
Oregon,2009,Female,Asian/Pacific Islander,,4171,,365,
Oregon,2009,Female,Black,,1574,,365,
Oregon,2009,Female,White,307,139052,220.7807151281540,365,0.6048786715839820
Oregon,2009,Male,American Indian/Alaska Native,,1477,,365,
Oregon,2009,Male,Asian/Pacific Islander,,3321,,365,
Oregon,2009,Male,Black,,1541,,365,
Oregon,2009,Male,White,567,128080,442.6920674578390,365,1.2128549793365400
Oregon,2010,Female,American Indian/Alaska Native,,1591,,365,
Oregon,2010,Female,Asian/Pacific Islander,,4322,,365,
Oregon,2010,Female,Black,,1612,,365,
Oregon,2010,Female,White,306,143466,213.290953954247,365,0.5843587779568410
Oregon,2010,Male,American Indian/Alaska Native,,1577,,365,
Oregon,2010,Male,Asian/Pacific Islander,,3461,,365,
Oregon,2010,Male,Black,,1617,,365,
Oregon,2010,Male,White,557,132395,420.71075191661300,365,1.152632197031820
Oregon,2011,Female,American Indian/Alaska Native,,1706,,365,
Oregon,2011,Female,Asian/Pacific Islander,,4667,,365,
Oregon,2011,Female,Black,,1687,,365,
Oregon,2011,Female,White,261,150813,173.0620039386530,365,0.4741424765442530
Oregon,2011,Male,American Indian/Alaska Native,,1730,,365,
Oregon,2011,Male,Asian/Pacific Islander,,3698,,365,
Oregon,2011,Male,Black,,1745,,365,
Oregon,2011,Male,White,590,139219,423.7927294406650,365,1.1610759710703200
Oregon,2012,Female,American Indian/Alaska Native,,1942,,366,
Oregon,2012,Female,Asian/Pacific Islander,,5109,,366,
Oregon,2012,Female,Black,,1815,,366,
Oregon,2012,Female,White,253,163223,155.00266506558500,366,0.4235045493595220
Oregon,2012,Male,American Indian/Alaska Native,,1876,,366,
Oregon,2012,Male,Asian/Pacific Islander,,3997,,366,
Oregon,2012,Male,Black,10,1906,524.6589716684160,366,1.433494458110430
Oregon,2012,Male,White,561,150889,371.79648615869900,366,1.015837393876230
Oregon,2013,Female,American Indian/Alaska Native,,2101,,365,
Oregon,2013,Female,Asian/Pacific Islander,,5558,,365,
Oregon,2013,Female,Black,,1983,,365,
Oregon,2013,Female,White,337,173795,193.9066141143300,365,0.5312509975735070
Oregon,2013,Male,American Indian/Alaska Native,,2035,,365,
Oregon,2013,Male,Asian/Pacific Islander,,4379,,365,
Oregon,2013,Male,Black,11,2063,533.2040717401840,365,1.4608330732607800
Oregon,2013,Male,White,673,161089,417.7814748368910,365,1.144606780375050
Oregon,2014,Female,American Indian/Alaska Native,,2266,,365,
Oregon,2014,Female,Asian/Pacific Islander,,6063,,365,
Oregon,2014,Female,Black,,2137,,365,
Oregon,2014,Female,White,326,184059,177.11712005389600,365,0.48525238370930300
Oregon,2014,Male,American Indian/Alaska Native,,2179,,365,
Oregon,2014,Male,Asian/Pacific Islander,,4767,,365,
Oregon,2014,Male,Black,14,2185,640.7322654462240,365,1.7554308642362300
Oregon,2014,Male,White,626,170352,367.4744059359440,365,1.006779194345050
Oregon,2015,Female,American Indian/Alaska Native,,2447,,365,
Oregon,2015,Female,Asian/Pacific Islander,,6740,,365,
Oregon,2015,Female,Black,,2293,,365,
Oregon,2015,Female,White,351,194570,180.39780027753500,365,0.49424054870557600
Oregon,2015,Male,American Indian/Alaska Native,10,2318,431.40638481449500,365,1.181935300861630
Oregon,2015,Male,Asian/Pacific Islander,10,5121,195.27436047646900,365,0.5349982478807380
Oregon,2015,Male,Black,11,2340,470.08547008547000,365,1.2879053974944400
Oregon,2015,Male,White,681,179277,379.8591007212300,365,1.040709864989670
Oregon,2016,Female,American Indian/Alaska Native,,2590,,366,
Oregon,2016,Female,Asian/Pacific Islander,,7271,,366,
Oregon,2016,Female,Black,,2447,,366,
Oregon,2016,Female,White,344,204667,168.07790215325400,366,0.45922924085588500
Oregon,2016,Male,American Indian/Alaska Native,17,2451,693.59445124439,366,1.8950668066786600
Oregon,2016,Male,Asian/Pacific Islander,,5429,,366,
Oregon,2016,Male,Black,15,2552,587.7742946708460,366,1.6059406958219800
Oregon,2016,Male,White,732,188240,388.86527836804100,366,1.062473438164050
Oregon,2017,Female,American Indian/Alaska Native,,2835,,365,
Oregon,2017,Female,Asian/Pacific Islander,,7933,,365,
Oregon,2017,Female,Black,,2566,,365,
Oregon,2017,Female,White,385,212482,181.19181860110500,365,0.49641594137289000
Oregon,2017,Male,American Indian/Alaska Native,,2558,,365,
Oregon,2017,Male,Asian/Pacific Islander,,5870,,365,
Oregon,2017,Male,Black,15,2665,562.8517823639780,365,1.5420596777095300
Oregon,2017,Male,White,734,194814,376.76963667908900,365,1.032245579942710
Oregon,2018,Female,American Indian/Alaska Native,,3066,,365,
Oregon,2018,Female,Asian/Pacific Islander,,8691,,365,
Oregon,2018,Female,Black,,2649,,365,
Oregon,2018,Female,White,353,220839,159.84495492191100,365,0.43793138334770300
Oregon,2018,Male,American Indian/Alaska Native,10,2692,371.4710252600300,365,1.0177288363288500
Oregon,2018,Male,Asian/Pacific Islander,11,6205,177.27639000805800,365,0.48568873974810400
Oregon,2018,Male,Black,,2837,,365,
Oregon,2018,Male,White,723,201213,359.3207198342060,365,0.984440328312892
Oregon,2019,Female,American Indian/Alaska Native,,3246,,365,
Oregon,2019,Female,Asian/Pacific Islander,,9399,,365,
Oregon,2019,Female,Black,,2821,,365,
Oregon,2019,Female,White,402,229105,175.4653979616330,365,0.48072711770310500
Oregon,2019,Male,American Indian/Alaska Native,15,2860,524.4755244755250,365,1.4369192451384200
Oregon,2019,Male,Asian/Pacific Islander,14,6719,208.36433993153700,365,0.5708612052918830
Oregon,2019,Male,Black,22,3024,727.5132275132270,365,1.9931869246937700
Oregon,2019,Male,White,798,207424,384.71922246220300,365,1.0540252670197300
Oregon,2020,Female,American Indian/Alaska Native,,3396,,366,
Oregon,2020,Female,Asian/Pacific Islander,,9758,,366,
Oregon,2020,Female,Black,15,3015,497.51243781094500,366,1.3593236005763500
Oregon,2020,Female,White,408,236719,172.3562536171580,366,0.4709187257299400
Oregon,2020,Male,American Indian/Alaska Native,11,2980,369.1275167785240,366,1.0085451278101700
Oregon,2020,Male,Asian/Pacific Islander,16,7068,226.37238256932700,366,0.6185037775118210
Oregon,2020,Male,Black,21,3228,650.5576208178440,366,1.77747983830012
Oregon,2020,Male,White,841,212388,395.9734071604800,366,1.0818945550832800
Oregon,2021,Female,American Indian/Alaska Native,,3012,,365,
Oregon,2021,Female,Asian/Pacific Islander,,9088,,365,
Oregon,2021,Female,Black,11,2871,383.1417624521070,365,1.0497034587729000
Oregon,2021,Female,White,493,237101,207.92826685674000,365,0.5696664845390150
Oregon,2021,Male,American Indian/Alaska Native,16,2664,600.6006006006010,365,1.645481097535890
Oregon,2021,Male,Asian/Pacific Islander,12,6628,181.05009052504500,365,0.4960276452740970
Oregon,2021,Male,Black,26,3182,817.0961659333750,365,2.2386196326941800
Oregon,2021,Male,White,964,216354,445.56606302633600,365,1.220728939798180
Oregon,2022,Female,American Indian/Alaska Native,,3072,,365,
Oregon,2022,Female,Asian/Pacific Islander,,9400,,365,
Oregon,2022,Female,Black,10,2925,341.88034188034200,365,0.9366584709050460
Oregon,2022,Female,White,487,234994,207.2393337702240,365,0.5677789966307510
Oregon,2022,Male,American Indian/Alaska Native,10,2758,362.58158085569300,365,0.993374194125185
Oregon,2022,Male,Asian/Pacific Islander,15,6986,214.715144574864,365,0.5882606700681210
Oregon,2022,Male,Black,25,3304,756.6585956416470,365,2.073037248333280
Oregon,2022,Male,White,954,213524,446.7881830613890,365,1.224077213866820
Oregon,2023,Female,American Indian/Alaska Native,,3226,,365,
Oregon,2023,Female,Asian/Pacific Islander,,9858,,365,
Oregon,2023,Female,Black,,3008,,365,
Oregon,2023,Female,White,410,237553,172.59306344268400,365,0.4728577080621490
Oregon,2023,Male,American Indian/Alaska Native,12,2843,422.08934224410800,365,1.1564091568331700
Oregon,2023,Male,Asian/Pacific Islander,17,7254,234.35346015991200,365,0.6420642744107170
Oregon,2023,Male,Black,23,3418,672.9081334113520,365,1.8435839271543900
Oregon,2023,Male,White,933,214283,435.4055151365250,365,1.1928918222918500
Oregon,2024,Female,American Indian/Alaska Native,,3390,,366,
Oregon,2024,Female,Asian/Pacific Islander,,10394,,366,
Oregon,2024,Female,Black,12,3162,379.5066413662240,366,1.0369033917109900
Oregon,2024,Female,White,395,238097,165.89877234908500,366,0.45327533428711600
Oregon,2024,Male,American Indian/Alaska Native,,2910,,366,
Oregon,2024,Male,Asian/Pacific Islander,14,7780,179.94858611825200,366,0.4916628036017810
Oregon,2024,Male,Black,25,3620,690.6077348066300,366,1.8869063792530900
Oregon,2024,Male,White,913,213416,427.8029763466660,366,1.1688605911111100
Oregon,2025,Female,American Indian/Alaska Native,,3390,,365,
Oregon,2025,Female,Asian/Pacific Islander,,10394,,365,
Oregon,2025,Female,Black,12,3162,379.5066413662240,365,1.0397442229211600
Oregon,2025,Female,White,466,238097,195.71855168271800,365,0.5362152100896370
Oregon,2025,Male,American Indian/Alaska Native,,2910,,365,
Oregon,2025,Male,Asian/Pacific Islander,15,7780,192.80205655527000,365,0.5282248124801920
Oregon,2025,Male,Black,14,3620,386.7403314917130,365,1.0595625520320900
Oregon,2025,Male,White,864,213416,404.84312328972500,365,1.109159241889660
Pennsylvania,1999,Female,American Indian/Alaska Native,0,473,0.0,365,0.0
Pennsylvania,1999,Female,Asian/Pacific Islander,,4171,,365,
Pennsylvania,1999,Female,Black,319,42313,753.9054191383260,365,2.0654942990091100
Pennsylvania,1999,Female,White,2513,501907,500.690366940489,365,1.3717544299739400
Pennsylvania,1999,Male,American Indian/Alaska Native,,365,,365,
Pennsylvania,1999,Male,Asian/Pacific Islander,12,3392,353.7735849056600,365,0.9692426983716720
Pennsylvania,1999,Male,Black,406,28490,1425.0614250614200,365,3.9042778768806200
Pennsylvania,1999,Male,White,3989,400973,994.8300758405180,365,2.7255618516178600
Pennsylvania,2000,Female,American Indian/Alaska Native,,525,,366,
Pennsylvania,2000,Female,Asian/Pacific Islander,,4389,,366,
Pennsylvania,2000,Female,Black,358,42240,847.5378787878790,366,2.3156772644477600
Pennsylvania,2000,Female,White,2300,492604,466.90648066195200,366,1.2757007668359300
Pennsylvania,2000,Male,American Indian/Alaska Native,0,434,0.0,366,0.0
Pennsylvania,2000,Male,Asian/Pacific Islander,,3722,,366,
Pennsylvania,2000,Male,Black,365,28236,1292.6760164329200,366,3.531901684242960
Pennsylvania,2000,Male,White,3679,397122,926.4155599538680,366,2.531190054518770
Pennsylvania,2001,Female,American Indian/Alaska Native,0,519,0.0,365,0.0
Pennsylvania,2001,Female,Asian/Pacific Islander,13,4818,269.82150269821500,365,0.7392369936937400
Pennsylvania,2001,Female,Black,273,42182,647.1954862263530,365,1.773138318428360
Pennsylvania,2001,Female,White,2144,478161,448.38453993529400,365,1.2284507943432700
Pennsylvania,2001,Male,American Indian/Alaska Native,,429,,365,
Pennsylvania,2001,Male,Asian/Pacific Islander,16,4158,384.8003848003850,365,1.0542476295901000
Pennsylvania,2001,Male,Black,365,28255,1291.8067598655100,365,3.5391966023712600
Pennsylvania,2001,Male,White,3410,389034,876.5300719217340,365,2.401452251840370
Pennsylvania,2002,Female,American Indian/Alaska Native,,534,,365,
Pennsylvania,2002,Female,Asian/Pacific Islander,12,5200,230.7692307692310,365,0.6322444678609060
Pennsylvania,2002,Female,Black,312,42031,742.3092479360470,365,2.0337239669480700
Pennsylvania,2002,Female,White,2069,467451,442.6132364675660,365,1.2126390040207300
Pennsylvania,2002,Male,American Indian/Alaska Native,,464,,365,
Pennsylvania,2002,Male,Asian/Pacific Islander,12,4527,265.0762094102050,365,0.7262361901649460
Pennsylvania,2002,Male,Black,322,28232,1140.549730801930,365,3.1247937830189800
Pennsylvania,2002,Male,White,3224,382544,842.7788698816350,365,2.308983205155160
Pennsylvania,2003,Female,American Indian/Alaska Native,,564,,365,
Pennsylvania,2003,Female,Asian/Pacific Islander,11,5599,196.46365422396900,365,0.5382565869149820
Pennsylvania,2003,Female,Black,248,41881,592.1539600296080,365,1.6223396165194700
Pennsylvania,2003,Female,White,1893,457992,413.3259969606460,365,1.1323999916730000
Pennsylvania,2003,Male,American Indian/Alaska Native,0,461,0.0,365,0.0
Pennsylvania,2003,Male,Asian/Pacific Islander,12,4932,243.30900243309000,365,0.6666000066660000
Pennsylvania,2003,Male,Black,357,28387,1257.6179236974700,365,3.445528558075250
Pennsylvania,2003,Male,White,3117,377795,825.0506226922010,365,2.260412664910140
Pennsylvania,2004,Female,American Indian/Alaska Native,,621,,366,
Pennsylvania,2004,Female,Asian/Pacific Islander,11,6031,182.3909799369920,366,0.4983360107568090
Pennsylvania,2004,Female,Black,255,41642,612.3625186110180,366,1.6731216355492300
Pennsylvania,2004,Female,White,1739,450839,385.72528108704000,366,1.0538942106203300
Pennsylvania,2004,Male,American Indian/Alaska Native,,500,,366,
Pennsylvania,2004,Male,Asian/Pacific Islander,14,5380,260.2230483271380,366,0.7109919353200480
Pennsylvania,2004,Male,Black,345,28418,1214.019283552680,366,3.316992578012780
Pennsylvania,2004,Male,White,2811,374931,749.7379517831280,366,2.0484643491342300
Pennsylvania,2005,Female,American Indian/Alaska Native,,661,,365,
Pennsylvania,2005,Female,Asian/Pacific Islander,16,6423,249.10477969796000,365,0.6824788484875630
Pennsylvania,2005,Female,Black,246,41780,588.7984681665870,365,1.6131464881276400
Pennsylvania,2005,Female,White,1690,443915,380.7035130599330,365,1.0430233234518700
Pennsylvania,2005,Male,American Indian/Alaska Native,0,546,0.0,365,0.0
Pennsylvania,2005,Male,Asian/Pacific Islander,14,5854,239.15271609156100,365,0.6552129207987980
Pennsylvania,2005,Male,Black,304,28676,1060.1199609429500,365,2.904438249158760
Pennsylvania,2005,Male,White,2698,372773,723.7648649446180,365,1.9829174382044300
Pennsylvania,2006,Female,American Indian/Alaska Native,,678,,365,
Pennsylvania,2006,Female,Asian/Pacific Islander,,6943,,365,
Pennsylvania,2006,Female,Black,237,42052,563.5879387425090,365,1.5440765445000300
Pennsylvania,2006,Female,White,1559,441728,352.9321211243120,365,0.9669373181487990
Pennsylvania,2006,Male,American Indian/Alaska Native,,560,,365,
Pennsylvania,2006,Male,Asian/Pacific Islander,15,6372,235.40489642184600,365,0.6449449217036860
Pennsylvania,2006,Male,Black,314,28982,1083.4310951625100,365,2.9683043703082600
Pennsylvania,2006,Male,White,2471,374186,660.366769467591,365,1.8092240259386100
Pennsylvania,2007,Female,American Indian/Alaska Native,0,731,0.0,365,0.0
Pennsylvania,2007,Female,Asian/Pacific Islander,10,7525,132.89036544850500,365,0.36408319300960300
Pennsylvania,2007,Female,Black,191,42159,453.04679902274700,365,1.2412241069116400
Pennsylvania,2007,Female,White,1409,445592,316.2085495251260,365,0.8663247932195240
Pennsylvania,2007,Male,American Indian/Alaska Native,,594,,365,
Pennsylvania,2007,Male,Asian/Pacific Islander,19,6843,277.6559988309220,365,0.7607013666600610
Pennsylvania,2007,Male,Black,273,29198,934.9955476402490,365,2.5616316373705500
Pennsylvania,2007,Male,White,2343,379679,617.1002346719200,365,1.690685574443620
Pennsylvania,2008,Female,American Indian/Alaska Native,0,772,0.0,366,0.0
Pennsylvania,2008,Female,Asian/Pacific Islander,,8075,,366,
Pennsylvania,2008,Female,Black,258,42943,600.7964045362460,366,1.6415202309733500
Pennsylvania,2008,Female,White,1424,458499,310.5786490264970,366,0.848575543788244
Pennsylvania,2008,Male,American Indian/Alaska Native,0,632,0.0,366,0.0
Pennsylvania,2008,Male,Asian/Pacific Islander,18,7365,244.3991853360490,366,0.6677573369837400
Pennsylvania,2008,Male,Black,361,29961,1204.8997029471600,366,3.292075691112470
Pennsylvania,2008,Male,White,2319,393289,589.6427309179760,366,1.6110457128906500
Pennsylvania,2009,Female,American Indian/Alaska Native,,873,,365,
Pennsylvania,2009,Female,Asian/Pacific Islander,,8638,,365,
Pennsylvania,2009,Female,Black,217,43535,498.4495233720000,365,1.365615132526030
Pennsylvania,2009,Female,White,1349,469617,287.25535915437500,365,0.7870009839845880
Pennsylvania,2009,Male,American Indian/Alaska Native,,692,,365,
Pennsylvania,2009,Male,Asian/Pacific Islander,20,7838,255.16713447308000,365,0.6990880396522740
Pennsylvania,2009,Male,Black,288,30449,945.8438700778350,365,2.5913530687064000
Pennsylvania,2009,Male,White,2383,404398,589.270965731779,365,1.6144410020048700
Pennsylvania,2010,Female,American Indian/Alaska Native,,944,,365,
Pennsylvania,2010,Female,Asian/Pacific Islander,10,9075,110.19283746556500,365,0.3018981848371640
Pennsylvania,2010,Female,Black,234,44056,531.1421826765940,365,1.4551840621276500
Pennsylvania,2010,Female,White,1396,474623,294.1281817358200,365,0.8058306348926570
Pennsylvania,2010,Male,American Indian/Alaska Native,0,720,0.0,365,0.0
Pennsylvania,2010,Male,Asian/Pacific Islander,14,8192,170.8984375,365,0.468214897260274
Pennsylvania,2010,Male,Black,306,31097,984.0177509084480,365,2.6959390435847900
Pennsylvania,2010,Male,White,2381,410831,579.5570441373700,365,1.5878275181845800
Pennsylvania,2011,Female,American Indian/Alaska Native,,1023,,365,
Pennsylvania,2011,Female,Asian/Pacific Islander,,9728,,365,
Pennsylvania,2011,Female,Black,220,45166,487.0920603994160,365,1.3344987956148400
Pennsylvania,2011,Female,White,1339,482119,277.73226112225400,365,0.7609103044445320
Pennsylvania,2011,Male,American Indian/Alaska Native,,793,,365,
Pennsylvania,2011,Male,Asian/Pacific Islander,15,8722,171.978903921119,365,0.4711750792359430
Pennsylvania,2011,Male,Black,282,32019,880.727068303195,365,2.4129508720635500
Pennsylvania,2011,Male,White,2257,420366,536.9130709905180,365,1.4709947150425100
Pennsylvania,2012,Female,American Indian/Alaska Native,,1089,,366,
Pennsylvania,2012,Female,Asian/Pacific Islander,24,10673,224.86648552422,366,0.6143893047109840
Pennsylvania,2012,Female,Black,203,47194,430.1394245031150,366,1.175244329243480
Pennsylvania,2012,Female,White,1322,510866,258.7762740131460,366,0.7070390000359190
Pennsylvania,2012,Male,American Indian/Alaska Native,0,887,0.0,366,0.0
Pennsylvania,2012,Male,Asian/Pacific Islander,24,9352,256.6295979469630,366,0.7011737648824130
Pennsylvania,2012,Male,Black,304,33669,902.9077192669820,366,2.466960981603780
Pennsylvania,2012,Male,White,2390,449266,531.9788276878290,366,1.453494064720840
Pennsylvania,2013,Female,American Indian/Alaska Native,,1187,,365,
Pennsylvania,2013,Female,Asian/Pacific Islander,18,11518,156.27713144643200,365,0.4281565245107720
Pennsylvania,2013,Female,Black,218,49438,440.9563493668840,365,1.2080995873065300
Pennsylvania,2013,Female,White,1363,531679,256.35768950814300,365,0.7023498342688850
Pennsylvania,2013,Male,American Indian/Alaska Native,,977,,365,
Pennsylvania,2013,Male,Asian/Pacific Islander,19,10083,188.4359813547560,365,0.5162629626157690
Pennsylvania,2013,Male,Black,318,35536,894.8671769473210,365,2.451690895746090
Pennsylvania,2013,Male,White,2452,470083,521.6100135507990,365,1.42906853027616
Pennsylvania,2014,Female,American Indian/Alaska Native,,1248,,365,
Pennsylvania,2014,Female,Asian/Pacific Islander,24,12464,192.55455712451900,365,0.5275467318479960
Pennsylvania,2014,Female,Black,231,51856,445.46436285097200,365,1.220450309180750
Pennsylvania,2014,Female,White,1416,549786,257.5547576693480,365,0.705629473066706
Pennsylvania,2014,Male,American Indian/Alaska Native,0,1061,0.0,365,0.0
Pennsylvania,2014,Male,Asian/Pacific Islander,28,10986,254.86983433460800,365,0.6982735187249530
Pennsylvania,2014,Male,Black,330,37273,885.3593754192040,365,2.425642124436180
Pennsylvania,2014,Male,White,2583,487995,529.3087019334210,365,1.4501608272148500
Pennsylvania,2015,Female,American Indian/Alaska Native,,1353,,365,
Pennsylvania,2015,Female,Asian/Pacific Islander,10,13642,73.30303474563850,365,0.20083023217983100
Pennsylvania,2015,Female,Black,279,54513,511.8045236915970,365,1.4022041744975200
Pennsylvania,2015,Female,White,1522,568199,267.8638997956700,365,0.7338736980703290
Pennsylvania,2015,Male,American Indian/Alaska Native,,1144,,365,
Pennsylvania,2015,Male,Asian/Pacific Islander,34,11863,286.6054117845400,365,0.7852203062590140
Pennsylvania,2015,Male,Black,337,39149,860.8138138905210,365,2.3583940106589600
Pennsylvania,2015,Male,White,2670,506765,526.8714295580790,365,1.4434833686522700
Pennsylvania,2016,Female,American Indian/Alaska Native,,1515,,366,
Pennsylvania,2016,Female,Asian/Pacific Islander,16,14336,111.60714285714300,366,0.3049375487900080
Pennsylvania,2016,Female,Black,324,56819,570.2317886622430,366,1.5580103515361800
Pennsylvania,2016,Female,White,1550,585741,264.62207699307400,366,0.723011139325338
Pennsylvania,2016,Male,American Indian/Alaska Native,,1244,,366,
Pennsylvania,2016,Male,Asian/Pacific Islander,33,12298,268.33631484794300,366,0.733159330185636
Pennsylvania,2016,Male,Black,361,40795,884.9123667116070,366,2.417793351671060
Pennsylvania,2016,Male,White,2775,524258,529.3195335121260,366,1.4462282336396900
Pennsylvania,2017,Female,American Indian/Alaska Native,,1578,,365,
Pennsylvania,2017,Female,Asian/Pacific Islander,17,15341,110.81415813832200,365,0.3036004332556770
Pennsylvania,2017,Female,Black,272,59266,458.9477946883540,365,1.2573912183242600
Pennsylvania,2017,Female,White,1585,603331,262.708198318999,365,0.7197484885452030
Pennsylvania,2017,Male,American Indian/Alaska Native,,1394,,365,
Pennsylvania,2017,Male,Asian/Pacific Islander,30,13035,230.14959723820500,365,0.6305468417485060
Pennsylvania,2017,Male,Black,427,42483,1005.1079255231500,365,2.753720343899040
Pennsylvania,2017,Male,White,2836,542856,522.4221524676890,365,1.4312935684046300
Pennsylvania,2018,Female,American Indian/Alaska Native,0,1655,0.0,365,0.0
Pennsylvania,2018,Female,Asian/Pacific Islander,16,16066,99.5891945723889,365,0.27284710841750400
Pennsylvania,2018,Female,Black,288,61070,471.58997871295200,365,1.2920273389396000
Pennsylvania,2018,Female,White,1589,616538,257.7294505772560,365,0.7061080837733030
Pennsylvania,2018,Male,American Indian/Alaska Native,,1485,,365,
Pennsylvania,2018,Male,Asian/Pacific Islander,31,13758,225.32344817560700,365,0.617324515549608
Pennsylvania,2018,Male,Black,395,44141,894.8596542896630,365,2.451670285725100
Pennsylvania,2018,Male,White,3083,556037,554.4595053926270,365,1.5190671380619900
Pennsylvania,2019,Female,American Indian/Alaska Native,,1770,,365,
Pennsylvania,2019,Female,Asian/Pacific Islander,16,16997,94.13425898688000,365,0.2579020794161100
Pennsylvania,2019,Female,Black,305,63715,478.6941850427690,365,1.3114909179253900
Pennsylvania,2019,Female,White,1622,635650,255.1718713128290,365,0.699101017295423
Pennsylvania,2019,Male,American Indian/Alaska Native,,1641,,365,
Pennsylvania,2019,Male,Asian/Pacific Islander,25,14231,175.67282692713100,365,0.4812954162387150
Pennsylvania,2019,Male,Black,418,46148,905.7813989772040,365,2.4815928739101500
Pennsylvania,2019,Male,White,3015,573941,525.3153198673730,365,1.4392200544311600
Pennsylvania,2020,Female,American Indian/Alaska Native,0,1904,0.0,366,0.0
Pennsylvania,2020,Female,Asian/Pacific Islander,16,17935,89.21103986618340,366,0.24374601056334300
Pennsylvania,2020,Female,Black,338,66261,510.1039827349420,366,1.393726728784000
Pennsylvania,2020,Female,White,1747,656841,265.96999882772200,366,0.726693985868094
Pennsylvania,2020,Male,American Indian/Alaska Native,,1771,,366,
Pennsylvania,2020,Male,Asian/Pacific Islander,34,14849,228.971647922419,366,0.6256055954164450
Pennsylvania,2020,Male,Black,540,48314,1117.6884546922200,366,3.053793592055250
Pennsylvania,2020,Male,White,3240,593383,546.021709418706,366,1.4918625940401800
Pennsylvania,2021,Female,American Indian/Alaska Native,,1727,,365,
Pennsylvania,2021,Female,Asian/Pacific Islander,23,18228,126.1795040596880,365,0.34569727139640700
Pennsylvania,2021,Female,Black,326,67496,482.99158468650000,365,1.3232646155794500
Pennsylvania,2021,Female,White,1771,676604,261.74837866758100,365,0.7171188456646060
Pennsylvania,2021,Male,American Indian/Alaska Native,,1736,,365,
Pennsylvania,2021,Male,Asian/Pacific Islander,36,15321,234.9716075974150,365,0.6437578290340150
Pennsylvania,2021,Male,Black,506,50381,1004.3468767987900,365,2.751635278900800
Pennsylvania,2021,Male,White,3426,624450,548.6428056689890,365,1.5031309744355900
Pennsylvania,2022,Female,American Indian/Alaska Native,,1876,,365,
Pennsylvania,2022,Female,Asian/Pacific Islander,0,294,0.0,365,0.0
Pennsylvania,2022,Female,Black,377,68719,548.6110100554430,365,1.5030438631656000
Pennsylvania,2022,Female,White,1788,675995,264.4989977736520,365,0.7246547884209650
Pennsylvania,2022,Male,American Indian/Alaska Native,,1807,,365,
Pennsylvania,2022,Male,Asian/Pacific Islander,43,15997,268.80040007501400,365,0.7364394522603130
Pennsylvania,2022,Male,Black,523,50709,1031.3751010668700,365,2.8256852084023900
Pennsylvania,2022,Male,White,3312,624959,529.9547650325860,365,1.4519308631029800
Pennsylvania,2023,Female,American Indian/Alaska Native,0,2035,0.0,365,0.0
Pennsylvania,2023,Female,Asian/Pacific Islander,20,20118,99.41346058256290,365,0.2723656454316790
Pennsylvania,2023,Female,Black,308,71440,431.1310190369540,365,1.181180874073850
Pennsylvania,2023,Female,White,1649,692171,238.23592724919100,365,0.6527011705457300
Pennsylvania,2023,Male,American Indian/Alaska Native,,1868,,365,
Pennsylvania,2023,Male,Asian/Pacific Islander,32,16660,192.07683073229300,365,0.526237892417241
Pennsylvania,2023,Male,Black,522,53065,983.699236785075,365,2.69506640215089
Pennsylvania,2023,Male,White,3170,639520,495.684263197398,365,1.3580390772531500
Pennsylvania,2024,Female,American Indian/Alaska Native,,2146,,366,
Pennsylvania,2024,Female,Asian/Pacific Islander,17,21622,78.62362408657850,366,0.2148186450452960
Pennsylvania,2024,Female,Black,359,73364,489.3408211111720,366,1.3369967789922700
Pennsylvania,2024,Female,White,1611,702673,229.26738326362300,366,0.6264136154743810
Pennsylvania,2024,Male,American Indian/Alaska Native,,2003,,366,
Pennsylvania,2024,Male,Asian/Pacific Islander,49,17614,278.1878051549900,366,0.7600759703688260
Pennsylvania,2024,Male,Black,529,54921,963.2016896997510,366,2.6316986057370200
Pennsylvania,2024,Male,White,3125,650573,480.34578748272700,366,1.3124201843790300
Pennsylvania,2025,Female,American Indian/Alaska Native,,2146,,365,
Pennsylvania,2025,Female,Asian/Pacific Islander,19,21622,87.87346221441130,365,0.24074921154633200
Pennsylvania,2025,Female,Black,331,73364,451.17496319720800,365,1.236095789581390
Pennsylvania,2025,Female,White,1700,702673,241.9333032577030,365,0.6628309678293240
Pennsylvania,2025,Male,American Indian/Alaska Native,,2003,,365,
Pennsylvania,2025,Male,Asian/Pacific Islander,38,17614,215.73748154876800,365,0.5910615932842960
Pennsylvania,2025,Male,Black,549,54921,999.6176325995520,365,2.7386784454782200
Pennsylvania,2025,Male,White,3309,650573,508.62854744971000,365,1.393502869725230
Rhode Island,1999,Female,American Indian/Alaska Native,0,154,0.0,365,0.0
Rhode Island,1999,Female,Asian/Pacific Islander,,413,,365,
Rhode Island,1999,Female,Black,,1306,,365,
Rhode Island,1999,Female,White,150,40120,373.8783649052840,365,1.0243242874117400
Rhode Island,1999,Male,American Indian/Alaska Native,,96,,365,
Rhode Island,1999,Male,Asian/Pacific Islander,,343,,365,
Rhode Island,1999,Male,Black,14,932,1502.145922746780,365,4.11546828149803
Rhode Island,1999,Male,White,299,31638,945.0660598015050,365,2.5892220816479600
Rhode Island,2000,Female,American Indian/Alaska Native,,149,,366,
Rhode Island,2000,Female,Asian/Pacific Islander,,442,,366,
Rhode Island,2000,Female,Black,11,1333,825.2063015753940,366,2.2546620261622800
Rhode Island,2000,Female,White,161,39209,410.6200107118260,366,1.1219125975733000
Rhode Island,2000,Male,American Indian/Alaska Native,0,114,0.0,366,0.0
Rhode Island,2000,Male,Asian/Pacific Islander,,369,,366,
Rhode Island,2000,Male,Black,11,945,1164.021164021160,366,3.180385694046900
Rhode Island,2000,Male,White,282,31123,906.082318542557,366,2.4756347501162800
Rhode Island,2001,Female,American Indian/Alaska Native,,166,,365,
Rhode Island,2001,Female,Asian/Pacific Islander,,471,,365,
Rhode Island,2001,Female,Black,,1377,,365,
Rhode Island,2001,Female,White,159,37992,418.5091598231210,365,1.1466004378715600
Rhode Island,2001,Male,American Indian/Alaska Native,0,110,0.0,365,0.0
Rhode Island,2001,Male,Asian/Pacific Islander,0,412,0.0,365,0.0
Rhode Island,2001,Male,Black,,942,,365,
Rhode Island,2001,Male,White,256,30248,846.3369478973820,365,2.3187313641024200
Rhode Island,2002,Female,American Indian/Alaska Native,,175,,365,
Rhode Island,2002,Female,Asian/Pacific Islander,,495,,365,
Rhode Island,2002,Female,Black,,1422,,365,
Rhode Island,2002,Female,White,145,36925,392.68788083954000,365,1.0758572077795600
Rhode Island,2002,Male,American Indian/Alaska Native,0,112,0.0,365,0.0
Rhode Island,2002,Male,Asian/Pacific Islander,,448,,365,
Rhode Island,2002,Male,Black,,985,,365,
Rhode Island,2002,Male,White,270,29462,916.4347294820450,365,2.5107800807727300
Rhode Island,2003,Female,American Indian/Alaska Native,,185,,365,
Rhode Island,2003,Female,Asian/Pacific Islander,,535,,365,
Rhode Island,2003,Female,Black,,1442,,365,
Rhode Island,2003,Female,White,129,36028,358.0548462307090,365,0.9809721814539990
Rhode Island,2003,Male,American Indian/Alaska Native,,133,,365,
Rhode Island,2003,Male,Asian/Pacific Islander,,471,,365,
Rhode Island,2003,Male,Black,10,1059,944.2870632672330,365,2.5870878445677600
Rhode Island,2003,Male,White,219,29018,754.7039768419600,365,2.067682128334140
Rhode Island,2004,Female,American Indian/Alaska Native,,203,,366,
Rhode Island,2004,Female,Asian/Pacific Islander,,580,,366,
Rhode Island,2004,Female,Black,13,1477,880.1624915368990,366,2.4048155506472700
Rhode Island,2004,Female,White,122,35378,344.84708010628100,366,0.9422051369024070
Rhode Island,2004,Male,American Indian/Alaska Native,,136,,366,
Rhode Island,2004,Male,Asian/Pacific Islander,,504,,366,
Rhode Island,2004,Male,Black,11,1050,1047.6190476190500,366,2.8623471246422100
Rhode Island,2004,Male,White,229,28674,798.6329078607800,366,2.182057125302680
Rhode Island,2005,Female,American Indian/Alaska Native,,207,,365,
Rhode Island,2005,Female,Asian/Pacific Islander,,578,,365,
Rhode Island,2005,Female,Black,,1514,,365,
Rhode Island,2005,Female,White,126,34604,364.1197549416250,365,0.997588369703083
Rhode Island,2005,Male,American Indian/Alaska Native,0,136,0.0,365,0.0
Rhode Island,2005,Male,Asian/Pacific Islander,,532,,365,
Rhode Island,2005,Male,Black,10,1116,896.0573476702510,365,2.454951637452740
Rhode Island,2005,Male,White,197,28460,692.1995783555870,365,1.8964372009742100
Rhode Island,2006,Female,American Indian/Alaska Native,,209,,365,
Rhode Island,2006,Female,Asian/Pacific Islander,0,602,0.0,365,0.0
Rhode Island,2006,Female,Black,,1512,,365,
Rhode Island,2006,Female,White,113,34411,328.38336578419700,365,0.8996804542032790
Rhode Island,2006,Male,American Indian/Alaska Native,,147,,365,
Rhode Island,2006,Male,Asian/Pacific Islander,,553,,365,
Rhode Island,2006,Male,Black,,1109,,365,
Rhode Island,2006,Male,White,177,28353,624.2725637498680,365,1.710335791095530
Rhode Island,2007,Female,American Indian/Alaska Native,,211,,365,
Rhode Island,2007,Female,Asian/Pacific Islander,0,616,0.0,365,0.0
Rhode Island,2007,Female,Black,,1559,,365,
Rhode Island,2007,Female,White,99,34803,284.4582363589350,365,0.7793376338600950
Rhode Island,2007,Male,American Indian/Alaska Native,0,146,0.0,365,0.0
Rhode Island,2007,Male,Asian/Pacific Islander,,545,,365,
Rhode Island,2007,Male,Black,,1136,,365,
Rhode Island,2007,Male,White,184,28861,637.5385468278990,365,1.7466809502134200
Rhode Island,2008,Female,American Indian/Alaska Native,0,216,0.0,366,0.0
Rhode Island,2008,Female,Asian/Pacific Islander,0,631,0.0,366,0.0
Rhode Island,2008,Female,Black,,1593,,366,
Rhode Island,2008,Female,White,101,35912,281.24303853865,366,0.7684236025646180
Rhode Island,2008,Male,American Indian/Alaska Native,0,150,0.0,366,0.0
Rhode Island,2008,Male,Asian/Pacific Islander,,584,,366,
Rhode Island,2008,Male,Black,,1188,,366,
Rhode Island,2008,Male,White,187,30141,620.4173716864070,366,1.6951294308371800
Rhode Island,2009,Female,American Indian/Alaska Native,,218,,365,
Rhode Island,2009,Female,Asian/Pacific Islander,,663,,365,
Rhode Island,2009,Female,Black,,1619,,365,
Rhode Island,2009,Female,White,98,36933,265.34535510248300,365,0.7269735756232410
Rhode Island,2009,Male,American Indian/Alaska Native,,151,,365,
Rhode Island,2009,Male,Asian/Pacific Islander,,593,,365,
Rhode Island,2009,Male,Black,,1231,,365,
Rhode Island,2009,Male,White,158,31110,507.875281260045,365,1.3914391267398500
Rhode Island,2010,Female,American Indian/Alaska Native,0,224,0.0,365,0.0
Rhode Island,2010,Female,Asian/Pacific Islander,0,693,0.0,365,0.0
Rhode Island,2010,Female,Black,,1639,,365,
Rhode Island,2010,Female,White,99,37519,263.866307737413,365,0.7229213910614060
Rhode Island,2010,Male,American Indian/Alaska Native,0,169,0.0,365,0.0
Rhode Island,2010,Male,Asian/Pacific Islander,,605,,365,
Rhode Island,2010,Male,Black,,1249,,365,
Rhode Island,2010,Male,White,177,31781,556.9365344073500,365,1.5258535189242500
Rhode Island,2011,Female,American Indian/Alaska Native,,232,,365,
Rhode Island,2011,Female,Asian/Pacific Islander,,731,,365,
Rhode Island,2011,Female,Black,,1714,,365,
Rhode Island,2011,Female,White,113,38550,293.1258106355380,365,0.8030844127001050
Rhode Island,2011,Male,American Indian/Alaska Native,0,187,0.0,365,0.0
Rhode Island,2011,Male,Asian/Pacific Islander,,650,,365,
Rhode Island,2011,Male,Black,,1340,,365,
Rhode Island,2011,Male,White,142,33081,429.249418094979,365,1.1760258029999400
Rhode Island,2012,Female,American Indian/Alaska Native,,241,,366,
Rhode Island,2012,Female,Asian/Pacific Islander,0,796,0.0,366,0.0
Rhode Island,2012,Female,Black,,1785,,366,
Rhode Island,2012,Female,White,89,41119,216.44495245506900,366,0.5913796515165830
Rhode Island,2012,Male,American Indian/Alaska Native,,184,,366,
Rhode Island,2012,Male,Asian/Pacific Islander,,708,,366,
Rhode Island,2012,Male,Black,,1467,,366,
Rhode Island,2012,Male,White,191,35735,534.4899958024350,366,1.4603551797880700
Rhode Island,2013,Female,American Indian/Alaska Native,,277,,365,
Rhode Island,2013,Female,Asian/Pacific Islander,,848,,365,
Rhode Island,2013,Female,Black,,1882,,365,
Rhode Island,2013,Female,White,98,43076,227.50487510446700,365,0.62330102768347
Rhode Island,2013,Male,American Indian/Alaska Native,0,192,0.0,365,0.0
Rhode Island,2013,Male,Asian/Pacific Islander,0,773,0.0,365,0.0
Rhode Island,2013,Male,Black,,1582,,365,
Rhode Island,2013,Male,White,166,37507,442.5840509771510,365,1.212559043773020
Rhode Island,2014,Female,American Indian/Alaska Native,0,267,0.0,365,0.0
Rhode Island,2014,Female,Asian/Pacific Islander,,906,,365,
Rhode Island,2014,Female,Black,,1938,,365,
Rhode Island,2014,Female,White,113,44726,252.64946563520100,365,0.6921903168087700
Rhode Island,2014,Male,American Indian/Alaska Native,0,188,0.0,365,0.0
Rhode Island,2014,Male,Asian/Pacific Islander,,850,,365,
Rhode Island,2014,Male,Black,,1720,,365,
Rhode Island,2014,Male,White,181,39056,463.43711593609200,365,1.2696907285920300
Rhode Island,2015,Female,American Indian/Alaska Native,,283,,365,
Rhode Island,2015,Female,Asian/Pacific Islander,,1016,,365,
Rhode Island,2015,Female,Black,,2059,,365,
Rhode Island,2015,Female,White,107,46308,231.06158763064700,365,0.6330454455634170
Rhode Island,2015,Male,American Indian/Alaska Native,,194,,365,
Rhode Island,2015,Male,Asian/Pacific Islander,,910,,365,
Rhode Island,2015,Male,Black,11,1920,572.9166666666670,365,1.569634703196350
Rhode Island,2015,Male,White,184,40664,452.48868778280500,365,1.239695035021390
Rhode Island,2016,Female,American Indian/Alaska Native,,260,,366,
Rhode Island,2016,Female,Asian/Pacific Islander,,1061,,366,
Rhode Island,2016,Female,Black,,2123,,366,
Rhode Island,2016,Female,White,111,47965,231.41874283331600,366,0.6322916470855630
Rhode Island,2016,Male,American Indian/Alaska Native,,203,,366,
Rhode Island,2016,Male,Asian/Pacific Islander,,948,,366,
Rhode Island,2016,Male,Black,10,2094,477.5549188156640,366,1.304794860152090
Rhode Island,2016,Male,White,189,42279,447.03044064429100,366,1.2213946465691000
Rhode Island,2017,Female,American Indian/Alaska Native,,266,,365,
Rhode Island,2017,Female,Asian/Pacific Islander,,1120,,365,
Rhode Island,2017,Female,Black,,2328,,365,
Rhode Island,2017,Female,White,117,49575,236.00605143721600,365,0.6465919217457980
Rhode Island,2017,Male,American Indian/Alaska Native,,221,,365,
Rhode Island,2017,Male,Asian/Pacific Islander,,987,,365,
Rhode Island,2017,Male,Black,,2179,,365,
Rhode Island,2017,Male,White,230,43734,525.9066172771760,365,1.4408400473347300
Rhode Island,2018,Female,American Indian/Alaska Native,0,289,0.0,365,0.0
Rhode Island,2018,Female,Asian/Pacific Islander,,1131,,365,
Rhode Island,2018,Female,Black,,2495,,365,
Rhode Island,2018,Female,White,112,50557,221.53213204897400,365,0.606937348079382
Rhode Island,2018,Male,American Indian/Alaska Native,,231,,365,
Rhode Island,2018,Male,Asian/Pacific Islander,,1007,,365,
Rhode Island,2018,Male,Black,12,2272,528.169014084507,365,1.4470383947520700
Rhode Island,2018,Male,White,237,44613,531.2352901620600,365,1.4554391511289300
Rhode Island,2019,Female,American Indian/Alaska Native,0,306,0.0,365,0.0
Rhode Island,2019,Female,Asian/Pacific Islander,0,1201,0.0,365,0.0
Rhode Island,2019,Female,Black,,2698,,365,
Rhode Island,2019,Female,White,117,52255,223.90201894555500,365,0.6134301888919330
Rhode Island,2019,Male,American Indian/Alaska Native,,239,,365,
Rhode Island,2019,Male,Asian/Pacific Islander,,1034,,365,
Rhode Island,2019,Male,Black,12,2475,484.8484848484850,365,1.3283520132835200
Rhode Island,2019,Male,White,215,45951,467.8897086026420,365,1.2818896126099800
Rhode Island,2020,Female,American Indian/Alaska Native,,335,,366,
Rhode Island,2020,Female,Asian/Pacific Islander,,1252,,366,
Rhode Island,2020,Female,Black,,2872,,366,
Rhode Island,2020,Female,White,107,54345,196.8902382923910,366,0.5379514707442380
Rhode Island,2020,Male,American Indian/Alaska Native,0,276,0.0,366,0.0
Rhode Island,2020,Male,Asian/Pacific Islander,,1088,,366,
Rhode Island,2020,Male,Black,,2642,,366,
Rhode Island,2020,Male,White,232,47522,488.1949412903500,366,1.3338659598097000
Rhode Island,2021,Female,American Indian/Alaska Native,0,358,0.0,365,0.0
Rhode Island,2021,Female,Asian/Pacific Islander,0,68,0.0,365,0.0
Rhode Island,2021,Female,Black,,2944,,365,
Rhode Island,2021,Female,White,113,57421,196.79211438324000,365,0.5391564777623000
Rhode Island,2021,Male,American Indian/Alaska Native,,297,,365,
Rhode Island,2021,Male,Asian/Pacific Islander,0,53,0.0,365,0.0
Rhode Island,2021,Male,Black,12,2744,437.3177842565600,365,1.1981309157714000
Rhode Island,2021,Male,White,227,51145,443.8361521165310,365,1.2159894578535100
Rhode Island,2022,Female,American Indian/Alaska Native,0,366,0.0,365,0.0
Rhode Island,2022,Female,Asian/Pacific Islander,0,1278,0.0,365,0.0
Rhode Island,2022,Female,Black,12,3108,386.1003861003860,365,1.057809276987360
Rhode Island,2022,Female,White,130,57760,225.06925207756200,365,0.6166280878837330
Rhode Island,2022,Male,American Indian/Alaska Native,,310,,365,
Rhode Island,2022,Male,Asian/Pacific Islander,0,52,0.0,365,0.0
Rhode Island,2022,Male,Black,,2969,,365,
Rhode Island,2022,Male,White,258,51291,503.012224366848,365,1.3781156831968400
Rhode Island,2023,Female,American Indian/Alaska Native,0,394,0.0,365,0.0
Rhode Island,2023,Female,Asian/Pacific Islander,0,75,0.0,365,0.0
Rhode Island,2023,Female,Black,12,3393,353.66931918656100,365,0.9689570388672890
Rhode Island,2023,Female,White,129,59434,217.04748123969400,365,0.5946506335334090
Rhode Island,2023,Male,American Indian/Alaska Native,0,319,0.0,365,0.0
Rhode Island,2023,Male,Asian/Pacific Islander,0,58,0.0,365,0.0
Rhode Island,2023,Male,Black,16,3242,493.52251696483700,365,1.3521164848351700
Rhode Island,2023,Male,White,255,52720,483.6874051593320,365,1.3251709730392700
Rhode Island,2024,Female,American Indian/Alaska Native,0,450,0.0,366,0.0
Rhode Island,2024,Female,Asian/Pacific Islander,0,77,0.0,366,0.0
Rhode Island,2024,Female,Black,16,3750,426.6666666666670,366,1.1657559198542800
Rhode Island,2024,Female,White,116,60635,191.3086501195680,366,0.5227012298348850
Rhode Island,2024,Male,American Indian/Alaska Native,,349,,366,
Rhode Island,2024,Male,Asian/Pacific Islander,0,62,0.0,366,0.0
Rhode Island,2024,Male,Black,13,3534,367.85512167515600,366,1.0050686384567100
Rhode Island,2024,Male,White,263,53544,491.1848199611540,366,1.3420350272162700
Rhode Island,2025,Female,American Indian/Alaska Native,0,450,0.0,365,0.0
Rhode Island,2025,Female,Asian/Pacific Islander,0,77,0.0,365,0.0
Rhode Island,2025,Female,Black,10,3750,266.6666666666670,365,0.730593607305936
Rhode Island,2025,Female,White,141,60635,232.53896264533700,365,0.6370930483433890
Rhode Island,2025,Male,American Indian/Alaska Native,0,349,0.0,365,0.0
Rhode Island,2025,Male,Asian/Pacific Islander,0,62,0.0,365,0.0
Rhode Island,2025,Male,Black,22,3534,622.524052065648,365,1.705545348125060
Rhode Island,2025,Male,White,243,53544,453.8323621694310,365,1.2433763347107700
South Carolina,1999,Female,American Indian/Alaska Native,0,212,0.0,365,0.0
South Carolina,1999,Female,Asian/Pacific Islander,,692,,365,
South Carolina,1999,Female,Black,292,34503,846.3032200098540,365,2.318638958931110
South Carolina,1999,Female,White,537,114073,470.7511856442800,365,1.2897292757377500
South Carolina,1999,Male,American Indian/Alaska Native,,198,,365,
South Carolina,1999,Male,Asian/Pacific Islander,,405,,365,
South Carolina,1999,Male,Black,328,23511,1395.0916592233400,365,3.8221689293790200
South Carolina,1999,Male,White,972,95802,1014.5925972317900,365,2.779705745840520
South Carolina,2000,Female,American Indian/Alaska Native,,273,,366,
South Carolina,2000,Female,Asian/Pacific Islander,,805,,366,
South Carolina,2000,Female,Black,270,34274,787.7691544611080,366,2.152374738964780
South Carolina,2000,Female,White,498,113883,437.290903822344,366,1.1947838902249800
South Carolina,2000,Male,American Indian/Alaska Native,0,235,0.0,366,0.0
South Carolina,2000,Male,Asian/Pacific Islander,,464,,366,
South Carolina,2000,Male,Black,271,23375,1159.3582887700500,366,3.1676455977323900
South Carolina,2000,Male,White,943,96739,974.7878311746040,366,2.6633547299852600
South Carolina,2001,Female,American Indian/Alaska Native,0,282,0.0,365,0.0
South Carolina,2001,Female,Asian/Pacific Islander,,911,,365,
South Carolina,2001,Female,Black,248,34545,717.9041829497760,365,1.9668607752048600
South Carolina,2001,Female,White,471,114698,410.6436032014510,365,1.1250509676752100
South Carolina,2001,Male,American Indian/Alaska Native,0,255,0.0,365,0.0
South Carolina,2001,Male,Asian/Pacific Islander,,535,,365,
South Carolina,2001,Male,Black,309,24003,1287.339082614670,365,3.5269563907251300
South Carolina,2001,Male,White,800,98372,813.2395397064210,365,2.2280535334422500
South Carolina,2002,Female,American Indian/Alaska Native,0,297,0.0,365,0.0
South Carolina,2002,Female,Asian/Pacific Islander,,981,,365,
South Carolina,2002,Female,Black,246,34751,707.893298034589,365,1.9394336932454500
South Carolina,2002,Female,White,474,115614,409.9849499195600,365,1.1232464381357800
South Carolina,2002,Male,American Indian/Alaska Native,,276,,365,
South Carolina,2002,Male,Asian/Pacific Islander,,623,,365,
South Carolina,2002,Male,Black,289,24390,1184.9118491184900,365,3.2463338332013500
South Carolina,2002,Male,White,831,99874,832.0483809600100,365,2.279584605369890
South Carolina,2003,Female,American Indian/Alaska Native,,316,,365,
South Carolina,2003,Female,Asian/Pacific Islander,,1046,,365,
South Carolina,2003,Female,Black,255,35081,726.8891992816620,365,1.9914772583059200
South Carolina,2003,Female,White,454,117022,387.9612380578010,365,1.062907501528220
South Carolina,2003,Male,American Indian/Alaska Native,0,296,0.0,365,0.0
South Carolina,2003,Male,Asian/Pacific Islander,,723,,365,
South Carolina,2003,Male,Black,271,24898,1088.4408386215800,365,2.982029694853630
South Carolina,2003,Male,White,763,101792,749.5677459918270,365,2.053610262991310
South Carolina,2004,Female,American Indian/Alaska Native,,328,,366,
South Carolina,2004,Female,Asian/Pacific Islander,,1122,,366,
South Carolina,2004,Female,Black,220,35493,619.8405319358750,366,1.6935533659450100
South Carolina,2004,Female,White,462,119291,387.2882279467860,366,1.0581645572316500
South Carolina,2004,Male,American Indian/Alaska Native,,312,,366,
South Carolina,2004,Male,Asian/Pacific Islander,,831,,366,
South Carolina,2004,Male,Black,287,25646,1119.0828979178000,366,3.0576035462235100
South Carolina,2004,Male,White,720,104617,688.2246671191110,366,1.8803952653527600
South Carolina,2005,Female,American Indian/Alaska Native,0,352,0.0,365,0.0
South Carolina,2005,Female,Asian/Pacific Islander,,1225,,365,
South Carolina,2005,Female,Black,221,36414,606.9094304388420,365,1.662765562846140
South Carolina,2005,Female,White,423,122793,344.48217732281200,365,0.9437867871857850
South Carolina,2005,Male,American Indian/Alaska Native,,363,,365,
South Carolina,2005,Male,Asian/Pacific Islander,,930,,365,
South Carolina,2005,Male,Black,279,26571,1050.0169357570300,365,2.8767587281014500
South Carolina,2005,Male,White,770,108491,709.7362914896170,365,1.9444829903825100
South Carolina,2006,Female,American Indian/Alaska Native,,395,,365,
South Carolina,2006,Female,Asian/Pacific Islander,,1337,,365,
South Carolina,2006,Female,Black,213,38074,559.4368860639810,365,1.5327037974355600
South Carolina,2006,Female,White,410,128688,318.6000248663430,365,0.8728767804557350
South Carolina,2006,Male,American Indian/Alaska Native,,416,,365,
South Carolina,2006,Male,Asian/Pacific Islander,,1089,,365,
South Carolina,2006,Male,Black,274,27811,985.2216748768470,365,2.69923746541602
South Carolina,2006,Male,White,742,114557,647.712492470997,365,1.7745547738931400
South Carolina,2007,Female,American Indian/Alaska Native,0,433,0.0,365,0.0
South Carolina,2007,Female,Asian/Pacific Islander,,1407,,365,
South Carolina,2007,Female,Black,212,39320,539.1658189216680,365,1.4771666271826500
South Carolina,2007,Female,White,412,133684,308.18946171568800,365,0.8443546896320210
South Carolina,2007,Male,American Indian/Alaska Native,,431,,365,
South Carolina,2007,Male,Asian/Pacific Islander,,1196,,365,
South Carolina,2007,Male,Black,293,28991,1010.6584802180000,365,2.76892734306301
South Carolina,2007,Male,White,734,120174,610.7810341671240,365,1.6733726963482900
South Carolina,2008,Female,American Indian/Alaska Native,0,493,0.0,366,0.0
South Carolina,2008,Female,Asian/Pacific Islander,0,1532,0.0,366,0.0
South Carolina,2008,Female,Black,220,40991,536.7031787465540,366,1.4664021277228300
South Carolina,2008,Female,White,408,140633,290.1168289092890,366,0.792668931446144
South Carolina,2008,Male,American Indian/Alaska Native,0,479,0.0,366,0.0
South Carolina,2008,Male,Asian/Pacific Islander,,1293,,366,
South Carolina,2008,Male,Black,263,30295,868.1300544644330,366,2.3719400395203100
South Carolina,2008,Male,White,726,127107,571.1723193844560,366,1.560580107607800
South Carolina,2009,Female,American Indian/Alaska Native,,541,,365,
South Carolina,2009,Female,Asian/Pacific Islander,,1643,,365,
South Carolina,2009,Female,Black,193,41942,460.1592675599640,365,1.2607103220820900
South Carolina,2009,Female,White,386,147566,261.57787024111200,365,0.716651699290719
South Carolina,2009,Male,American Indian/Alaska Native,,526,,365,
South Carolina,2009,Male,Asian/Pacific Islander,,1385,,365,
South Carolina,2009,Male,Black,292,31234,934.878657872831,365,2.561311391432410
South Carolina,2009,Male,White,745,133887,556.4393854519110,365,1.5244914669915400
South Carolina,2010,Female,American Indian/Alaska Native,0,574,0.0,365,0.0
South Carolina,2010,Female,Asian/Pacific Islander,,1753,,365,
South Carolina,2010,Female,Black,228,43232,527.3871206513690,365,1.4448962209626600
South Carolina,2010,Female,White,428,151417,282.66310916211500,365,0.77441947715648
South Carolina,2010,Male,American Indian/Alaska Native,,543,,365,
South Carolina,2010,Male,Asian/Pacific Islander,,1448,,365,
South Carolina,2010,Male,Black,284,32290,879.5292660266340,365,2.409669221990780
South Carolina,2010,Male,White,778,137786,564.6437228746030,365,1.5469691037660300
South Carolina,2011,Female,American Indian/Alaska Native,,644,,365,
South Carolina,2011,Female,Asian/Pacific Islander,,1961,,365,
South Carolina,2011,Female,Black,228,45459,501.5508480168940,365,1.3741119123750500
South Carolina,2011,Female,White,422,158388,266.43432583276500,365,0.7299570570760690
South Carolina,2011,Male,American Indian/Alaska Native,,610,,365,
South Carolina,2011,Male,Asian/Pacific Islander,,1620,,365,
South Carolina,2011,Male,Black,267,34115,782.646929503151,365,2.1442381630223300
South Carolina,2011,Male,White,776,144412,537.3514666371220,365,1.4721957990058100
South Carolina,2012,Female,American Indian/Alaska Native,,703,,366,
South Carolina,2012,Female,Asian/Pacific Islander,,2212,,366,
South Carolina,2012,Female,Black,223,48248,462.1953241585140,366,1.2628287545314600
South Carolina,2012,Female,White,438,171004,256.1343594301890,366,0.6998206541808440
South Carolina,2012,Male,American Indian/Alaska Native,,674,,366,
South Carolina,2012,Male,Asian/Pacific Islander,,1751,,366,
South Carolina,2012,Male,Black,291,36661,793.7590354873030,366,2.1687405341183100
South Carolina,2012,Male,White,804,155812,516.0064693348390,366,1.4098537413520200
South Carolina,2013,Female,American Indian/Alaska Native,,777,,365,
South Carolina,2013,Female,Asian/Pacific Islander,,2476,,365,
South Carolina,2013,Female,Black,219,51010,429.3275828268970,365,1.1762399529504000
South Carolina,2013,Female,White,469,180301,260.12057614766400,365,0.7126591127333270
South Carolina,2013,Male,American Indian/Alaska Native,,758,,365,
South Carolina,2013,Male,Asian/Pacific Islander,,1876,,365,
South Carolina,2013,Male,Black,328,38981,841.4355711757010,365,2.3053029347279500
South Carolina,2013,Male,White,894,164745,542.6568332878090,365,1.4867310501035800
South Carolina,2014,Female,American Indian/Alaska Native,0,844,0.0,365,0.0
South Carolina,2014,Female,Asian/Pacific Islander,,2765,,365,
South Carolina,2014,Female,Black,213,54416,391.4289914730960,365,1.0724081958167000
South Carolina,2014,Female,White,455,190022,239.44595888897100,365,0.6560163257232080
South Carolina,2014,Male,American Indian/Alaska Native,,839,,365,
South Carolina,2014,Male,Asian/Pacific Islander,,2053,,365,
South Carolina,2014,Male,Black,350,41644,840.4572087215450,365,2.3026224896480700
South Carolina,2014,Male,White,950,173588,547.2728529621860,365,1.4993776793484600
South Carolina,2015,Female,American Indian/Alaska Native,,894,,365,
South Carolina,2015,Female,Asian/Pacific Islander,,2977,,365,
South Carolina,2015,Female,Black,251,57822,434.09083047974800,365,1.189289946519860
South Carolina,2015,Female,White,493,199041,247.68766234092500,365,0.6785963351806160
South Carolina,2015,Male,American Indian/Alaska Native,,909,,365,
South Carolina,2015,Male,Asian/Pacific Islander,,2258,,365,
South Carolina,2015,Male,Black,335,44093,759.7577846823760,365,2.0815281772119900
South Carolina,2015,Male,White,993,181489,547.1405980527750,365,1.499015337130890
South Carolina,2016,Female,American Indian/Alaska Native,,955,,366,
South Carolina,2016,Female,Asian/Pacific Islander,,3315,,366,
South Carolina,2016,Female,Black,270,61349,440.104973186197,366,1.2024726043338700
South Carolina,2016,Female,White,559,208490,268.11837498201400,366,0.7325638660710750
South Carolina,2016,Male,American Indian/Alaska Native,,977,,366,
South Carolina,2016,Male,Asian/Pacific Islander,,2385,,366,
South Carolina,2016,Male,Black,402,46855,857.966065521289,366,2.344169577927020
South Carolina,2016,Male,White,989,188960,523.3911939034720,366,1.4300305844357100
South Carolina,2017,Female,American Indian/Alaska Native,,1005,,365,
South Carolina,2017,Female,Asian/Pacific Islander,,3519,,365,
South Carolina,2017,Female,Black,254,64666,392.78755451087100,365,1.0761302863311500
South Carolina,2017,Female,White,536,216961,247.0490088080350,365,0.6768465994740670
South Carolina,2017,Male,American Indian/Alaska Native,,1031,,365,
South Carolina,2017,Male,Asian/Pacific Islander,,2528,,365,
South Carolina,2017,Male,Black,405,49107,824.7296719408640,365,2.2595333477831900
South Carolina,2017,Male,White,1040,194733,534.0645910040930,365,1.4631906602851900
South Carolina,2018,Female,American Indian/Alaska Native,,1063,,365,
South Carolina,2018,Female,Asian/Pacific Islander,,3692,,365,
South Carolina,2018,Female,Black,291,67663,430.0725655084760,365,1.1782810013930800
South Carolina,2018,Female,White,514,223566,229.9097358274510,365,0.629889687198497
South Carolina,2018,Male,American Indian/Alaska Native,,1101,,365,
South Carolina,2018,Male,Asian/Pacific Islander,10,2694,371.1952487008170,365,1.0169732841118300
South Carolina,2018,Male,Black,415,51011,813.5500186234340,365,2.228904160612150
South Carolina,2018,Male,White,1075,199041,540.0897302565800,365,1.4796978911139200
South Carolina,2019,Female,American Indian/Alaska Native,0,1113,0.0,365,0.0
South Carolina,2019,Female,Asian/Pacific Islander,,3986,,365,
South Carolina,2019,Female,Black,262,71325,367.3326323168600,365,1.006390773470850
South Carolina,2019,Female,White,553,232065,238.29530519466500,365,0.6528638498483980
South Carolina,2019,Male,American Indian/Alaska Native,,1141,,365,
South Carolina,2019,Male,Asian/Pacific Islander,,2795,,365,
South Carolina,2019,Male,Black,386,53140,726.3831388784340,365,1.9900907914477700
South Carolina,2019,Male,White,998,205035,486.74616528885300,365,1.3335511377776800
South Carolina,2020,Female,American Indian/Alaska Native,,1216,,366,
South Carolina,2020,Female,Asian/Pacific Islander,,4376,,366,
South Carolina,2020,Female,Black,310,74488,416.17441735581600,366,1.1370885720104300
South Carolina,2020,Female,White,606,241427,251.00755093672200,366,0.6858129807014270
South Carolina,2020,Male,American Indian/Alaska Native,,1242,,366,
South Carolina,2020,Male,Asian/Pacific Islander,,2979,,366,
South Carolina,2020,Male,Black,442,55305,799.2044118976580,366,2.183618611742240
South Carolina,2020,Male,White,1104,212015,520.7178737353490,366,1.4227264309709000
South Carolina,2021,Female,American Indian/Alaska Native,,1234,,365,
South Carolina,2021,Female,Asian/Pacific Islander,0,146,0.0,365,0.0
South Carolina,2021,Female,Black,357,74514,479.10459779370300,365,1.3126153364211000
South Carolina,2021,Female,White,664,241238,275.24685165687,365,0.7541009634434790
South Carolina,2021,Male,American Indian/Alaska Native,,1237,,365,
South Carolina,2021,Male,Asian/Pacific Islander,0,96,0.0,365,0.0
South Carolina,2021,Male,Black,488,56239,867.7252440477250,365,2.3773294357471900
South Carolina,2021,Male,White,1235,215115,574.1115217441830,365,1.5729082787511900
South Carolina,2022,Female,American Indian/Alaska Native,,1297,,365,
South Carolina,2022,Female,Asian/Pacific Islander,,4435,,365,
South Carolina,2022,Female,Black,296,75415,392.49486176490100,365,1.0753283883969900
South Carolina,2022,Female,White,616,242707,253.80396939519700,365,0.695353340808758
South Carolina,2022,Male,American Indian/Alaska Native,,1312,,365,
South Carolina,2022,Male,Asian/Pacific Islander,0,97,0.0,365,0.0
South Carolina,2022,Male,Black,485,56475,858.7870739265160,365,2.3528412984288100
South Carolina,2022,Male,White,1164,215470,540.214414999768,365,1.4800394931500500
South Carolina,2023,Female,American Indian/Alaska Native,,1364,,365,
South Carolina,2023,Female,Asian/Pacific Islander,,4763,,365,
South Carolina,2023,Female,Black,323,77578,416.35515223388100,365,1.1406990472161100
South Carolina,2023,Female,White,648,248710,260.5444091512200,365,0.7138202990444390
South Carolina,2023,Male,American Indian/Alaska Native,,1328,,365,
South Carolina,2023,Male,Asian/Pacific Islander,0,113,0.0,365,0.0
South Carolina,2023,Male,Black,509,58161,875.1568920754460,365,2.397690115275190
South Carolina,2023,Male,White,1217,219912,553.4031794536000,365,1.5161730943934200
South Carolina,2024,Female,American Indian/Alaska Native,,1419,,366,
South Carolina,2024,Female,Asian/Pacific Islander,,5241,,366,
South Carolina,2024,Female,Black,312,79855,390.708158537349,366,1.067508629883470
South Carolina,2024,Female,White,661,254172,260.0601167713200,366,0.7105467671347550
South Carolina,2024,Male,American Indian/Alaska Native,,1405,,366,
South Carolina,2024,Male,Asian/Pacific Islander,,3559,,366,
South Carolina,2024,Male,Black,499,59550,837.951301427372,366,2.2894844301294300
South Carolina,2024,Male,White,1251,224901,556.2447476889830,366,1.51979439259285
South Carolina,2025,Female,American Indian/Alaska Native,,1419,,365,
South Carolina,2025,Female,Asian/Pacific Islander,11,5241,209.88360999809200,365,0.5750235890358680
South Carolina,2025,Female,Black,332,79855,415.75355331538400,365,1.1390508310010500
South Carolina,2025,Female,White,666,254172,262.02728860771400,365,0.717882982486889
South Carolina,2025,Male,American Indian/Alaska Native,,1405,,365,
South Carolina,2025,Male,Asian/Pacific Islander,10,3559,280.97780275358200,365,0.7698021993248830
South Carolina,2025,Male,Black,558,59550,937.0277078085640,365,2.5671991994755200
South Carolina,2025,Male,White,1252,224901,556.6893877750660,365,1.525176404863190
South Dakota,1999,Female,American Indian/Alaska Native,11,946,1162.7906976744200,365,3.1857279388340200
South Dakota,1999,Female,Asian/Pacific Islander,0,23,0.0,365,0.0
South Dakota,1999,Female,Black,0,20,0.0,365,0.0
South Dakota,1999,Female,White,93,27528,337.83783783783800,365,0.9255831173639390
South Dakota,1999,Male,American Indian/Alaska Native,16,718,2228.4122562674100,365,6.105239058266880
South Dakota,1999,Male,Asian/Pacific Islander,0,26,0.0,365,0.0
South Dakota,1999,Male,Black,,30,,365,
South Dakota,1999,Male,White,194,23948,810.0885251377990,365,2.2194206168158900
South Dakota,2000,Female,American Indian/Alaska Native,,1016,,366,
South Dakota,2000,Female,Asian/Pacific Islander,0,77,0.0,366,0.0
South Dakota,2000,Female,Black,0,32,0.0,366,0.0
South Dakota,2000,Female,White,95,27374,347.0446409001240,366,0.9482094013664600
South Dakota,2000,Male,American Indian/Alaska Native,19,777,2445.302445302450,366,6.6811542221378300
South Dakota,2000,Male,Asian/Pacific Islander,0,46,0.0,366,0.0
South Dakota,2000,Male,Black,0,52,0.0,366,0.0
South Dakota,2000,Male,White,201,23755,846.1376552304780,366,2.3118515170231600
South Dakota,2001,Female,American Indian/Alaska Native,,1032,,365,
South Dakota,2001,Female,Asian/Pacific Islander,,86,,365,
South Dakota,2001,Female,Black,,43,,365,
South Dakota,2001,Female,White,87,26931,323.0477887935840,365,0.8850624350509140
South Dakota,2001,Male,American Indian/Alaska Native,,844,,365,
South Dakota,2001,Male,Asian/Pacific Islander,0,56,0.0,365,0.0
South Dakota,2001,Male,Black,0,63,0.0,365,0.0
South Dakota,2001,Male,White,198,23485,843.0913348946140,365,2.3098392736838700
South Dakota,2002,Female,American Indian/Alaska Native,,1067,,365,
South Dakota,2002,Female,Asian/Pacific Islander,0,85,0.0,365,0.0
South Dakota,2002,Female,Black,0,52,0.0,365,0.0
South Dakota,2002,Female,White,84,26526,316.6704365528160,365,0.867590237131003
South Dakota,2002,Male,American Indian/Alaska Native,13,859,1513.3876600698500,365,4.146267561835200
South Dakota,2002,Male,Asian/Pacific Islander,0,55,0.0,365,0.0
South Dakota,2002,Male,Black,0,66,0.0,365,0.0
South Dakota,2002,Male,White,157,23279,674.4275956871000,365,1.8477468374989000
South Dakota,2003,Female,American Indian/Alaska Native,,1097,,365,
South Dakota,2003,Female,Asian/Pacific Islander,,105,,365,
South Dakota,2003,Female,Black,0,57,0.0,365,0.0
South Dakota,2003,Female,White,83,26360,314.87101669195800,365,0.8626603197039930
South Dakota,2003,Male,American Indian/Alaska Native,12,887,1352.8748590755400,365,3.706506463220650
South Dakota,2003,Male,Asian/Pacific Islander,0,59,0.0,365,0.0
South Dakota,2003,Male,Black,0,66,0.0,365,0.0
South Dakota,2003,Male,White,157,23048,681.1870878167300,365,1.866265994018440
South Dakota,2004,Female,American Indian/Alaska Native,,1133,,366,
South Dakota,2004,Female,Asian/Pacific Islander,0,101,0.0,366,0.0
South Dakota,2004,Female,Black,,61,,366,
South Dakota,2004,Female,White,58,26342,220.18070002277700,366,0.601586612084091
South Dakota,2004,Male,American Indian/Alaska Native,14,908,1541.8502202643200,366,4.212705519847860
South Dakota,2004,Male,Asian/Pacific Islander,0,70,0.0,366,0.0
South Dakota,2004,Male,Black,0,72,0.0,366,0.0
South Dakota,2004,Male,White,172,23015,747.3386921572890,366,2.0419089949652700
South Dakota,2005,Female,American Indian/Alaska Native,,1166,,365,
South Dakota,2005,Female,Asian/Pacific Islander,0,91,0.0,365,0.0
South Dakota,2005,Female,Black,0,63,0.0,365,0.0
South Dakota,2005,Female,White,69,26251,262.84712963315700,365,0.7201291222826220
South Dakota,2005,Male,American Indian/Alaska Native,13,936,1388.888888888890,365,3.80517503805175
South Dakota,2005,Male,Asian/Pacific Islander,0,64,0.0,365,0.0
South Dakota,2005,Male,Black,0,72,0.0,365,0.0
South Dakota,2005,Male,White,130,23121,562.2594178452490,365,1.54043676121986
South Dakota,2006,Female,American Indian/Alaska Native,,1193,,365,
South Dakota,2006,Female,Asian/Pacific Islander,0,107,0.0,365,0.0
South Dakota,2006,Female,Black,0,65,0.0,365,0.0
South Dakota,2006,Female,White,65,26383,246.3707690558310,365,0.6749884083721410
South Dakota,2006,Male,American Indian/Alaska Native,,942,,365,
South Dakota,2006,Male,Asian/Pacific Islander,0,78,0.0,365,0.0
South Dakota,2006,Male,Black,,69,,365,
South Dakota,2006,Male,White,126,23583,534.2831700801420,365,1.4637895070688800
South Dakota,2007,Female,American Indian/Alaska Native,,1255,,365,
South Dakota,2007,Female,Asian/Pacific Islander,0,112,0.0,365,0.0
South Dakota,2007,Female,Black,0,70,0.0,365,0.0
South Dakota,2007,Female,White,63,26651,236.38887846609900,365,0.6476407629208190
South Dakota,2007,Male,American Indian/Alaska Native,,956,,365,
South Dakota,2007,Male,Asian/Pacific Islander,0,75,0.0,365,0.0
South Dakota,2007,Male,Black,0,75,0.0,365,0.0
South Dakota,2007,Male,White,137,24245,565.0649618478040,365,1.5481231831446700
South Dakota,2008,Female,American Indian/Alaska Native,10,1282,780.0312012480500,366,2.1312327902952200
South Dakota,2008,Female,Asian/Pacific Islander,0,128,0.0,366,0.0
South Dakota,2008,Female,Black,0,79,0.0,366,0.0
South Dakota,2008,Female,White,59,27299,216.12513278874700,366,0.590505827291658
South Dakota,2008,Male,American Indian/Alaska Native,16,1032,1550.3875968992200,366,4.236031685517010
South Dakota,2008,Male,Asian/Pacific Islander,0,78,0.0,366,0.0
South Dakota,2008,Male,Black,,89,,366,
South Dakota,2008,Male,White,131,25055,522.849730592696,366,1.428551176482780
South Dakota,2009,Female,American Indian/Alaska Native,,1321,,365,
South Dakota,2009,Female,Asian/Pacific Islander,0,155,0.0,365,0.0
South Dakota,2009,Female,Black,0,79,0.0,365,0.0
South Dakota,2009,Female,White,64,27977,228.75933802766600,365,0.6267379124045630
South Dakota,2009,Male,American Indian/Alaska Native,15,1065,1408.4507042253500,365,3.858769052672200
South Dakota,2009,Male,Asian/Pacific Islander,0,83,0.0,365,0.0
South Dakota,2009,Male,Black,0,97,0.0,365,0.0
South Dakota,2009,Male,White,127,25869,490.9350960609220,365,1.345027660440880
South Dakota,2010,Female,American Indian/Alaska Native,,1373,,365,
South Dakota,2010,Female,Asian/Pacific Islander,0,157,0.0,365,0.0
South Dakota,2010,Female,Black,0,75,0.0,365,0.0
South Dakota,2010,Female,White,64,28394,225.39973233781800,365,0.6175335132542960
South Dakota,2010,Male,American Indian/Alaska Native,,1063,,365,
South Dakota,2010,Male,Asian/Pacific Islander,0,76,0.0,365,0.0
South Dakota,2010,Male,Black,0,104,0.0,365,0.0
South Dakota,2010,Male,White,104,26385,394.1633503884780,365,1.0798995901054200
South Dakota,2011,Female,American Indian/Alaska Native,,1447,,365,
South Dakota,2011,Female,Asian/Pacific Islander,,168,,365,
South Dakota,2011,Female,Black,0,119,0.0,365,0.0
South Dakota,2011,Female,White,64,28900,221.45328719723200,365,0.6067213347869370
South Dakota,2011,Male,American Indian/Alaska Native,13,1110,1171.1711711711700,365,3.20868814019499
South Dakota,2011,Male,Asian/Pacific Islander,,80,,365,
South Dakota,2011,Male,Black,,128,,365,
South Dakota,2011,Male,White,145,27074,535.5691807638330,365,1.4673128240105000
South Dakota,2012,Female,American Indian/Alaska Native,,1522,,366,
South Dakota,2012,Female,Asian/Pacific Islander,0,206,0.0,366,0.0
South Dakota,2012,Female,Black,0,219,0.0,366,0.0
South Dakota,2012,Female,White,81,30063,269.43418820477,366,0.7361589841660380
South Dakota,2012,Male,American Indian/Alaska Native,14,1228,1140.0651465798000,366,3.1149320944803400
South Dakota,2012,Male,Asian/Pacific Islander,0,95,0.0,366,0.0
South Dakota,2012,Male,Black,,208,,366,
South Dakota,2012,Male,White,138,28593,482.63561011436400,366,1.3186765303671100
South Dakota,2013,Female,American Indian/Alaska Native,,1567,,365,
South Dakota,2013,Female,Asian/Pacific Islander,,208,,365,
South Dakota,2013,Female,Black,0,373,0.0,365,0.0
South Dakota,2013,Female,White,64,31224,204.97053548552400,365,0.5615631109192440
South Dakota,2013,Male,American Indian/Alaska Native,21,1246,1685.3932584269700,365,4.617515776512240
South Dakota,2013,Male,Asian/Pacific Islander,,119,,365,
South Dakota,2013,Male,Black,,333,,365,
South Dakota,2013,Male,White,151,30517,494.80617360815300,365,1.3556333523511000
South Dakota,2014,Female,American Indian/Alaska Native,,1652,,365,
South Dakota,2014,Female,Asian/Pacific Islander,0,217,0.0,365,0.0
South Dakota,2014,Female,Black,0,216,0.0,365,0.0
South Dakota,2014,Female,White,79,32938,239.84455643937100,365,0.6571083738064960
South Dakota,2014,Male,American Indian/Alaska Native,11,1261,872.3235527359240,365,2.389927541742260
South Dakota,2014,Male,Asian/Pacific Islander,,129,,365,
South Dakota,2014,Male,Black,0,284,0.0,365,0.0
South Dakota,2014,Male,White,141,32651,431.83975988484300,365,1.183122629821490
South Dakota,2015,Female,American Indian/Alaska Native,10,1756,569.4760820045560,365,1.560208443848100
South Dakota,2015,Female,Asian/Pacific Islander,,246,,365,
South Dakota,2015,Female,Black,0,232,0.0,365,0.0
South Dakota,2015,Female,White,86,34554,248.88580193320600,365,0.6818789094060440
South Dakota,2015,Male,American Indian/Alaska Native,14,1278,1095.4616588419400,365,3.001264818745040
South Dakota,2015,Male,Asian/Pacific Islander,0,154,0.0,365,0.0
South Dakota,2015,Male,Black,,284,,365,
South Dakota,2015,Male,White,148,34627,427.4121350391310,365,1.1709921507921400
South Dakota,2016,Female,American Indian/Alaska Native,,1856,,366,
South Dakota,2016,Female,Asian/Pacific Islander,,289,,366,
South Dakota,2016,Female,Black,,253,,366,
South Dakota,2016,Female,White,84,36487,230.21898210321500,366,0.6290136123038660
South Dakota,2016,Male,American Indian/Alaska Native,12,1364,879.7653958944280,366,2.403730589875490
South Dakota,2016,Male,Asian/Pacific Islander,0,169,0.0,366,0.0
South Dakota,2016,Male,Black,,340,,366,
South Dakota,2016,Male,White,178,36706,484.9343431591570,366,1.3249572217463300
South Dakota,2017,Female,American Indian/Alaska Native,15,1949,769.6254489481790,365,2.108562873830630
South Dakota,2017,Female,Asian/Pacific Islander,0,294,0.0,365,0.0
South Dakota,2017,Female,Black,0,254,0.0,365,0.0
South Dakota,2017,Female,White,71,38344,185.16586688921300,365,0.5073037449019550
South Dakota,2017,Male,American Indian/Alaska Native,14,1445,968.8581314878890,365,2.6544058396928500
South Dakota,2017,Male,Asian/Pacific Islander,0,160,0.0,365,0.0
South Dakota,2017,Male,Black,,291,,365,
South Dakota,2017,Male,White,199,38492,516.9905434895560,365,1.4164124479165900
South Dakota,2018,Female,American Indian/Alaska Native,12,2004,598.8023952095810,365,1.6405545074235100
South Dakota,2018,Female,Asian/Pacific Islander,0,312,0.0,365,0.0
South Dakota,2018,Female,Black,,284,,365,
South Dakota,2018,Female,White,89,40018,222.3999200359840,365,0.6093148494136540
South Dakota,2018,Male,American Indian/Alaska Native,23,1494,1539.4912985274400,365,4.217784379527240
South Dakota,2018,Male,Asian/Pacific Islander,0,187,0.0,365,0.0
South Dakota,2018,Male,Black,,323,,365,
South Dakota,2018,Male,White,185,40428,457.6036410408630,365,1.2537086055914000
South Dakota,2019,Female,American Indian/Alaska Native,12,2105,570.0712589073640,365,1.561839065499630
South Dakota,2019,Female,Asian/Pacific Islander,0,328,0.0,365,0.0
South Dakota,2019,Female,Black,0,270,0.0,365,0.0
South Dakota,2019,Female,White,85,41954,202.60285074128800,365,0.5550763034007890
South Dakota,2019,Male,American Indian/Alaska Native,,1566,,365,
South Dakota,2019,Male,Asian/Pacific Islander,0,237,0.0,365,0.0
South Dakota,2019,Male,Black,,353,,365,
South Dakota,2019,Male,White,220,42403,518.8312147725400,365,1.4214553829384600
South Dakota,2020,Female,American Indian/Alaska Native,,2166,,366,
South Dakota,2020,Female,Asian/Pacific Islander,,371,,366,
South Dakota,2020,Female,Black,,297,,366,
South Dakota,2020,Female,White,91,44172,206.01285882459500,366,0.562876663455177
South Dakota,2020,Male,American Indian/Alaska Native,17,1592,1067.8391959799000,366,2.9175934316390700
South Dakota,2020,Male,Asian/Pacific Islander,0,297,0.0,366,0.0
South Dakota,2020,Male,Black,,370,,366,
South Dakota,2020,Male,White,233,44776,520.3680543148120,366,1.4217706402044000
South Dakota,2021,Female,American Indian/Alaska Native,10,2128,469.92481203007500,365,1.287465238438560
South Dakota,2021,Female,Asian/Pacific Islander,0,25,0.0,365,0.0
South Dakota,2021,Female,Black,,294,,365,
South Dakota,2021,Female,White,82,45402,180.60878375402000,365,0.4948185856274510
South Dakota,2021,Male,American Indian/Alaska Native,17,1567,1084.8755583918300,365,2.972261803813240
South Dakota,2021,Male,Asian/Pacific Islander,0,28,0.0,365,0.0
South Dakota,2021,Male,Black,,376,,365,
South Dakota,2021,Male,White,215,46592,461.4526098901100,365,1.2642537257263300
South Dakota,2022,Female,American Indian/Alaska Native,12,2098,571.9733079122970,365,1.5670501586638300
South Dakota,2022,Female,Asian/Pacific Islander,0,368,0.0,365,0.0
South Dakota,2022,Female,Black,,292,,365,
South Dakota,2022,Female,White,96,46527,206.3318073376750,365,0.5652926228429450
South Dakota,2022,Male,American Indian/Alaska Native,22,1533,1435.0945857795200,365,3.9317659884370300
South Dakota,2022,Male,Asian/Pacific Islander,0,32,0.0,365,0.0
South Dakota,2022,Male,Black,,413,,365,
South Dakota,2022,Male,White,222,47598,466.40615151897100,365,1.277825072654720
South Dakota,2023,Female,American Indian/Alaska Native,17,2171,783.049286043298,365,2.145340509707670
South Dakota,2023,Female,Asian/Pacific Islander,0,387,0.0,365,0.0
South Dakota,2023,Female,Black,0,308,0.0,365,0.0
South Dakota,2023,Female,White,112,48266,232.04740396966800,365,0.6357463122456660
South Dakota,2023,Male,American Indian/Alaska Native,14,1639,854.1793776693110,365,2.3402174730666000
South Dakota,2023,Male,Asian/Pacific Islander,0,325,0.0,365,0.0
South Dakota,2023,Male,Black,0,420,0.0,365,0.0
South Dakota,2023,Male,White,230,49214,467.34668996627000,365,1.2804018903185500
South Dakota,2024,Female,American Indian/Alaska Native,,2220,,366,
South Dakota,2024,Female,Asian/Pacific Islander,0,28,0.0,366,0.0
South Dakota,2024,Female,Black,,325,,366,
South Dakota,2024,Female,White,91,49422,184.12852575776000,366,0.5030834037097260
South Dakota,2024,Male,American Indian/Alaska Native,21,1698,1236.7491166077700,366,3.3790959470157800
South Dakota,2024,Male,Asian/Pacific Islander,0,24,0.0,366,0.0
South Dakota,2024,Male,Black,,445,,366,
South Dakota,2024,Male,White,216,50099,431.1463302660730,366,1.1779954378854500
South Dakota,2025,Female,American Indian/Alaska Native,22,2220,990.9909909909910,365,2.7150438109342200
South Dakota,2025,Female,Asian/Pacific Islander,0,28,0.0,365,0.0
South Dakota,2025,Female,Black,,325,,365,
South Dakota,2025,Female,White,103,49422,208.4092104730690,365,0.57098413828238
South Dakota,2025,Male,American Indian/Alaska Native,20,1698,1177.8563015312100,365,3.2270035658389400
South Dakota,2025,Male,Asian/Pacific Islander,0,24,0.0,365,0.0
South Dakota,2025,Male,Black,,445,,365,
South Dakota,2025,Male,White,232,50099,463.08309547096700,365,1.2687208095095
Tennessee,1999,Female,American Indian/Alaska Native,0,227,0.0,365,0.0
Tennessee,1999,Female,Asian/Pacific Islander,,903,,365,
Tennessee,1999,Female,Black,245,24752,989.8190045248870,365,2.711832889109280
Tennessee,1999,Female,White,1001,186117,537.8337282462110,365,1.4735170636882500
Tennessee,1999,Male,American Indian/Alaska Native,0,201,0.0,365,0.0
Tennessee,1999,Male,Asian/Pacific Islander,,610,,365,
Tennessee,1999,Male,Black,271,16667,1625.967480650390,365,4.454705426439420
Tennessee,1999,Male,White,1579,151236,1044.063582744850,365,2.8604481719037000
Tennessee,2000,Female,American Indian/Alaska Native,0,328,0.0,366,0.0
Tennessee,2000,Female,Asian/Pacific Islander,,1075,,366,
Tennessee,2000,Female,Black,245,24719,991.1404183017110,366,2.708033929786100
Tennessee,2000,Female,White,988,186256,530.4527102482610,366,1.4493243449406000
Tennessee,2000,Male,American Indian/Alaska Native,,307,,366,
Tennessee,2000,Male,Asian/Pacific Islander,,788,,366,
Tennessee,2000,Male,Black,240,16584,1447.178002894360,366,3.9540382592742000
Tennessee,2000,Male,White,1535,152795,1004.6140253280500,366,2.744847063737850
Tennessee,2001,Female,American Indian/Alaska Native,0,336,0.0,365,0.0
Tennessee,2001,Female,Asian/Pacific Islander,,1180,,365,
Tennessee,2001,Female,Black,231,24974,924.9619604388560,365,2.5341423573667300
Tennessee,2001,Female,White,836,186863,447.38658803508500,365,1.2257166795481800
Tennessee,2001,Male,American Indian/Alaska Native,,301,,365,
Tennessee,2001,Male,Asian/Pacific Islander,,891,,365,
Tennessee,2001,Male,Black,238,16753,1420.6410792096900,365,3.892167340300530
Tennessee,2001,Male,White,1459,155608,937.6124620842120,365,2.5688012659841400
Tennessee,2002,Female,American Indian/Alaska Native,0,355,0.0,365,0.0
Tennessee,2002,Female,Asian/Pacific Islander,,1287,,365,
Tennessee,2002,Female,Black,219,25154,870.6368768386740,365,2.3853065118867800
Tennessee,2002,Female,White,910,187451,485.46020026566900,365,1.330027945933340
Tennessee,2002,Male,American Indian/Alaska Native,,322,,365,
Tennessee,2002,Male,Asian/Pacific Islander,,985,,365,
Tennessee,2002,Male,Black,229,16828,1360.8271927739500,365,3.728293678832740
Tennessee,2002,Male,White,1478,157327,939.4445962867150,365,2.5738208117444200
Tennessee,2003,Female,American Indian/Alaska Native,,365,,365,
Tennessee,2003,Female,Asian/Pacific Islander,,1387,,365,
Tennessee,2003,Female,Black,252,25396,992.2822491730980,365,2.7185815045838300
Tennessee,2003,Female,White,867,189165,458.3300293394660,365,1.2556987105190800
Tennessee,2003,Male,American Indian/Alaska Native,0,358,0.0,365,0.0
Tennessee,2003,Male,Asian/Pacific Islander,,1099,,365,
Tennessee,2003,Male,Black,254,17094,1485.901485901490,365,4.070962975072560
Tennessee,2003,Male,White,1405,160401,875.9297011864020,365,2.399807400510690
Tennessee,2004,Female,American Indian/Alaska Native,0,375,0.0,366,0.0
Tennessee,2004,Female,Asian/Pacific Islander,,1466,,366,
Tennessee,2004,Female,Black,203,25635,791.8860932319100,366,2.1636232055516700
Tennessee,2004,Female,White,786,191903,409.5819242012890,366,1.1190762956319400
Tennessee,2004,Male,American Indian/Alaska Native,,392,,366,
Tennessee,2004,Male,Asian/Pacific Islander,,1225,,366,
Tennessee,2004,Male,Black,226,17367,1301.3185927333400,366,3.555515280692200
Tennessee,2004,Male,White,1306,163990,796.390023781938,366,2.1759290267266100
Tennessee,2005,Female,American Indian/Alaska Native,,432,,365,
Tennessee,2005,Female,Asian/Pacific Islander,,1587,,365,
Tennessee,2005,Female,Black,192,26055,736.9027058146230,365,2.018911522779790
Tennessee,2005,Female,White,833,195860,425.3037884203000,365,1.165215858685750
Tennessee,2005,Male,American Indian/Alaska Native,,432,,365,
Tennessee,2005,Male,Asian/Pacific Islander,,1316,,365,
Tennessee,2005,Male,Black,201,17723,1134.1195057270200,365,3.1071767280192400
Tennessee,2005,Male,White,1323,168558,784.8930338518490,365,2.15039187356671
Tennessee,2006,Female,American Indian/Alaska Native,0,464,0.0,365,0.0
Tennessee,2006,Female,Asian/Pacific Islander,,1742,,365,
Tennessee,2006,Female,Black,165,26658,618.9511591267160,365,1.6957566003471700
Tennessee,2006,Female,White,766,202265,378.7110968284180,365,1.0375646488449800
Tennessee,2006,Male,American Indian/Alaska Native,,481,,365,
Tennessee,2006,Male,Asian/Pacific Islander,,1511,,365,
Tennessee,2006,Male,Black,230,18431,1247.8975638869300,365,3.4188974353066600
Tennessee,2006,Male,White,1322,175380,753.7917664499940,365,2.065182921780810
Tennessee,2007,Female,American Indian/Alaska Native,,491,,365,
Tennessee,2007,Female,Asian/Pacific Islander,,1826,,365,
Tennessee,2007,Female,Black,192,27155,707.052108267354,365,1.9371290637461800
Tennessee,2007,Female,White,776,207968,373.13432835820900,365,1.0222858311183800
Tennessee,2007,Male,American Indian/Alaska Native,,530,,365,
Tennessee,2007,Male,Asian/Pacific Islander,,1585,,365,
Tennessee,2007,Male,Black,193,18902,1021.0559729129200,365,2.7974136244189600
Tennessee,2007,Male,White,1254,181950,689.2003297609230,365,1.8882200815367800
Tennessee,2008,Female,American Indian/Alaska Native,,524,,366,
Tennessee,2008,Female,Asian/Pacific Islander,,1921,,366,
Tennessee,2008,Female,Black,161,27741,580.36840777189,366,1.5857060321636300
Tennessee,2008,Female,White,789,216631,364.2138013488370,366,0.9951196758164960
Tennessee,2008,Male,American Indian/Alaska Native,,598,,366,
Tennessee,2008,Male,Asian/Pacific Islander,,1705,,366,
Tennessee,2008,Male,Black,238,19517,1219.4497105087900,366,3.3318298101333000
Tennessee,2008,Male,White,1352,191243,706.9539800149550,366,1.9315682514069800
Tennessee,2009,Female,American Indian/Alaska Native,0,556,0.0,365,0.0
Tennessee,2009,Female,Asian/Pacific Islander,,2076,,365,
Tennessee,2009,Female,Black,179,28512,627.8058361391700,365,1.7200159894223800
Tennessee,2009,Female,White,755,223476,337.8438848019470,365,0.9255996843888970
Tennessee,2009,Male,American Indian/Alaska Native,,619,,365,
Tennessee,2009,Male,Asian/Pacific Islander,,1831,,365,
Tennessee,2009,Male,Black,204,20182,1010.8017044891500,365,2.7693197383264300
Tennessee,2009,Male,White,1340,198830,673.9425639993960,365,1.84641798355999
Tennessee,2010,Female,American Indian/Alaska Native,,564,,365,
Tennessee,2010,Female,Asian/Pacific Islander,,2239,,365,
Tennessee,2010,Female,Black,176,29057,605.7060260866570,365,1.6594685646209800
Tennessee,2010,Female,White,825,227963,361.90083478459200,365,0.9915091363961430
Tennessee,2010,Male,American Indian/Alaska Native,,645,,365,
Tennessee,2010,Male,Asian/Pacific Islander,,1902,,365,
Tennessee,2010,Male,Black,215,20759,1035.69536104822,365,2.837521537118410
Tennessee,2010,Male,White,1350,203945,661.943170952953,365,1.8135429341176800
Tennessee,2011,Female,American Indian/Alaska Native,,626,,365,
Tennessee,2011,Female,Asian/Pacific Islander,0,2483,0.0,365,0.0
Tennessee,2011,Female,Black,149,30196,493.44284011127300,365,1.3518981920856800
Tennessee,2011,Female,White,784,234491,334.3411900669960,365,0.9160032604575240
Tennessee,2011,Male,American Indian/Alaska Native,,723,,365,
Tennessee,2011,Male,Asian/Pacific Islander,,2045,,365,
Tennessee,2011,Male,Black,197,21915,898.9276751083730,365,2.4628155482421200
Tennessee,2011,Male,White,1371,210522,651.2383503861830,365,1.784214658592280
Tennessee,2012,Female,American Indian/Alaska Native,,679,,366,
Tennessee,2012,Female,Asian/Pacific Islander,,2879,,366,
Tennessee,2012,Female,Black,149,31968,466.0910910910910,366,1.273472926478390
Tennessee,2012,Female,White,868,249019,348.56777996859700,366,0.9523709835207560
Tennessee,2012,Male,American Indian/Alaska Native,,842,,366,
Tennessee,2012,Male,Asian/Pacific Islander,,2302,,366,
Tennessee,2012,Male,Black,231,23652,976.6615930999490,366,2.668474298087290
Tennessee,2012,Male,White,1471,224819,654.3041290994090,366,1.7877161997251600
Tennessee,2013,Female,American Indian/Alaska Native,,787,,365,
Tennessee,2013,Female,Asian/Pacific Islander,,3274,,365,
Tennessee,2013,Female,Black,174,34022,511.43377814355400,365,1.4011884332700100
Tennessee,2013,Female,White,854,259747,328.7814681209020,365,0.9007711455367190
Tennessee,2013,Male,American Indian/Alaska Native,,956,,365,
Tennessee,2013,Male,Asian/Pacific Islander,,2483,,365,
Tennessee,2013,Male,Black,230,25455,903.5552936554710,365,2.475493955220470
Tennessee,2013,Male,White,1513,235199,643.2850479806460,365,1.7624247889880700
Tennessee,2014,Female,American Indian/Alaska Native,0,879,0.0,365,0.0
Tennessee,2014,Female,Asian/Pacific Islander,,3487,,365,
Tennessee,2014,Female,Black,209,36362,574.7758649139210,365,1.5747283970244400
Tennessee,2014,Female,White,903,270390,333.9620548097190,365,0.9149645337252580
Tennessee,2014,Male,American Indian/Alaska Native,,1055,,365,
Tennessee,2014,Male,Asian/Pacific Islander,,2697,,365,
Tennessee,2014,Male,Black,234,27271,858.0543434417510,365,2.350833817648630
Tennessee,2014,Male,White,1664,244157,681.5286885078040,365,1.867201886322750
Tennessee,2015,Female,American Indian/Alaska Native,,943,,365,
Tennessee,2015,Female,Asian/Pacific Islander,,3650,,365,
Tennessee,2015,Female,Black,184,38800,474.22680412371100,365,1.2992515181471500
Tennessee,2015,Female,White,974,279059,349.0301334126480,365,0.9562469408565690
Tennessee,2015,Male,American Indian/Alaska Native,,1079,,365,
Tennessee,2015,Male,Asian/Pacific Islander,,2909,,365,
Tennessee,2015,Male,Black,301,29371,1024.8204010758900,365,2.807727126235320
Tennessee,2015,Male,White,1708,251881,678.097990717839,365,1.8578027142954500
Tennessee,2016,Female,American Indian/Alaska Native,,1024,,366,
Tennessee,2016,Female,Asian/Pacific Islander,,3913,,366,
Tennessee,2016,Female,Black,210,41307,508.3884087442810,366,1.389039368153770
Tennessee,2016,Female,White,972,287673,337.8836387147910,366,0.9231793407507940
Tennessee,2016,Male,American Indian/Alaska Native,,1154,,366,
Tennessee,2016,Male,Asian/Pacific Islander,11,2942,373.89530931339200,366,1.021571883369920
Tennessee,2016,Male,Black,323,31433,1027.5824770146000,366,2.8076023962147600
Tennessee,2016,Male,White,1767,258963,682.3368589335160,366,1.8643083577418500
Tennessee,2017,Female,American Indian/Alaska Native,0,1124,0.0,365,0.0
Tennessee,2017,Female,Asian/Pacific Islander,,4292,,365,
Tennessee,2017,Female,Black,206,43716,471.2233507182730,365,1.2910228786802000
Tennessee,2017,Female,White,990,295367,335.17623837463200,365,0.9182910640400880
Tennessee,2017,Male,American Indian/Alaska Native,,1194,,365,
Tennessee,2017,Male,Asian/Pacific Islander,,3113,,365,
Tennessee,2017,Male,Black,313,32988,948.8298775312240,365,2.599533911044450
Tennessee,2017,Male,White,1843,264355,697.1685801289930,365,1.9100509044630000
Tennessee,2018,Female,American Indian/Alaska Native,,1182,,365,
Tennessee,2018,Female,Asian/Pacific Islander,,4615,,365,
Tennessee,2018,Female,Black,194,46208,419.8407202216070,365,1.1502485485523500
Tennessee,2018,Female,White,1017,301699,337.0909416338800,365,0.9235368263941920
Tennessee,2018,Male,American Indian/Alaska Native,,1267,,365,
Tennessee,2018,Male,Asian/Pacific Islander,,3315,,365,
Tennessee,2018,Male,Black,329,34695,948.263438535812,365,2.5979820233857900
Tennessee,2018,Male,White,1869,268621,695.7758328648910,365,1.906235158533950
Tennessee,2019,Female,American Indian/Alaska Native,,1252,,365,
Tennessee,2019,Female,Asian/Pacific Islander,10,4928,202.9220779220780,365,0.5559508984166520
Tennessee,2019,Female,Black,216,49251,438.56977523299000,365,1.2015610280355900
Tennessee,2019,Female,White,1037,309593,334.955893705607,365,0.9176873800153620
Tennessee,2019,Male,American Indian/Alaska Native,,1358,,365,
Tennessee,2019,Male,Asian/Pacific Islander,,3616,,365,
Tennessee,2019,Male,Black,386,36543,1056.2898503133300,365,2.8939447953789800
Tennessee,2019,Male,White,1894,274855,689.0906114132910,365,1.887919483324080
Tennessee,2020,Female,American Indian/Alaska Native,,1386,,366,
Tennessee,2020,Female,Asian/Pacific Islander,,5193,,366,
Tennessee,2020,Female,Black,275,52099,527.8412253594120,366,1.4421891403262600
Tennessee,2020,Female,White,1145,319862,357.9668732140740,366,0.978051566158671
Tennessee,2020,Male,American Indian/Alaska Native,,1409,,366,
Tennessee,2020,Male,Asian/Pacific Islander,13,3705,350.87719298245600,366,0.9586808551433230
Tennessee,2020,Male,Black,451,38647,1166.9728568841000,366,3.188450428645100
Tennessee,2020,Male,White,2052,282569,726.194310062321,366,1.9841374591866700
Tennessee,2021,Female,American Indian/Alaska Native,0,1410,0.0,365,0.0
Tennessee,2021,Female,Asian/Pacific Islander,,5139,,365,
Tennessee,2021,Female,Black,290,54121,535.8363666598920,365,1.4680448401640900
Tennessee,2021,Female,White,1281,324640,394.5909314933470,365,1.0810710451872500
Tennessee,2021,Male,American Indian/Alaska Native,,1478,,365,
Tennessee,2021,Male,Asian/Pacific Islander,13,3652,355.9693318729460,365,0.9752584434875240
Tennessee,2021,Male,Black,447,40652,1099.576896585650,365,3.0125394427004200
Tennessee,2021,Male,White,2128,291113,730.9876233627490,365,2.0027058174321900
Tennessee,2022,Female,American Indian/Alaska Native,,1502,,365,
Tennessee,2022,Female,Asian/Pacific Islander,0,159,0.0,365,0.0
Tennessee,2022,Female,Black,263,55551,473.4388219834030,365,1.2970926629682300
Tennessee,2022,Female,White,1197,324040,369.39883964942600,365,1.0120516154778800
Tennessee,2022,Male,American Indian/Alaska Native,,1550,,365,
Tennessee,2022,Male,Asian/Pacific Islander,11,3807,288.9414236931970,365,0.7916203388854710
Tennessee,2022,Male,Black,456,40973,1112.9280257730700,365,3.0491178788303300
Tennessee,2022,Male,White,2143,290158,738.5631276752670,365,2.023460623767850
Tennessee,2023,Female,American Indian/Alaska Native,,1604,,365,
Tennessee,2023,Female,Asian/Pacific Islander,,5645,,365,
Tennessee,2023,Female,Black,267,57273,466.18825624639900,365,1.2772280993052000
Tennessee,2023,Female,White,1196,328716,363.8399104394070,365,0.9968216724367310
Tennessee,2023,Male,American Indian/Alaska Native,,1592,,365,
Tennessee,2023,Male,Asian/Pacific Islander,,4022,,365,
Tennessee,2023,Male,Black,421,42449,991.7783693373230,365,2.717201011883080
Tennessee,2023,Male,White,2047,294396,695.3219473090670,365,1.9049916364632000
Tennessee,2024,Female,American Indian/Alaska Native,,1706,,366,
Tennessee,2024,Female,Asian/Pacific Islander,,5968,,366,
Tennessee,2024,Female,Black,297,59136,502.2321428571430,366,1.3722189695550400
Tennessee,2024,Female,White,1170,333827,350.4809377312200,366,0.9575981905224590
Tennessee,2024,Male,American Indian/Alaska Native,,1710,,366,
Tennessee,2024,Male,Asian/Pacific Islander,11,4355,252.58323765786500,366,0.6901181356772260
Tennessee,2024,Male,Black,482,43512,1107.7403934546800,366,3.026613096870710
Tennessee,2024,Male,White,2070,298825,692.7131264117800,366,1.8926588153327300
Tennessee,2025,Female,American Indian/Alaska Native,,1706,,365,
Tennessee,2025,Female,Asian/Pacific Islander,,5968,,365,
Tennessee,2025,Female,Black,268,59136,453.1926406926410,365,1.2416236731305200
Tennessee,2025,Female,White,1295,333827,387.9254823606240,365,1.062809540714040
Tennessee,2025,Male,American Indian/Alaska Native,,1710,,365,
Tennessee,2025,Male,Asian/Pacific Islander,10,4355,229.6211251435130,365,0.6290989729959270
Tennessee,2025,Male,Black,448,43512,1029.6010296010300,365,2.8208247386329600
Tennessee,2025,Male,White,2157,298825,721.8271563624200,365,1.9776086475682700
Texas,1999,Female,American Indian/Alaska Native,,2151,,365,
Texas,1999,Female,Asian/Pacific Islander,19,10614,179.0088562276240,365,0.4904352225414350
Texas,1999,Female,Black,556,59033,941.8460860874430,365,2.5804002358560100
Texas,1999,Female,White,2658,549413,483.789062144507,365,1.3254494853274200
Texas,1999,Male,American Indian/Alaska Native,,1901,,365,
Texas,1999,Male,Asian/Pacific Islander,33,8024,411.2662013958130,365,1.1267567161529100
Texas,1999,Male,Black,615,42422,1449.7194851727900,365,3.971834205952840
Texas,1999,Male,White,4327,460158,940.3291912777790,365,2.5762443596651500
Texas,2000,Female,American Indian/Alaska Native,,2562,,366,
Texas,2000,Female,Asian/Pacific Islander,23,11406,201.6482553042260,366,0.5509515172246610
Texas,2000,Female,Black,533,59520,895.497311827957,366,2.4467139667430500
Texas,2000,Female,White,2485,550638,451.2946799893940,366,1.233045573741510
Texas,2000,Male,American Indian/Alaska Native,,2337,,366,
Texas,2000,Male,Asian/Pacific Islander,39,8709,447.8126076472620,366,1.223531714883230
Texas,2000,Male,Black,594,42890,1384.9382140359100,366,3.7839841913549300
Texas,2000,Male,White,4174,464546,898.5116651526440,366,2.454949904788640
Texas,2001,Female,American Indian/Alaska Native,,2614,,365,
Texas,2001,Female,Asian/Pacific Islander,23,12565,183.04814962196600,365,0.5015017797862080
Texas,2001,Female,Black,522,60227,866.720905905989,365,2.3745778243999700
Texas,2001,Female,White,2513,553558,453.9723028119910,365,1.2437597337314800
Texas,2001,Male,American Indian/Alaska Native,,2469,,365,
Texas,2001,Male,Asian/Pacific Islander,32,9692,330.16921172100700,365,0.9045731827972800
Texas,2001,Male,Black,601,43904,1368.8957725947500,365,3.750399376971920
Texas,2001,Male,White,4138,471000,878.556263269639,365,2.40700346101271
Texas,2002,Female,American Indian/Alaska Native,,2755,,365,
Texas,2002,Female,Asian/Pacific Islander,33,13502,244.40823581691600,365,0.6696116049778520
Texas,2002,Female,Black,526,61139,860.3346472791510,365,2.3570812254223300
Texas,2002,Female,White,2481,556090,446.15080292758400,365,1.2223309669248900
Texas,2002,Male,American Indian/Alaska Native,,2629,,365,
Texas,2002,Male,Asian/Pacific Islander,38,10760,353.1598513011150,365,0.9675612364414120
Texas,2002,Male,Black,616,44560,1382.4057450628400,365,3.7874130001721600
Texas,2002,Male,White,4084,475981,858.0174418726800,365,2.3507327174594000
Texas,2003,Female,American Indian/Alaska Native,,2944,,365,
Texas,2003,Female,Asian/Pacific Islander,36,14483,248.56728578333200,365,0.6810062624200880
Texas,2003,Female,Black,527,62026,849.6436978041470,365,2.327790952888070
Texas,2003,Female,White,2338,562934,415.3239989057330,365,1.1378739696047500
Texas,2003,Male,American Indian/Alaska Native,,2835,,365,
Texas,2003,Male,Asian/Pacific Islander,30,11743,255.4713446308440,365,0.6999214921392980
Texas,2003,Male,Black,623,45421,1371.6122498403800,365,3.757841780384610
Texas,2003,Male,White,3887,483892,803.2784174981190,365,2.2007627876660800
Texas,2004,Female,American Indian/Alaska Native,,3126,,366,
Texas,2004,Female,Asian/Pacific Islander,38,15588,243.77726456248400,366,0.6660580998974970
Texas,2004,Female,Black,440,62582,703.0775622383430,366,1.9209769460064000
Texas,2004,Female,White,2246,570824,393.4662873319970,366,1.0750445009071000
Texas,2004,Male,American Indian/Alaska Native,0,2982,0.0,366,0.0
Texas,2004,Male,Asian/Pacific Islander,39,12886,302.65404314760200,366,0.8269236151573830
Texas,2004,Male,Black,509,46643,1091.2677143408400,366,2.9816057768875500
Texas,2004,Male,White,3611,492674,732.9390225585280,366,2.002565635405810
Texas,2005,Female,American Indian/Alaska Native,,3282,,365,
Texas,2005,Female,Asian/Pacific Islander,35,16757,208.8679357880290,365,0.5722409199672020
Texas,2005,Female,Black,422,63725,662.2204786190660,365,1.814302681148130
Texas,2005,Female,White,2135,578622,368.98009408560300,365,1.0109043673578200
Texas,2005,Male,American Indian/Alaska Native,,3256,,365,
Texas,2005,Male,Asian/Pacific Islander,44,14182,310.25243266112000,365,0.8500066648249860
Texas,2005,Male,Black,470,47786,983.5516678525090,365,2.6946621037055000
Texas,2005,Male,White,3511,502774,698.3256890770010,365,1.9132210659643900
Texas,2006,Female,American Indian/Alaska Native,,3498,,365,
Texas,2006,Female,Asian/Pacific Islander,31,18280,169.58424507658600,365,0.4646143700728400
Texas,2006,Female,Black,365,67456,541.0934535104370,365,1.4824478178368100
Texas,2006,Female,White,2067,596209,346.69050618155700,365,0.9498370032371430
Texas,2006,Male,American Indian/Alaska Native,,3463,,365,
Texas,2006,Male,Asian/Pacific Islander,31,15741,196.9379327869890,365,0.5395559802383270
Texas,2006,Male,Black,496,50213,987.7920060542090,365,2.706279468641670
Texas,2006,Male,White,3261,519052,628.2607522945680,365,1.7212623350536100
Texas,2007,Female,American Indian/Alaska Native,,3794,,365,
Texas,2007,Female,Asian/Pacific Islander,28,19930,140.49172102358300,365,0.38490882472214400
Texas,2007,Female,Black,405,69201,585.2516582130320,365,1.6034292005836500
Texas,2007,Female,White,1975,612185,322.6148958239750,365,0.8838764269149990
Texas,2007,Male,American Indian/Alaska Native,15,3710,404.3126684636120,365,1.107705940996200
Texas,2007,Male,Asian/Pacific Islander,34,17189,197.80091919250700,365,0.5419203265548130
Texas,2007,Male,Black,484,51848,933.4979169881190,365,2.557528539693480
Texas,2007,Male,White,3305,536601,615.9138726912550,365,1.6874352676472700
Texas,2008,Female,American Indian/Alaska Native,,4181,,366,
Texas,2008,Female,Asian/Pacific Islander,25,21596,115.76217818114500,366,0.3162901043200670
Texas,2008,Female,Black,351,70682,496.59036246852100,366,1.3568042690396700
Texas,2008,Female,White,1992,637376,312.53137865247500,366,0.8539108706351780
Texas,2008,Male,American Indian/Alaska Native,,4058,,366,
Texas,2008,Male,Asian/Pacific Islander,56,19093,293.3012098674910,366,0.8013694258674610
Texas,2008,Male,Black,464,53917,860.5820056753900,366,2.3513169553972400
Texas,2008,Male,White,3408,561729,606.6982477315570,366,1.657645485605350
Texas,2009,Female,American Indian/Alaska Native,,4499,,365,
Texas,2009,Female,Asian/Pacific Islander,35,23482,149.05033642790200,365,0.40835708610384200
Texas,2009,Female,Black,355,73862,480.6260323305620,365,1.3167836502207200
Texas,2009,Female,White,1956,662492,295.2488482879790,365,0.8089009542136420
Texas,2009,Male,American Indian/Alaska Native,,4375,,365,
Texas,2009,Male,Asian/Pacific Islander,37,20857,177.39847533202300,365,0.48602322008773400
Texas,2009,Male,Black,507,55945,906.2472070783810,365,2.482869060488710
Texas,2009,Male,White,3394,586738,578.4523927204310,365,1.584801075946390
Texas,2010,Female,American Indian/Alaska Native,,4748,,365,
Texas,2010,Female,Asian/Pacific Islander,36,25243,142.6137939230680,365,0.3907227230768980
Texas,2010,Female,Black,396,76165,519.9238495371890,365,1.4244489028416100
Texas,2010,Female,White,1929,678966,284.1084826044310,365,0.7783794043957010
Texas,2010,Male,American Indian/Alaska Native,,4515,,365,
Texas,2010,Male,Asian/Pacific Islander,66,22121,298.35902536051700,365,0.817421987289088
Texas,2010,Male,Black,466,57706,807.5416767753790,365,2.2124429500695300
Texas,2010,Male,White,3314,602792,549.7750467823060,365,1.506233004883030
Texas,2011,Female,American Indian/Alaska Native,,5217,,365,
Texas,2011,Female,Asian/Pacific Islander,34,27652,122.95674815564900,365,0.33686780316616100
Texas,2011,Female,Black,387,80266,482.1468616848980,365,1.320950305986020
Texas,2011,Female,White,1978,705263,280.462749357332,365,0.7683910941296770
Texas,2011,Male,American Indian/Alaska Native,,4983,,365,
Texas,2011,Male,Asian/Pacific Islander,66,24275,271.8846549948510,365,0.7448894657393170
Texas,2011,Male,Black,562,61192,918.420708589358,365,2.5162211194229000
Texas,2011,Male,White,3474,629713,551.6798922683830,365,1.5114517596394000
Texas,2012,Female,American Indian/Alaska Native,,5650,,366,
Texas,2012,Female,Asian/Pacific Islander,35,30472,114.85954318718800,366,0.3138238884895850
Texas,2012,Female,Black,388,85289,454.92384715496700,366,1.2429613310245000
Texas,2012,Female,White,2091,751327,278.3075811198050,366,0.7604032271032930
Texas,2012,Male,American Indian/Alaska Native,,5445,,366,
Texas,2012,Male,Asian/Pacific Islander,56,26478,211.49633658131300,366,0.5778588431183410
Texas,2012,Male,Black,532,65553,811.5570606989760,366,2.2173690183032100
Texas,2012,Male,White,3748,673735,556.3018100588510,366,1.5199503007072400
Texas,2013,Female,American Indian/Alaska Native,,6086,,365,
Texas,2013,Female,Asian/Pacific Islander,37,34214,108.14286549365800,365,0.2962818232702950
Texas,2013,Female,Black,435,91500,475.4098360655740,365,1.3024927015495200
Texas,2013,Female,White,2163,790223,273.72020303129600,365,0.7499183644693050
Texas,2013,Male,American Indian/Alaska Native,,5970,,365,
Texas,2013,Male,Asian/Pacific Islander,61,29204,208.87549650732800,365,0.5722616342666510
Texas,2013,Male,Black,580,70899,818.0651349102240,365,2.2412743422197900
Texas,2013,Male,White,3955,709627,557.3350506674630,365,1.5269453442944200
Texas,2014,Female,American Indian/Alaska Native,,6668,,365,
Texas,2014,Female,Asian/Pacific Islander,44,38430,114.49388498568800,365,0.31368187667311900
Texas,2014,Female,Black,468,98348,475.86122747793600,365,1.3037293903505100
Texas,2014,Female,White,2317,830061,279.13611168335800,365,0.764756470365365
Texas,2014,Male,American Indian/Alaska Native,13,6641,195.75365155850000,365,0.5363113741328770
Texas,2014,Male,Asian/Pacific Islander,85,32581,260.8882477517570,365,0.7147623226075540
Texas,2014,Male,Black,649,76026,853.6553284402710,365,2.3387817217541700
Texas,2014,Male,White,4212,744746,565.5619499802620,365,1.5494847944664700
Texas,2015,Female,American Indian/Alaska Native,,7261,,365,
Texas,2015,Female,Asian/Pacific Islander,43,42909,100.21207672050200,365,0.2745536348506890
Texas,2015,Female,Black,511,105161,485.92158690008700,365,1.3312920189043500
Texas,2015,Female,White,2493,866898,287.5770851934140,365,0.787882425187435
Texas,2015,Male,American Indian/Alaska Native,,7221,,365,
Texas,2015,Male,Asian/Pacific Islander,77,35692,215.73461840188300,365,0.5910537490462540
Texas,2015,Male,Black,679,81258,835.6100322429790,365,2.2893425540903500
Texas,2015,Male,White,4461,776896,574.2081308180250,365,1.573172961145270
Texas,2016,Female,American Indian/Alaska Native,,7836,,366,
Texas,2016,Female,Asian/Pacific Islander,54,46617,115.83756998519900,366,0.3164960928557340
Texas,2016,Female,Black,524,112416,466.1258183888420,366,1.2735678098055800
Texas,2016,Female,White,2546,901748,282.34052085505000,366,0.771422188128553
Texas,2016,Male,American Indian/Alaska Native,,7753,,366,
Texas,2016,Male,Asian/Pacific Islander,78,38370,203.28381548084400,366,0.5554202608766240
Texas,2016,Male,Black,740,86795,852.5836741747800,366,2.3294635906414700
Texas,2016,Male,White,4690,806914,581.2267478318630,366,1.5880512235843300
Texas,2017,Female,American Indian/Alaska Native,,8442,,365,
Texas,2017,Female,Asian/Pacific Islander,58,50277,115.3609006106170,365,0.31605726194689600
Texas,2017,Female,Black,572,119382,479.13420783702700,365,1.3126964598274700
Texas,2017,Female,White,2780,933944,297.6623866099040,365,0.8155133879723390
Texas,2017,Male,American Indian/Alaska Native,13,8283,156.94796571290600,365,0.4299944266107010
Texas,2017,Male,Asian/Pacific Islander,115,40980,280.62469497315800,365,0.7688347807483770
Texas,2017,Male,Black,779,91740,849.1388707216050,365,2.3264078649907000
Texas,2017,Male,White,4870,836188,582.4049137275350,365,1.5956299006233800
Texas,2018,Female,American Indian/Alaska Native,11,8973,122.58999219881900,365,0.33586299232553100
Texas,2018,Female,Asian/Pacific Islander,68,54452,124.88062881069600,365,0.34213870907039900
Texas,2018,Female,Black,604,127178,474.9249083961060,365,1.301164132592070
Texas,2018,Female,White,2746,964210,284.7927318737620,365,0.7802540599281150
Texas,2018,Male,American Indian/Alaska Native,,8838,,365,
Texas,2018,Male,Asian/Pacific Islander,120,43923,273.2053821460280,365,0.7485078962904880
Texas,2018,Male,Black,867,97033,893.510455205961,365,2.447973849879350
Texas,2018,Male,White,5133,861922,595.529525873571,365,1.6315877421193700
Texas,2019,Female,American Indian/Alaska Native,,9502,,365,
Texas,2019,Female,Asian/Pacific Islander,68,57492,118.27732554094500,365,0.32404746723546500
Texas,2019,Female,Black,581,134744,431.18803063587200,365,1.181337070235270
Texas,2019,Female,White,2757,996319,276.7186011709100,365,0.7581331538929040
Texas,2019,Male,American Indian/Alaska Native,14,9449,148.16382685998500,365,0.4059282927670830
Texas,2019,Male,Asian/Pacific Islander,108,46099,234.27840083299000,365,0.6418586324191500
Texas,2019,Male,Black,877,102716,853.8105066396670,365,2.3392068675059400
Texas,2019,Male,White,5057,888707,569.0289375463450,365,1.5589833905379300
Texas,2020,Female,American Indian/Alaska Native,14,10025,139.6508728179550,366,0.3815597617976920
Texas,2020,Female,Asian/Pacific Islander,69,61433,112.31748408835600,366,0.30687837182611000
Texas,2020,Female,Black,748,143431,521.5051139572340,366,1.4248773605388900
Texas,2020,Female,White,3024,1035292,292.09150655080900,366,0.7980642255486580
Texas,2020,Male,American Indian/Alaska Native,,10185,,366,
Texas,2020,Male,Asian/Pacific Islander,127,49253,257.85231356465600,366,0.7045145179362180
Texas,2020,Male,Black,1062,109131,973.1423701789590,366,2.658858934915190
Texas,2020,Male,White,5560,921162,603.5854713937400,366,1.6491406322233300
Texas,2021,Female,American Indian/Alaska Native,,9874,,365,
Texas,2021,Female,Asian/Pacific Islander,78,61116,127.62615354408000,365,0.3496606946413150
Texas,2021,Female,Black,725,147146,492.7079227433980,365,1.3498847198449300
Texas,2021,Female,White,3265,1044159,312.69184099356500,365,0.8566899753248360
Texas,2021,Male,American Indian/Alaska Native,13,10280,126.4591439688720,365,0.3464634081338950
Texas,2021,Male,Asian/Pacific Islander,153,49357,309.9864254310430,365,0.849277877893269
Texas,2021,Male,Black,1101,114524,961.3705424190560,365,2.6338918970385100
Texas,2021,Male,White,5947,947512,627.6437659892430,365,1.7195719616143700
Texas,2022,Female,American Indian/Alaska Native,,10435,,365,
Texas,2022,Female,Asian/Pacific Islander,78,64736,120.48937221947600,365,0.33010786909445500
Texas,2022,Female,Black,722,152620,473.0703708557200,365,1.2960832078238900
Texas,2022,Female,White,3224,1051736,306.5408049168230,365,0.8398378216899270
Texas,2022,Male,American Indian/Alaska Native,11,11047,99.57454512537340,365,0.27280697294622800
Texas,2022,Male,Asian/Pacific Islander,133,52379,253.91855514614600,365,0.6956672743730040
Texas,2022,Male,Black,1058,118404,893.5508935508940,365,2.448084639865460
Texas,2022,Male,White,5942,950435,625.1874141840320,365,1.7128422306411800
Texas,2023,Female,American Indian/Alaska Native,,11064,,365,
Texas,2023,Female,Asian/Pacific Islander,76,69183,109.85357674573200,365,0.3009687034129650
Texas,2023,Female,Black,772,162360,475.4865730475490,365,1.3027029398563000
Texas,2023,Female,White,3108,1086222,286.12935477278100,365,0.7839160404733730
Texas,2023,Male,American Indian/Alaska Native,10,11708,85.41168431841480,365,0.23400461457099900
Texas,2023,Male,Asian/Pacific Islander,129,55692,231.63111398405500,365,0.6346057917371380
Texas,2023,Male,Black,1081,126879,851.992843575375,365,2.3342269686996600
Texas,2023,Male,White,5666,982964,576.4198892329730,365,1.5792325732410200
Texas,2024,Female,American Indian/Alaska Native,,11749,,366,
Texas,2024,Female,Asian/Pacific Islander,60,74287,80.76783286443120,366,0.22067713897385600
Texas,2024,Female,Black,762,170612,446.62743535038600,366,1.220293539208700
Texas,2024,Female,White,3181,1113476,285.68195452798300,366,0.7805517883278210
Texas,2024,Male,American Indian/Alaska Native,,12391,,366,
Texas,2024,Male,Asian/Pacific Islander,126,59924,210.26633736065700,366,0.5744981895099910
Texas,2024,Male,Black,1154,133249,866.0477752178250,366,2.3662507519612700
Texas,2024,Male,White,5880,1010439,581.9252819813960,366,1.5899597868344200
Texas,2025,Female,American Indian/Alaska Native,,11749,,365,
Texas,2025,Female,Asian/Pacific Islander,90,74287,121.15174929664700,365,0.33192260081273100
Texas,2025,Female,Black,790,170612,463.03894216116100,365,1.2685998415374300
Texas,2025,Female,White,3128,1113476,280.92208543336400,365,0.769649549132503
Texas,2025,Male,American Indian/Alaska Native,13,12391,104.91485755790500,365,0.28743796591206800
Texas,2025,Male,Asian/Pacific Islander,141,59924,235.29804418930600,365,0.6446521758611140
Texas,2025,Male,Black,1149,133249,862.2954018416650,365,2.362453155730590
Texas,2025,Male,White,5836,1010439,577.5707390550050,365,1.5823855864520700
Utah,1999,Female,American Indian/Alaska Native,,381,,365,
Utah,1999,Female,Asian/Pacific Islander,,982,,365,
Utah,1999,Female,Black,0,193,0.0,365,0.0
Utah,1999,Female,White,180,51947,346.5070167670900,365,0.9493342925125740
Utah,1999,Male,American Indian/Alaska Native,,310,,365,
Utah,1999,Male,Asian/Pacific Islander,,724,,365,
Utah,1999,Male,Black,,181,,365,
Utah,1999,Male,White,288,46008,625.9780907668230,365,1.71500846785431
Utah,2000,Female,American Indian/Alaska Native,,407,,366,
Utah,2000,Female,Asian/Pacific Islander,,1003,,366,
Utah,2000,Female,Black,,211,,366,
Utah,2000,Female,White,159,52211,304.533527417594,366,0.832058818080858
Utah,2000,Male,American Indian/Alaska Native,,318,,366,
Utah,2000,Male,Asian/Pacific Islander,,764,,366,
Utah,2000,Male,Black,0,194,0.0,366,0.0
Utah,2000,Male,White,284,46440,611.541774332472,366,1.6708791648428200
Utah,2001,Female,American Indian/Alaska Native,,424,,365,
Utah,2001,Female,Asian/Pacific Islander,,1043,,365,
Utah,2001,Female,Black,,216,,365,
Utah,2001,Female,White,176,52953,332.37021509640600,365,0.91060332903125
Utah,2001,Male,American Indian/Alaska Native,,307,,365,
Utah,2001,Male,Asian/Pacific Islander,,825,,365,
Utah,2001,Male,Black,,207,,365,
Utah,2001,Male,White,251,47210,531.6670196992160,365,1.4566219717786700
Utah,2002,Female,American Indian/Alaska Native,,420,,365,
Utah,2002,Female,Asian/Pacific Islander,,1119,,365,
Utah,2002,Female,Black,0,227,0.0,365,0.0
Utah,2002,Female,White,164,53660,305.6280283265000,365,0.8373370639082200
Utah,2002,Male,American Indian/Alaska Native,,340,,365,
Utah,2002,Male,Asian/Pacific Islander,,846,,365,
Utah,2002,Male,Black,,233,,365,
Utah,2002,Male,White,249,48065,518.0484760220540,365,1.4193108932111100
Utah,2003,Female,American Indian/Alaska Native,,418,,365,
Utah,2003,Female,Asian/Pacific Islander,,1147,,365,
Utah,2003,Female,Black,0,222,0.0,365,0.0
Utah,2003,Female,White,155,54914,282.25953308810100,365,0.7733137892824700
Utah,2003,Male,American Indian/Alaska Native,,350,,365,
Utah,2003,Male,Asian/Pacific Islander,,883,,365,
Utah,2003,Male,Black,,249,,365,
Utah,2003,Male,White,221,49155,449.59820974468500,365,1.2317759171087300
Utah,2004,Female,American Indian/Alaska Native,0,406,0.0,366,0.0
Utah,2004,Female,Asian/Pacific Islander,,1236,,366,
Utah,2004,Female,Black,0,226,0.0,366,0.0
Utah,2004,Female,White,129,56092,229.97931968908200,366,0.6283587969647060
Utah,2004,Male,American Indian/Alaska Native,,373,,366,
Utah,2004,Male,Asian/Pacific Islander,,945,,366,
Utah,2004,Male,Black,0,251,0.0,366,0.0
Utah,2004,Male,White,221,50303,439.3376140588040,366,1.200375994696190
Utah,2005,Female,American Indian/Alaska Native,,428,,365,
Utah,2005,Female,Asian/Pacific Islander,,1274,,365,
Utah,2005,Female,Black,,236,,365,
Utah,2005,Female,White,138,57987,237.98437580837100,365,0.6520119885160850
Utah,2005,Male,American Indian/Alaska Native,0,414,0.0,365,0.0
Utah,2005,Male,Asian/Pacific Islander,,1017,,365,
Utah,2005,Male,Black,,256,,365,
Utah,2005,Male,White,199,52140,381.6647487533560,365,1.0456568458996100
Utah,2006,Female,American Indian/Alaska Native,,489,,365,
Utah,2006,Female,Asian/Pacific Islander,,1362,,365,
Utah,2006,Female,Black,,260,,365,
Utah,2006,Female,White,149,60260,247.26186525058100,365,0.6774297678098110
Utah,2006,Male,American Indian/Alaska Native,,441,,365,
Utah,2006,Male,Asian/Pacific Islander,10,1053,949.6676163342830,365,2.6018290858473500
Utah,2006,Male,Black,,289,,365,
Utah,2006,Male,White,251,54162,463.4245411912410,365,1.269656277236280
Utah,2007,Female,American Indian/Alaska Native,,511,,365,
Utah,2007,Female,Asian/Pacific Islander,,1445,,365,
Utah,2007,Female,Black,0,284,0.0,365,0.0
Utah,2007,Female,White,155,61968,250.12909888975000,365,0.68528520243767
Utah,2007,Male,American Indian/Alaska Native,,478,,365,
Utah,2007,Male,Asian/Pacific Islander,,1118,,365,
Utah,2007,Male,Black,,297,,365,
Utah,2007,Male,White,254,56159,452.2872558272050,365,1.2391431666498800
Utah,2008,Female,American Indian/Alaska Native,0,543,0.0,366,0.0
Utah,2008,Female,Asian/Pacific Islander,,1496,,366,
Utah,2008,Female,Black,,294,,366,
Utah,2008,Female,White,138,64964,212.4253432670400,366,0.580397112751476
Utah,2008,Male,American Indian/Alaska Native,,533,,366,
Utah,2008,Male,Asian/Pacific Islander,,1186,,366,
Utah,2008,Male,Black,,347,,366,
Utah,2008,Male,White,230,58949,390.1677721420210,366,1.066032164322460
Utah,2009,Female,American Indian/Alaska Native,,589,,365,
Utah,2009,Female,Asian/Pacific Islander,,1597,,365,
Utah,2009,Female,Black,,337,,365,
Utah,2009,Female,White,139,68004,204.3997411916950,365,0.5599992909361500
Utah,2009,Male,American Indian/Alaska Native,,532,,365,
Utah,2009,Male,Asian/Pacific Islander,,1261,,365,
Utah,2009,Male,Black,0,365,0.0,365,0.0
Utah,2009,Male,White,232,61562,376.8558526363670,365,1.03248178804484
Utah,2010,Female,American Indian/Alaska Native,0,628,0.0,365,0.0
Utah,2010,Female,Asian/Pacific Islander,,1665,,365,
Utah,2010,Female,Black,,351,,365,
Utah,2010,Female,White,155,69944,221.6058561134620,365,0.6071393318177050
Utah,2010,Male,American Indian/Alaska Native,,548,,365,
Utah,2010,Male,Asian/Pacific Islander,,1330,,365,
Utah,2010,Male,Black,0,373,0.0,365,0.0
Utah,2010,Male,White,241,63385,380.21613946517300,365,1.0416880533292400
Utah,2011,Female,American Indian/Alaska Native,,693,,365,
Utah,2011,Female,Asian/Pacific Islander,0,1819,0.0,365,0.0
Utah,2011,Female,Black,0,385,0.0,365,0.0
Utah,2011,Female,White,140,72799,192.31033393315800,365,0.5268776272141330
Utah,2011,Male,American Indian/Alaska Native,,602,,365,
Utah,2011,Male,Asian/Pacific Islander,,1463,,365,
Utah,2011,Male,Black,,398,,365,
Utah,2011,Male,White,214,66159,323.46317205520000,365,0.8862004713841110
Utah,2012,Female,American Indian/Alaska Native,0,713,0.0,366,0.0
Utah,2012,Female,Asian/Pacific Islander,,2014,,366,
Utah,2012,Female,Black,0,425,0.0,366,0.0
Utah,2012,Female,White,151,77582,194.63277564383500,366,0.5317835400104780
Utah,2012,Male,American Indian/Alaska Native,,659,,366,
Utah,2012,Male,Asian/Pacific Islander,,1594,,366,
Utah,2012,Male,Black,,438,,366,
Utah,2012,Male,White,278,70835,392.46135385049800,366,1.0722987810122900
Utah,2013,Female,American Indian/Alaska Native,,772,,365,
Utah,2013,Female,Asian/Pacific Islander,,2174,,365,
Utah,2013,Female,Black,,482,,365,
Utah,2013,Female,White,177,81933,216.03017099337300,365,0.5918634821736240
Utah,2013,Male,American Indian/Alaska Native,,706,,365,
Utah,2013,Male,Asian/Pacific Islander,,1692,,365,
Utah,2013,Male,Black,,490,,365,
Utah,2013,Male,White,277,75195,368.3755568854310,365,1.009248101055980
Utah,2014,Female,American Indian/Alaska Native,0,834,0.0,365,0.0
Utah,2014,Female,Asian/Pacific Islander,,2327,,365,
Utah,2014,Female,Black,,526,,365,
Utah,2014,Female,White,161,86186,186.80528160026000,365,0.5117952920555070
Utah,2014,Male,American Indian/Alaska Native,,754,,365,
Utah,2014,Male,Asian/Pacific Islander,,1877,,365,
Utah,2014,Male,Black,,542,,365,
Utah,2014,Male,White,267,79354,336.4669707891220,365,0.9218273172304720
Utah,2015,Female,American Indian/Alaska Native,,911,,365,
Utah,2015,Female,Asian/Pacific Islander,,2587,,365,
Utah,2015,Female,Black,0,534,0.0,365,0.0
Utah,2015,Female,White,185,90475,204.47637468914100,365,0.560209245723673
Utah,2015,Male,American Indian/Alaska Native,,817,,365,
Utah,2015,Male,Asian/Pacific Islander,,2072,,365,
Utah,2015,Male,Black,,593,,365,
Utah,2015,Male,White,314,83573,375.7194309166840,365,1.029368303881330
Utah,2016,Female,American Indian/Alaska Native,,984,,366,
Utah,2016,Female,Asian/Pacific Islander,,2744,,366,
Utah,2016,Female,Black,,550,,366,
Utah,2016,Female,White,200,95217,210.04652530535500,366,0.5738976101239210
Utah,2016,Male,American Indian/Alaska Native,,867,,366,
Utah,2016,Male,Asian/Pacific Islander,11,2197,500.6827492034590,366,1.3679856535613600
Utah,2016,Male,Black,,649,,366,
Utah,2016,Male,White,325,87994,369.34336432029500,366,1.0091348751920600
Utah,2017,Female,American Indian/Alaska Native,,1052,,365,
Utah,2017,Female,Asian/Pacific Islander,,3030,,365,
Utah,2017,Female,Black,,574,,365,
Utah,2017,Female,White,191,100306,190.41732299164600,365,0.521691295867522
Utah,2017,Male,American Indian/Alaska Native,,874,,365,
Utah,2017,Male,Asian/Pacific Islander,,2473,,365,
Utah,2017,Male,Black,,708,,365,
Utah,2017,Male,White,315,92244,341.48562508130600,365,0.9355770550172770
Utah,2018,Female,American Indian/Alaska Native,,1127,,365,
Utah,2018,Female,Asian/Pacific Islander,,3230,,365,
Utah,2018,Female,Black,,625,,365,
Utah,2018,Female,White,195,104491,186.61894325827100,365,0.5112847760500580
Utah,2018,Male,American Indian/Alaska Native,,938,,365,
Utah,2018,Male,Asian/Pacific Islander,,2611,,365,
Utah,2018,Male,Black,,769,,365,
Utah,2018,Male,White,321,96080,334.09658617818500,365,0.9153331128169450
Utah,2019,Female,American Indian/Alaska Native,,1212,,365,
Utah,2019,Female,Asian/Pacific Islander,,3499,,365,
Utah,2019,Female,Black,0,668,0.0,365,0.0
Utah,2019,Female,White,217,108843,199.36973438806400,365,0.5462184503782560
Utah,2019,Male,American Indian/Alaska Native,,1004,,365,
Utah,2019,Male,Asian/Pacific Islander,,2909,,365,
Utah,2019,Male,Black,,857,,365,
Utah,2019,Male,White,351,100474,349.34410892370200,365,0.9571071477361690
Utah,2020,Female,American Indian/Alaska Native,,1294,,366,
Utah,2020,Female,Asian/Pacific Islander,,3684,,366,
Utah,2020,Female,Black,0,750,0.0,366,0.0
Utah,2020,Female,White,244,113795,214.42066874643000,366,0.5858488217115570
Utah,2020,Male,American Indian/Alaska Native,,1081,,366,
Utah,2020,Male,Asian/Pacific Islander,,3052,,366,
Utah,2020,Male,Black,,945,,366,
Utah,2020,Male,White,382,105451,362.2535585248130,366,0.989763821106045
Utah,2021,Female,American Indian/Alaska Native,,1286,,365,
Utah,2021,Female,Asian/Pacific Islander,0,3019,0.0,365,0.0
Utah,2021,Female,Black,,763,,365,
Utah,2021,Female,White,255,117785,216.49615825444700,365,0.5931401596012240
Utah,2021,Male,American Indian/Alaska Native,,1097,,365,
Utah,2021,Male,Asian/Pacific Islander,,2277,,365,
Utah,2021,Male,Black,,983,,365,
Utah,2021,Male,White,405,111631,362.8024473488550,365,0.9939793078050810
Utah,2022,Female,American Indian/Alaska Native,,1305,,365,
Utah,2022,Female,Asian/Pacific Islander,,3175,,365,
Utah,2022,Female,Black,,796,,365,
Utah,2022,Female,White,236,119378,197.6913669185280,365,0.541620183338432
Utah,2022,Male,American Indian/Alaska Native,,1159,,365,
Utah,2022,Male,Asian/Pacific Islander,11,2406,457.190357439734,365,1.2525763217527000
Utah,2022,Male,Black,,1057,,365,
Utah,2022,Male,White,454,112833,402.36455646840900,365,1.102368647858660
Utah,2023,Female,American Indian/Alaska Native,,1402,,365,
Utah,2023,Female,Asian/Pacific Islander,,3321,,365,
Utah,2023,Female,Black,,825,,365,
Utah,2023,Female,White,245,123042,199.1190000162550,365,0.5455315068938480
Utah,2023,Male,American Indian/Alaska Native,,1222,,365,
Utah,2023,Male,Asian/Pacific Islander,,2497,,365,
Utah,2023,Male,Black,,1186,,365,
Utah,2023,Male,White,440,116240,378.52718513420500,365,1.0370607811896000
Utah,2024,Female,American Indian/Alaska Native,,1522,,366,
Utah,2024,Female,Asian/Pacific Islander,,3549,,366,
Utah,2024,Female,Black,0,933,0.0,366,0.0
Utah,2024,Female,White,269,126329,212.9360637699970,366,0.5817925239617410
Utah,2024,Male,American Indian/Alaska Native,,1313,,366,
Utah,2024,Male,Asian/Pacific Islander,,2827,,366,
Utah,2024,Male,Black,,1368,,366,
Utah,2024,Male,White,448,119467,374.99895368595500,366,1.0245873051528800
Utah,2025,Female,American Indian/Alaska Native,,1522,,365,
Utah,2025,Female,Asian/Pacific Islander,,3549,,365,
Utah,2025,Female,Black,,933,,365,
Utah,2025,Female,White,251,126329,198.68755392665200,365,0.5443494628127450
Utah,2025,Male,American Indian/Alaska Native,,1313,,365,
Utah,2025,Male,Asian/Pacific Islander,,2827,,365,
Utah,2025,Male,Black,,1368,,365,
Utah,2025,Male,White,473,119467,395.92523458360900,365,1.084726670092080
Vermont,1999,Female,American Indian/Alaska Native,0,23,0.0,365,0.0
Vermont,1999,Female,Asian/Pacific Islander,0,50,0.0,365,0.0
Vermont,1999,Female,Black,0,36,0.0,365,0.0
Vermont,1999,Female,White,81,21679,373.6334701785140,365,1.0236533429548300
Vermont,1999,Male,American Indian/Alaska Native,0,30,0.0,365,0.0
Vermont,1999,Male,Asian/Pacific Islander,0,49,0.0,365,0.0
Vermont,1999,Male,Black,,32,,365,
Vermont,1999,Male,White,140,18496,756.9204152249130,365,2.073754562260040
Vermont,2000,Female,American Indian/Alaska Native,0,43,0.0,366,0.0
Vermont,2000,Female,Asian/Pacific Islander,0,76,0.0,366,0.0
Vermont,2000,Female,Black,0,45,0.0,366,0.0
Vermont,2000,Female,White,79,21685,364.3071247406040,366,0.9953746577612130
Vermont,2000,Male,American Indian/Alaska Native,0,45,0.0,366,0.0
Vermont,2000,Male,Asian/Pacific Islander,0,63,0.0,366,0.0
Vermont,2000,Male,Black,,49,,366,
Vermont,2000,Male,White,159,18677,851.31445092895,366,2.325995767565440
Vermont,2001,Female,American Indian/Alaska Native,0,45,0.0,365,0.0
Vermont,2001,Female,Asian/Pacific Islander,0,82,0.0,365,0.0
Vermont,2001,Female,Black,,54,,365,
Vermont,2001,Female,White,77,21417,359.52747817154600,365,0.9850067895110850
Vermont,2001,Male,American Indian/Alaska Native,0,50,0.0,365,0.0
Vermont,2001,Male,Asian/Pacific Islander,,63,,365,
Vermont,2001,Male,Black,0,58,0.0,365,0.0
Vermont,2001,Male,White,152,18771,809.7597357626120,365,2.2185198240071600
Vermont,2002,Female,American Indian/Alaska Native,0,48,0.0,365,0.0
Vermont,2002,Female,Asian/Pacific Islander,0,87,0.0,365,0.0
Vermont,2002,Female,Black,,55,,365,
Vermont,2002,Female,White,90,21423,420.1092283993840,365,1.150984187395570
Vermont,2002,Male,American Indian/Alaska Native,0,50,0.0,365,0.0
Vermont,2002,Male,Asian/Pacific Islander,0,67,0.0,365,0.0
Vermont,2002,Male,Black,0,61,0.0,365,0.0
Vermont,2002,Male,White,121,18843,642.148277875073,365,1.7593103503426700
Vermont,2003,Female,American Indian/Alaska Native,0,51,0.0,365,0.0
Vermont,2003,Female,Asian/Pacific Islander,0,111,0.0,365,0.0
Vermont,2003,Female,Black,0,65,0.0,365,0.0
Vermont,2003,Female,White,75,21400,350.46728971962600,365,0.960184355396236
Vermont,2003,Male,American Indian/Alaska Native,0,61,0.0,365,0.0
Vermont,2003,Male,Asian/Pacific Islander,0,78,0.0,365,0.0
Vermont,2003,Male,Black,0,56,0.0,365,0.0
Vermont,2003,Male,White,127,18946,670.3261902248500,365,1.8365101102050700
Vermont,2004,Female,American Indian/Alaska Native,,47,,366,
Vermont,2004,Female,Asian/Pacific Islander,0,115,0.0,366,0.0
Vermont,2004,Female,Black,0,69,0.0,366,0.0
Vermont,2004,Female,White,62,21446,289.0982001305610,366,0.7898857927064490
Vermont,2004,Male,American Indian/Alaska Native,0,67,0.0,366,0.0
Vermont,2004,Male,Asian/Pacific Islander,0,94,0.0,366,0.0
Vermont,2004,Male,Black,0,68,0.0,366,0.0
Vermont,2004,Male,White,118,19235,613.4650376917080,366,1.6761339827642300
Vermont,2005,Female,American Indian/Alaska Native,0,44,0.0,365,0.0
Vermont,2005,Female,Asian/Pacific Islander,0,121,0.0,365,0.0
Vermont,2005,Female,Black,,69,,365,
Vermont,2005,Female,White,57,21617,263.68136189110400,365,0.7224146901126140
Vermont,2005,Male,American Indian/Alaska Native,0,75,0.0,365,0.0
Vermont,2005,Male,Asian/Pacific Islander,0,97,0.0,365,0.0
Vermont,2005,Male,Black,,73,,365,
Vermont,2005,Male,White,100,19526,512.1376626037080,365,1.403116883845780
Vermont,2006,Female,American Indian/Alaska Native,0,49,0.0,365,0.0
Vermont,2006,Female,Asian/Pacific Islander,0,126,0.0,365,0.0
Vermont,2006,Female,Black,0,64,0.0,365,0.0
Vermont,2006,Female,White,60,22060,271.985494106981,365,0.7451657372794000
Vermont,2006,Male,American Indian/Alaska Native,0,79,0.0,365,0.0
Vermont,2006,Male,Asian/Pacific Islander,0,110,0.0,365,0.0
Vermont,2006,Male,Black,,73,,365,
Vermont,2006,Male,White,113,20043,563.7878561093650,365,1.5446242633133300
Vermont,2007,Female,American Indian/Alaska Native,0,57,0.0,365,0.0
Vermont,2007,Female,Asian/Pacific Islander,,138,,365,
Vermont,2007,Female,Black,0,67,0.0,365,0.0
Vermont,2007,Female,White,54,22612,238.8112506633650,365,0.6542773990777110
Vermont,2007,Male,American Indian/Alaska Native,0,77,0.0,365,0.0
Vermont,2007,Male,Asian/Pacific Islander,0,108,0.0,365,0.0
Vermont,2007,Male,Black,0,80,0.0,365,0.0
Vermont,2007,Male,White,93,20745,448.3007953723790,365,1.2282213571846
Vermont,2008,Female,American Indian/Alaska Native,0,58,0.0,366,0.0
Vermont,2008,Female,Asian/Pacific Islander,0,148,0.0,366,0.0
Vermont,2008,Female,Black,0,74,0.0,366,0.0
Vermont,2008,Female,White,48,23678,202.7198243094860,366,0.5538793013920370
Vermont,2008,Male,American Indian/Alaska Native,0,73,0.0,366,0.0
Vermont,2008,Male,Asian/Pacific Islander,0,117,0.0,366,0.0
Vermont,2008,Male,Black,0,84,0.0,366,0.0
Vermont,2008,Male,White,104,22010,472.51249432076300,366,1.2910177440458000
Vermont,2009,Female,American Indian/Alaska Native,0,53,0.0,365,0.0
Vermont,2009,Female,Asian/Pacific Islander,0,163,0.0,365,0.0
Vermont,2009,Female,Black,,83,,365,
Vermont,2009,Female,White,62,24590,252.13501423342800,365,0.690780860913502
Vermont,2009,Male,American Indian/Alaska Native,0,67,0.0,365,0.0
Vermont,2009,Male,Asian/Pacific Islander,,107,,365,
Vermont,2009,Male,Black,,87,,365,
Vermont,2009,Male,White,99,22990,430.62200956937800,365,1.1797863275873400
Vermont,2010,Female,American Indian/Alaska Native,0,63,0.0,365,0.0
Vermont,2010,Female,Asian/Pacific Islander,0,155,0.0,365,0.0
Vermont,2010,Female,Black,0,85,0.0,365,0.0
Vermont,2010,Female,White,48,25315,189.61090262690100,365,0.5194819250052080
Vermont,2010,Male,American Indian/Alaska Native,0,68,0.0,365,0.0
Vermont,2010,Male,Asian/Pacific Islander,0,112,0.0,365,0.0
Vermont,2010,Male,Black,0,90,0.0,365,0.0
Vermont,2010,Male,White,127,23650,536.9978858350950,365,1.4712270844797100
Vermont,2011,Female,American Indian/Alaska Native,0,73,0.0,365,0.0
Vermont,2011,Female,Asian/Pacific Islander,0,189,0.0,365,0.0
Vermont,2011,Female,Black,0,95,0.0,365,0.0
Vermont,2011,Female,White,55,26429,208.10473343675500,365,0.5701499546212470
Vermont,2011,Male,American Indian/Alaska Native,0,77,0.0,365,0.0
Vermont,2011,Male,Asian/Pacific Islander,0,121,0.0,365,0.0
Vermont,2011,Male,Black,0,100,0.0,365,0.0
Vermont,2011,Male,White,103,24805,415.2388631324330,365,1.137640720910780
Vermont,2012,Female,American Indian/Alaska Native,0,75,0.0,366,0.0
Vermont,2012,Female,Asian/Pacific Islander,0,210,0.0,366,0.0
Vermont,2012,Female,Black,,105,,366,
Vermont,2012,Female,White,61,28354,215.13719404669500,366,0.5878065411111900
Vermont,2012,Male,American Indian/Alaska Native,0,87,0.0,366,0.0
Vermont,2012,Male,Asian/Pacific Islander,0,137,0.0,366,0.0
Vermont,2012,Male,Black,0,115,0.0,366,0.0
Vermont,2012,Male,White,131,26731,490.0677116456550,366,1.338982818703980
Vermont,2013,Female,American Indian/Alaska Native,0,104,0.0,365,0.0
Vermont,2013,Female,Asian/Pacific Islander,0,227,0.0,365,0.0
Vermont,2013,Female,Black,0,117,0.0,365,0.0
Vermont,2013,Female,White,72,29984,240.128068303095,365,0.6578851186386160
Vermont,2013,Male,American Indian/Alaska Native,,100,,365,
Vermont,2013,Male,Asian/Pacific Islander,0,147,0.0,365,0.0
Vermont,2013,Male,Black,0,139,0.0,365,0.0
Vermont,2013,Male,White,142,28457,498.9984889482380,365,1.3671191478033900
Vermont,2014,Female,American Indian/Alaska Native,0,114,0.0,365,0.0
Vermont,2014,Female,Asian/Pacific Islander,0,242,0.0,365,0.0
Vermont,2014,Female,Black,0,123,0.0,365,0.0
Vermont,2014,Female,White,68,31470,216.07880521131200,365,0.5919967266063350
Vermont,2014,Male,American Indian/Alaska Native,0,106,0.0,365,0.0
Vermont,2014,Male,Asian/Pacific Islander,0,152,0.0,365,0.0
Vermont,2014,Male,Black,,143,,365,
Vermont,2014,Male,White,128,29967,427.1365168351850,365,1.1702370324251700
Vermont,2015,Female,American Indian/Alaska Native,0,126,0.0,365,0.0
Vermont,2015,Female,Asian/Pacific Islander,,270,,365,
Vermont,2015,Female,Black,0,131,0.0,365,0.0
Vermont,2015,Female,White,74,32945,224.61678555167700,365,0.6153884535662390
Vermont,2015,Male,American Indian/Alaska Native,0,117,0.0,365,0.0
Vermont,2015,Male,Asian/Pacific Islander,,156,,365,
Vermont,2015,Male,Black,,160,,365,
Vermont,2015,Male,White,158,31322,504.43777536555800,365,1.382021302371390
Vermont,2016,Female,American Indian/Alaska Native,0,145,0.0,366,0.0
Vermont,2016,Female,Asian/Pacific Islander,,281,,366,
Vermont,2016,Female,Black,0,145,0.0,366,0.0
Vermont,2016,Female,White,77,34234,224.92259157562700,366,0.6145425999334060
Vermont,2016,Male,American Indian/Alaska Native,0,137,0.0,366,0.0
Vermont,2016,Male,Asian/Pacific Islander,0,165,0.0,366,0.0
Vermont,2016,Male,Black,0,176,0.0,366,0.0
Vermont,2016,Male,White,147,32393,453.80174729108100,366,1.2398954844018600
Vermont,2017,Female,American Indian/Alaska Native,,148,,365,
Vermont,2017,Female,Asian/Pacific Islander,0,323,0.0,365,0.0
Vermont,2017,Female,Black,0,140,0.0,365,0.0
Vermont,2017,Female,White,64,35770,178.9208834218620,365,0.490194201155786
Vermont,2017,Male,American Indian/Alaska Native,0,140,0.0,365,0.0
Vermont,2017,Male,Asian/Pacific Islander,0,172,0.0,365,0.0
Vermont,2017,Male,Black,,196,,365,
Vermont,2017,Male,White,171,33777,506.2616573407940,365,1.3870182392898500
Vermont,2018,Female,American Indian/Alaska Native,0,163,0.0,365,0.0
Vermont,2018,Female,Asian/Pacific Islander,0,413,0.0,365,0.0
Vermont,2018,Female,Black,0,149,0.0,365,0.0
Vermont,2018,Female,White,63,37018,170.1874763628510,365,0.46626705852835800
Vermont,2018,Male,American Indian/Alaska Native,,145,,365,
Vermont,2018,Male,Asian/Pacific Islander,,187,,365,
Vermont,2018,Male,Black,,203,,365,
Vermont,2018,Male,White,175,34615,505.5611729019210,365,1.3850991038408800
Vermont,2019,Female,American Indian/Alaska Native,,179,,365,
Vermont,2019,Female,Asian/Pacific Islander,0,431,0.0,365,0.0
Vermont,2019,Female,Black,0,155,0.0,365,0.0
Vermont,2019,Female,White,81,38214,211.9642016015070,365,0.5807238400041300
Vermont,2019,Male,American Indian/Alaska Native,,154,,365,
Vermont,2019,Male,Asian/Pacific Islander,0,214,0.0,365,0.0
Vermont,2019,Male,Black,0,243,0.0,365,0.0
Vermont,2019,Male,White,183,35616,513.8140161725070,365,1.4077096333493300
Vermont,2020,Female,American Indian/Alaska Native,0,177,0.0,366,0.0
Vermont,2020,Female,Asian/Pacific Islander,0,504,0.0,366,0.0
Vermont,2020,Female,Black,,189,,366,
Vermont,2020,Female,White,90,39227,229.4338083462920,366,0.6268683288150060
Vermont,2020,Male,American Indian/Alaska Native,,159,,366,
Vermont,2020,Male,Asian/Pacific Islander,,245,,366,
Vermont,2020,Male,Black,0,278,0.0,366,0.0
Vermont,2020,Male,White,185,36834,502.25335288049100,366,1.3722769204385000
Vermont,2021,Female,American Indian/Alaska Native,0,165,0.0,365,0.0
Vermont,2021,Female,Asian/Pacific Islander,0,504,0.0,365,0.0
Vermont,2021,Female,Black,,164,,365,
Vermont,2021,Female,White,120,41074,292.15562156108500,365,0.8004263604413280
Vermont,2021,Male,American Indian/Alaska Native,0,141,0.0,365,0.0
Vermont,2021,Male,Asian/Pacific Islander,0,259,0.0,365,0.0
Vermont,2021,Male,Black,,274,,365,
Vermont,2021,Male,White,191,39111,488.3536600956250,365,1.3379552331387000
Vermont,2022,Female,American Indian/Alaska Native,0,177,0.0,365,0.0
Vermont,2022,Female,Asian/Pacific Islander,0,526,0.0,365,0.0
Vermont,2022,Female,Black,,176,,365,
Vermont,2022,Female,White,87,41545,209.41148152605600,365,0.5737300863727560
Vermont,2022,Male,American Indian/Alaska Native,,140,,365,
Vermont,2022,Male,Asian/Pacific Islander,0,272,0.0,365,0.0
Vermont,2022,Male,Black,,306,,365,
Vermont,2022,Male,White,200,39445,507.0351121815190,365,1.389137293648000
Vermont,2023,Female,American Indian/Alaska Native,0,180,0.0,365,0.0
Vermont,2023,Female,Asian/Pacific Islander,0,527,0.0,365,0.0
Vermont,2023,Female,Black,0,184,0.0,365,0.0
Vermont,2023,Female,White,69,42553,162.15072967828400,365,0.44424857446105100
Vermont,2023,Male,American Indian/Alaska Native,,141,,365,
Vermont,2023,Male,Asian/Pacific Islander,0,298,0.0,365,0.0
Vermont,2023,Male,Black,,318,,365,
Vermont,2023,Male,White,175,40367,433.5224316892510,365,1.1877326895595900
Vermont,2024,Female,American Indian/Alaska Native,,190,,366,
Vermont,2024,Female,Asian/Pacific Islander,0,563,0.0,366,0.0
Vermont,2024,Female,Black,,187,,366,
Vermont,2024,Female,White,77,43143,178.47623021115800,366,0.4876399732545310
Vermont,2024,Male,American Indian/Alaska Native,,147,,366,
Vermont,2024,Male,Asian/Pacific Islander,0,21,0.0,366,0.0
Vermont,2024,Male,Black,,341,,366,
Vermont,2024,Male,White,188,40744,461.4176320439820,366,1.2607039126884800
Vermont,2025,Female,American Indian/Alaska Native,0,190,0.0,365,0.0
Vermont,2025,Female,Asian/Pacific Islander,0,8,0.0,365,0.0
Vermont,2025,Female,Black,,187,,365,
Vermont,2025,Female,White,82,43143,190.06559580928500,365,0.5207276597514670
Vermont,2025,Male,American Indian/Alaska Native,,147,,365,
Vermont,2025,Male,Asian/Pacific Islander,0,343,0.0,365,0.0
Vermont,2025,Male,Black,,341,,365,
Vermont,2025,Male,White,175,40744,429.5110936579620,365,1.1767427223505800
Virginia,1999,Female,American Indian/Alaska Native,,346,,365,
Virginia,1999,Female,Asian/Pacific Islander,12,5619,213.56113187399900,365,0.5850989914356140
Virginia,1999,Female,Black,311,40545,767.0489579479590,365,2.10150399437797
Virginia,1999,Female,White,867,192077,451.3814772200730,365,1.236661581424860
Virginia,1999,Male,American Indian/Alaska Native,,270,,365,
Virginia,1999,Male,Asian/Pacific Islander,12,4154,288.8781896966780,365,0.7914470950593920
Virginia,1999,Male,Black,386,29622,1303.085544527720,365,3.570097382267720
Virginia,1999,Male,White,1389,159815,869.1299314832780,365,2.381177894474730
Virginia,2000,Female,American Indian/Alaska Native,,440,,366,
Virginia,2000,Female,Asian/Pacific Islander,,6113,,366,
Virginia,2000,Female,Black,301,40363,745.7324777642890,366,2.03752043104997
Virginia,2000,Female,White,851,190746,446.143038386126,366,1.2189700502353200
Virginia,2000,Male,American Indian/Alaska Native,,396,,366,
Virginia,2000,Male,Asian/Pacific Islander,19,4549,417.6742141129920,366,1.1411863773579000
Virginia,2000,Male,Black,340,29563,1150.0862564692400,366,3.1423121761454500
Virginia,2000,Male,White,1393,160286,869.0715346318460,366,2.3745123897045000
Virginia,2001,Female,American Indian/Alaska Native,,447,,365,
Virginia,2001,Female,Asian/Pacific Islander,17,6721,252.93855081089100,365,0.6929823309887430
Virginia,2001,Female,Black,269,40995,656.1775826320280,365,1.7977468017315800
Virginia,2001,Female,White,824,190508,432.52776786276700,365,1.185007583185660
Virginia,2001,Male,American Indian/Alaska Native,,439,,365,
Virginia,2001,Male,Asian/Pacific Islander,18,5041,357.0720095219200,365,0.9782794781422470
Virginia,2001,Male,Black,333,30284,1099.5905428609200,365,3.0125768297559400
Virginia,2001,Male,White,1245,162621,765.5837806925310,365,2.097489810116520
Virginia,2002,Female,American Indian/Alaska Native,,474,,365,
Virginia,2002,Female,Asian/Pacific Islander,12,7218,166.25103906899400,365,0.4554822988191620
Virginia,2002,Female,Black,264,41378,638.0202039731260,365,1.7480005588304800
Virginia,2002,Female,White,703,190569,368.89525578661800,365,1.010671933661970
Virginia,2002,Male,American Indian/Alaska Native,0,483,0.0,365,0.0
Virginia,2002,Male,Asian/Pacific Islander,22,5632,390.625,365,1.0702054794520500
Virginia,2002,Male,Black,313,30669,1020.5745215038000,365,2.7960945794624600
Virginia,2002,Male,White,1220,164789,740.3406780792410,365,2.028330624874630
Virginia,2003,Female,American Indian/Alaska Native,0,518,0.0,365,0.0
Virginia,2003,Female,Asian/Pacific Islander,18,7716,233.28149300155500,365,0.6391273780864530
Virginia,2003,Female,Black,260,41812,621.831053286138,365,1.7036467213318800
Virginia,2003,Female,White,715,192085,372.2310435484290,365,1.0198110782148700
Virginia,2003,Male,American Indian/Alaska Native,0,511,0.0,365,0.0
Virginia,2003,Male,Asian/Pacific Islander,13,6237,208.4335417668750,365,0.5710507993613020
Virginia,2003,Male,Black,326,30996,1051.7486127242200,365,2.8815030485595100
Virginia,2003,Male,White,1187,167449,708.8725522397860,365,1.942116581478870
Virginia,2004,Female,American Indian/Alaska Native,,536,,366,
Virginia,2004,Female,Asian/Pacific Islander,14,8245,169.79987871437200,366,0.4639340948480120
Virginia,2004,Female,Black,247,42386,582.7395838248480,366,1.592184655259150
Virginia,2004,Female,White,660,193938,340.31494601367400,366,0.929822256867963
Virginia,2004,Male,American Indian/Alaska Native,,587,,366,
Virginia,2004,Male,Asian/Pacific Islander,23,6805,337.98677443056600,366,0.92346113232395
Virginia,2004,Male,Black,307,31599,971.5497325864740,366,2.6545074660832600
Virginia,2004,Male,White,1141,170316,669.9311867352450,366,1.8304130785116000
Virginia,2005,Female,American Indian/Alaska Native,0,578,0.0,365,0.0
Virginia,2005,Female,Asian/Pacific Islander,11,8988,122.38540275923500,365,0.33530247331297100
Virginia,2005,Female,Black,257,43197,594.9487232909690,365,1.6299965021670400
Virginia,2005,Female,White,654,197130,331.7607670065440,365,0.9089336082371070
Virginia,2005,Male,American Indian/Alaska Native,,619,,365,
Virginia,2005,Male,Asian/Pacific Islander,24,7637,314.2595259918820,365,0.860985002717484
Virginia,2005,Male,Black,274,32299,848.3234775070440,365,2.324173910978200
Virginia,2005,Male,White,1082,174020,621.7676129180550,365,1.7034729121042600
Virginia,2006,Female,American Indian/Alaska Native,0,624,0.0,365,0.0
Virginia,2006,Female,Asian/Pacific Islander,12,9666,124.14649286157700,365,0.34012737770295000
Virginia,2006,Female,Black,233,44151,527.734366152522,365,1.4458475785000600
Virginia,2006,Female,White,612,200922,304.5958133006840,365,0.83450907753612
Virginia,2006,Male,American Indian/Alaska Native,,636,,365,
Virginia,2006,Male,Asian/Pacific Islander,19,8310,228.64019253910900,365,0.6264114864085190
Virginia,2006,Male,Black,303,32996,918.2931264395680,365,2.515871579286490
Virginia,2006,Male,White,1037,178066,582.368335336336,365,1.5955296858529800
Virginia,2007,Female,American Indian/Alaska Native,0,645,0.0,365,0.0
Virginia,2007,Female,Asian/Pacific Islander,16,10451,153.09539756961100,365,0.4194394453961930
Virginia,2007,Female,Black,225,45243,497.3145016908690,365,1.3625054840845700
Virginia,2007,Female,White,574,206371,278.13985492147600,365,0.7620269997848670
Virginia,2007,Male,American Indian/Alaska Native,,687,,365,
Virginia,2007,Male,Asian/Pacific Islander,20,8939,223.73867322966800,365,0.6129826663826510
Virginia,2007,Male,Black,279,34009,820.3710782439940,365,2.2475919951890300
Virginia,2007,Male,White,1044,183867,567.801726247777,365,1.5556211678021300
Virginia,2008,Female,American Indian/Alaska Native,0,696,0.0,366,0.0
Virginia,2008,Female,Asian/Pacific Islander,14,11218,124.79942948832200,366,0.3409820477823020
Virginia,2008,Female,Black,217,46554,466.1253597972250,366,1.2735665568230200
Virginia,2008,Female,White,582,216495,268.8283794083000,366,0.7345037688751380
Virginia,2008,Male,American Indian/Alaska Native,,762,,366,
Virginia,2008,Male,Asian/Pacific Islander,17,9454,179.81806642690900,366,0.4913061924232490
Virginia,2008,Male,Black,277,35131,788.4774131109280,366,2.1543098718877800
Virginia,2008,Male,White,1020,194018,525.7244173221040,366,1.4364055118090300
Virginia,2009,Female,American Indian/Alaska Native,0,799,0.0,365,0.0
Virginia,2009,Female,Asian/Pacific Islander,13,12026,108.09911857641800,365,0.29616196870251400
Virginia,2009,Female,Black,206,48076,428.4882269739580,365,1.1739403478738600
Virginia,2009,Female,White,599,225221,265.96098942816200,365,0.7286602450086620
Virginia,2009,Male,American Indian/Alaska Native,,799,,365,
Virginia,2009,Male,Asian/Pacific Islander,31,10120,306.32411067193700,365,0.839244138827224
Virginia,2009,Male,Black,325,36259,896.3291872362720,365,2.4556964033870500
Virginia,2009,Male,White,1001,202158,495.15725323756700,365,1.3565952143495000
Virginia,2010,Female,American Indian/Alaska Native,0,844,0.0,365,0.0
Virginia,2010,Female,Asian/Pacific Islander,13,12664,102.65319014529400,365,0.28124161683642100
Virginia,2010,Female,Black,174,48997,355.12378308876100,365,0.9729418714760560
Virginia,2010,Female,White,607,230844,262.9481381365770,365,0.7204058579084300
Virginia,2010,Male,American Indian/Alaska Native,,838,,365,
Virginia,2010,Male,Asian/Pacific Islander,27,10547,255.9969659618850,365,0.7013615505805070
Virginia,2010,Male,Black,303,36997,818.9853231343080,365,2.2437954058474200
Virginia,2010,Male,White,1078,208073,518.0874020175610,365,1.4194175397741400
Virginia,2011,Female,American Indian/Alaska Native,,932,,365,
Virginia,2011,Female,Asian/Pacific Islander,10,13750,72.72727272727270,365,0.199252801992528
Virginia,2011,Female,Black,205,50738,404.0364224052980,365,1.1069491024802700
Virginia,2011,Female,White,608,239770,253.57634399633000,365,0.6947297095789860
Virginia,2011,Male,American Indian/Alaska Native,,909,,365,
Virginia,2011,Male,Asian/Pacific Islander,28,11477,243.9661932560770,365,0.6684005294687050
Virginia,2011,Male,Black,306,38468,795.4663616512430,365,2.179359894934910
Virginia,2011,Male,White,972,217251,447.40875761216300,365,1.2257774181155100
Virginia,2012,Female,American Indian/Alaska Native,,1025,,366,
Virginia,2012,Female,Asian/Pacific Islander,12,15245,78.7143325680551,366,0.21506648242638000
Virginia,2012,Female,Black,187,53448,349.8727735368960,366,0.9559365397182940
Virginia,2012,Female,White,626,257893,242.73632863241700,366,0.663214012656878
Virginia,2012,Male,American Indian/Alaska Native,,1016,,366,
Virginia,2012,Male,Asian/Pacific Islander,25,12485,200.2402883460150,366,0.5471046129672550
Virginia,2012,Male,Black,283,40772,694.1037967232410,366,1.896458460992460
Virginia,2012,Male,White,1103,233978,471.4118421390050,366,1.2880104976475500
Virginia,2013,Female,American Indian/Alaska Native,0,1158,0.0,365,0.0
Virginia,2013,Female,Asian/Pacific Islander,20,16504,121.18274357731500,365,0.3320075166501770
Virginia,2013,Female,Black,236,56300,419.18294849023100,365,1.1484464342198100
Virginia,2013,Female,White,639,271115,235.69334046437900,365,0.6457351793544620
Virginia,2013,Male,American Indian/Alaska Native,,1145,,365,
Virginia,2013,Male,Asian/Pacific Islander,28,13202,212.08907741251300,365,0.581065965513735
Virginia,2013,Male,Black,322,43390,742.1064761465780,365,2.033168427798840
Virginia,2013,Male,White,1166,245653,474.6532710774960,365,1.3004199207602600
Virginia,2014,Female,American Indian/Alaska Native,,1280,,365,
Virginia,2014,Female,Asian/Pacific Islander,16,18259,87.62801905909410,365,0.24007676454546300
Virginia,2014,Female,Black,241,59694,403.7256675712800,365,1.1060977193733700
Virginia,2014,Female,White,661,282605,233.89536632402100,365,0.6408092228055370
Virginia,2014,Male,American Indian/Alaska Native,0,1252,0.0,365,0.0
Virginia,2014,Male,Asian/Pacific Islander,34,14160,240.1129943502830,365,0.6578438201377600
Virginia,2014,Male,Black,329,46001,715.2018434381860,365,1.959457105310100
Virginia,2014,Male,White,1188,255631,464.7323681400140,365,1.2732393647671600
Virginia,2015,Female,American Indian/Alaska Native,,1291,,365,
Virginia,2015,Female,Asian/Pacific Islander,15,19882,75.44512624484460,365,0.20669897601327300
Virginia,2015,Female,Black,264,63162,417.97283176593500,365,1.1451310459340700
Virginia,2015,Female,White,635,293088,216.65847799978200,365,0.5935848712322780
Virginia,2015,Male,American Indian/Alaska Native,,1345,,365,
Virginia,2015,Male,Asian/Pacific Islander,26,15373,169.1276914070120,365,0.46336353810140400
Virginia,2015,Male,Black,334,48905,682.9567528882530,365,1.871114391474670
Virginia,2015,Male,White,1274,264657,481.3777833195420,365,1.3188432419713500
Virginia,2016,Female,American Indian/Alaska Native,,1390,,366,
Virginia,2016,Female,Asian/Pacific Islander,19,20832,91.20583717357910,366,0.249196276430544
Virginia,2016,Female,Black,265,66490,398.55617386073100,366,1.0889512947014500
Virginia,2016,Female,White,673,303571,221.69443062743100,366,0.6057224880530910
Virginia,2016,Male,American Indian/Alaska Native,,1398,,366,
Virginia,2016,Male,Asian/Pacific Islander,35,16018,218.50418279435600,366,0.5970059639190060
Virginia,2016,Male,Black,356,51634,689.4681798814740,366,1.8837928412062100
Virginia,2016,Male,White,1294,273191,473.661284595759,366,1.294156515288960
Virginia,2017,Female,American Indian/Alaska Native,,1481,,365,
Virginia,2017,Female,Asian/Pacific Islander,18,22397,80.36790641603790,365,0.2201860449754460
Virginia,2017,Female,Black,257,69900,367.6680972818310,365,1.0073098555666600
Virginia,2017,Female,White,770,312379,246.49544303554300,365,0.675329980919297
Virginia,2017,Male,American Indian/Alaska Native,,1443,,365,
Virginia,2017,Male,Asian/Pacific Islander,35,17028,205.543810194973,365,0.5631337265615700
Virginia,2017,Male,Black,400,54188,738.1708127260650,365,2.0223857882905900
Virginia,2017,Male,White,1315,280702,468.46834009020200,365,1.283474904356720
Virginia,2018,Female,American Indian/Alaska Native,,1546,,365,
Virginia,2018,Female,Asian/Pacific Islander,14,23483,59.61759570753310,365,0.16333587865077600
Virginia,2018,Female,Black,273,73283,372.5284172318270,365,1.0206258006351400
Virginia,2018,Female,White,671,318789,210.48405057891000,365,0.57666863172304
Virginia,2018,Male,American Indian/Alaska Native,,1531,,365,
Virginia,2018,Male,Asian/Pacific Islander,38,17883,212.49231113347900,365,0.5821707154341880
Virginia,2018,Male,Black,421,56757,741.758725795937,365,2.0322156871121600
Virginia,2018,Male,White,1372,285766,480.1130995289850,365,1.3153783548739300
Virginia,2019,Female,American Indian/Alaska Native,,1602,,365,
Virginia,2019,Female,Asian/Pacific Islander,19,24846,76.47106174032040,365,0.20950975819265900
Virginia,2019,Female,Black,296,77109,383.87218093867100,365,1.051704605311430
Virginia,2019,Female,White,724,326382,221.82595853938000,365,0.6077423521626860
Virginia,2019,Male,American Indian/Alaska Native,,1658,,365,
Virginia,2019,Male,Asian/Pacific Islander,41,18748,218.68999359931700,365,0.5991506673953900
Virginia,2019,Male,Black,447,59516,751.0585388803010,365,2.0576946270693200
Virginia,2019,Male,White,1324,292430,452.75792497349800,365,1.2404326711602700
Virginia,2020,Female,American Indian/Alaska Native,0,1723,0.0,366,0.0
Virginia,2020,Female,Asian/Pacific Islander,29,26286,110.324887772959,366,0.3014341195982490
Virginia,2020,Female,Black,337,81067,415.70552752661400,366,1.1358074522585100
Virginia,2020,Female,White,772,334666,230.6777503540840,366,0.6302670774701760
Virginia,2020,Male,American Indian/Alaska Native,,1719,,366,
Virginia,2020,Male,Asian/Pacific Islander,47,19782,237.5897280355880,366,0.6491522623923170
Virginia,2020,Male,Black,501,62973,795.5790576913920,366,2.173713272380850
Virginia,2020,Male,White,1420,299350,474.3611157507930,366,1.2960686222699300
Virginia,2021,Female,American Indian/Alaska Native,,1693,,365,
Virginia,2021,Female,Asian/Pacific Islander,27,26126,103.34532649468000,365,0.2831378808073410
Virginia,2021,Female,Black,358,83102,430.7958893889440,365,1.1802627106546400
Virginia,2021,Female,White,832,337869,246.24928596586300,365,0.6746555779886640
Virginia,2021,Male,American Indian/Alaska Native,0,1716,0.0,365,0.0
Virginia,2021,Male,Asian/Pacific Islander,40,19730,202.73694880892000,365,0.5554436953669050
Virginia,2021,Male,Black,514,65753,781.7133818989250,365,2.1416804983532200
Virginia,2021,Male,White,1492,307953,484.48951625735100,365,1.3273685376913700
Virginia,2022,Female,American Indian/Alaska Native,,1805,,365,
Virginia,2022,Female,Asian/Pacific Islander,33,27252,121.09202994275600,365,0.3317589861445380
Virginia,2022,Female,Black,313,85452,366.2875064363620,365,1.0035274148941400
Virginia,2022,Female,White,881,336501,261.8120005586910,365,0.7172931522155910
Virginia,2022,Male,American Indian/Alaska Native,,1762,,365,
Virginia,2022,Male,Asian/Pacific Islander,51,20485,248.96265560166000,365,0.6820894674018080
Virginia,2022,Male,Black,539,67631,796.9718028714640,365,2.1834843914286700
Virginia,2022,Male,White,1582,307132,515.0879752028440,365,1.4111999320625900
Virginia,2023,Female,American Indian/Alaska Native,,1901,,365,
Virginia,2023,Female,Asian/Pacific Islander,30,28432,105.51491277433900,365,0.2890819528064080
Virginia,2023,Female,Black,376,88640,424.187725631769,365,1.1621581524158100
Virginia,2023,Female,White,827,342128,241.72239629612300,365,0.6622531405373240
Virginia,2023,Male,American Indian/Alaska Native,,1847,,365,
Virginia,2023,Male,Asian/Pacific Islander,52,21431,242.63916756101000,365,0.6647648426329030
Virginia,2023,Male,Black,534,70452,757.9628683358880,365,2.076610598180520
Virginia,2023,Male,White,1447,311503,464.5220110239710,365,1.2726630439012900
Virginia,2024,Female,American Indian/Alaska Native,,1994,,366,
Virginia,2024,Female,Asian/Pacific Islander,23,29768,77.26417629669440,366,0.2111043068215700
Virginia,2024,Female,Black,385,92044,418.2782147668510,366,1.1428366523684400
Virginia,2024,Female,White,848,346358,244.83338049070600,366,0.6689436625429130
Virginia,2024,Male,American Indian/Alaska Native,,1922,,366,
Virginia,2024,Male,Asian/Pacific Islander,50,22467,222.54862687497200,366,0.6080563575818910
Virginia,2024,Male,Black,506,72604,696.9312985510440,366,1.9041838758225200
Virginia,2024,Male,White,1524,315790,482.5991956680070,366,1.318577037344280
Virginia,2025,Female,American Indian/Alaska Native,,1994,,365,
Virginia,2025,Female,Asian/Pacific Islander,24,29768,80.6234883095942,365,0.22088626934135400
Virginia,2025,Female,Black,358,92044,388.9444178870980,365,1.0656011448961600
Virginia,2025,Female,White,868,346358,250.60775267209100,365,0.6865965826632620
Virginia,2025,Male,American Indian/Alaska Native,,1922,,365,
Virginia,2025,Male,Asian/Pacific Islander,58,22467,258.15640717496800,365,0.7072778278766240
Virginia,2025,Male,Black,548,72604,754.779350999945,365,2.0678886328765600
Virginia,2025,Male,White,1650,315790,522.4991291681180,365,1.4315044634743000
Washington,1999,Female,American Indian/Alaska Native,10,1822,548.8474204171240,365,1.5036915627866400
Washington,1999,Female,Asian/Pacific Islander,22,9981,220.41879571185300,365,0.603887111539322
Washington,1999,Female,Black,15,3280,457.3170731707320,365,1.252923488138990
Washington,1999,Female,White,639,165503,386.0957203192690,365,1.0577964940253900
Washington,1999,Male,American Indian/Alaska Native,23,1484,1549.865229110510,365,4.246206107152090
Washington,1999,Male,Asian/Pacific Islander,28,6280,445.85987261146500,365,1.2215338975656600
Washington,1999,Male,Black,27,3046,886.408404464872,365,2.4285161766160900
Washington,1999,Male,White,1159,145173,798.357821357966,365,2.187281702350590
Washington,2000,Female,American Indian/Alaska Native,,1856,,366,
Washington,2000,Female,Asian/Pacific Islander,24,10410,230.54755043227700,366,0.629911339978898
Washington,2000,Female,Black,22,3371,652.6253337288640,366,1.7831293271280400
Washington,2000,Female,White,608,164607,369.3646078234830,366,1.0091929175505000
Washington,2000,Male,American Indian/Alaska Native,18,1580,1139.240506329110,366,3.1126789790412900
Washington,2000,Male,Asian/Pacific Islander,27,6564,411.33455210237700,366,1.1238648964545800
Washington,2000,Male,Black,35,3090,1132.686084142400,366,3.0947707217005300
Washington,2000,Male,White,1129,145688,774.9437153368840,366,2.1173325555652600
Washington,2001,Female,American Indian/Alaska Native,10,1920,520.8333333333330,365,1.4269406392694100
Washington,2001,Female,Asian/Pacific Islander,23,11065,207.8626299141440,365,0.5694866572990240
Washington,2001,Female,Black,28,3458,809.7165991902830,365,2.218401641617220
Washington,2001,Female,White,591,163394,361.70238809258600,365,0.9909654468290030
Washington,2001,Male,American Indian/Alaska Native,21,1685,1246.2908011869400,365,3.4144953457176500
Washington,2001,Male,Asian/Pacific Islander,28,7026,398.5197836606890,365,1.0918350237279100
Washington,2001,Male,Black,26,3247,800.7391438250690,365,2.1938058734933400
Washington,2001,Male,White,1098,146438,749.8053783853920,365,2.0542613106449100
Washington,2002,Female,American Indian/Alaska Native,,2017,,365,
Washington,2002,Female,Asian/Pacific Islander,21,11528,182.1651630811940,365,0.4990826385786130
Washington,2002,Female,Black,20,3579,558.8153115395360,365,1.5310008535329800
Washington,2002,Female,White,545,163616,333.0970076276160,365,0.912594541445523
Washington,2002,Male,American Indian/Alaska Native,18,1763,1020.986954055590,365,2.797224531659140
Washington,2002,Male,Asian/Pacific Islander,27,7481,360.91431626787900,365,0.9888063459393930
Washington,2002,Male,Black,34,3409,997.3599295981230,365,2.732492957803080
Washington,2002,Male,White,1028,148066,694.2849810219770,365,1.9021506329369200
Washington,2003,Female,American Indian/Alaska Native,,2115,,365,
Washington,2003,Female,Asian/Pacific Islander,23,11863,193.88013150130700,365,0.5311784424693330
Washington,2003,Female,Black,17,3673,462.83691805064000,365,1.2680463508236700
Washington,2003,Female,White,513,165503,309.96416983377900,365,0.8492169036541900
Washington,2003,Male,American Indian/Alaska Native,12,1895,633.2453825857520,365,1.7349188563993200
Washington,2003,Male,Asian/Pacific Islander,39,7972,489.2122428499750,365,1.3403075146574700
Washington,2003,Male,Black,41,3512,1167.4259681093400,365,3.198427309888600
Washington,2003,Male,White,976,150919,646.7045236186300,365,1.7717932153935100
Washington,2004,Female,American Indian/Alaska Native,11,2212,497.2875226039780,366,1.3587090781529500
Washington,2004,Female,Asian/Pacific Islander,21,12241,171.55461155134400,366,0.4687284468615950
Washington,2004,Female,Black,13,3699,351.4463368477970,366,0.9602358930267670
Washington,2004,Female,White,544,168354,323.1286455920260,366,0.8828651518907820
Washington,2004,Male,American Indian/Alaska Native,19,1989,955.2538964303670,366,2.609983323580240
Washington,2004,Male,Asian/Pacific Islander,31,8498,364.79171569781100,366,0.9966986767699760
Washington,2004,Male,Black,17,3645,466.3923182441700,366,1.2742959514868000
Washington,2004,Male,White,855,154473,553.4947854964950,366,1.5122808346898800
Washington,2005,Female,American Indian/Alaska Native,,2327,,365,
Washington,2005,Female,Asian/Pacific Islander,14,12808,109.30668332292300,365,0.29947036526828300
Washington,2005,Female,Black,20,3858,518.4033177812340,365,1.4202830624143400
Washington,2005,Female,White,505,172044,293.5295622050170,365,0.8041905813836090
Washington,2005,Male,American Indian/Alaska Native,11,2117,519.6032120925840,365,1.423570444089270
Washington,2005,Male,Asian/Pacific Islander,24,9109,263.4756833900540,365,0.7218511873700100
Washington,2005,Male,Black,27,3881,695.6969853130640,365,1.9060191378440100
Washington,2005,Male,White,955,158990,600.666708598025,365,1.645662215337060
Washington,2006,Female,American Indian/Alaska Native,11,2435,451.7453798767970,365,1.2376585750049200
Washington,2006,Female,Asian/Pacific Islander,20,13647,146.55235582912000,365,0.40151330364142500
Washington,2006,Female,Black,14,3985,351.3174404015060,365,0.9625135353465910
Washington,2006,Female,White,471,177695,265.0609189904050,365,0.7261942986038490
Washington,2006,Male,American Indian/Alaska Native,14,2264,618.3745583038870,365,1.6941768720654400
Washington,2006,Male,Asian/Pacific Islander,34,9823,346.1264379517460,365,0.9482916108267010
Washington,2006,Male,Black,32,4090,782.3960880195600,365,2.1435509260809900
Washington,2006,Male,White,891,164888,540.3667944301590,365,1.4804569710415300
Washington,2007,Female,American Indian/Alaska Native,13,2519,516.0778086542280,365,1.4139118045321300
Washington,2007,Female,Asian/Pacific Islander,15,14397,104.18837257762000,365,0.2854475961030690
Washington,2007,Female,Black,18,4111,437.8496716127460,365,1.1995881414047800
Washington,2007,Female,White,466,184175,253.02022532917100,365,0.6932060967922480
Washington,2007,Male,American Indian/Alaska Native,11,2406,457.190357439734,365,1.2525763217527000
Washington,2007,Male,Asian/Pacific Islander,33,10450,315.7894736842110,365,0.8651766402307140
Washington,2007,Male,Black,42,4280,981.3084112149530,365,2.688516195109460
Washington,2007,Male,White,895,171787,520.9940216663660,365,1.427380881277720
Washington,2008,Female,American Indian/Alaska Native,15,2660,563.9097744360900,366,1.5407370886232000
Washington,2008,Female,Asian/Pacific Islander,35,14950,234.11371237458200,366,0.6396549518431200
Washington,2008,Female,Black,17,4220,402.8436018957350,366,1.1006655789500900
Washington,2008,Female,White,474,194306,243.94511749508500,366,0.6665167144674460
Washington,2008,Male,American Indian/Alaska Native,17,2582,658.4043377226960,366,1.7989189555264900
Washington,2008,Male,Asian/Pacific Islander,31,11210,276.5388046387150,366,0.7555705044773650
Washington,2008,Male,Black,33,4495,734.1490545050060,366,2.005871733620230
Washington,2008,Male,White,931,182055,511.3839224410210,366,1.3972238318060700
Washington,2009,Female,American Indian/Alaska Native,,2904,,365,
Washington,2009,Female,Asian/Pacific Islander,33,15922,207.2603944228110,365,0.5678366970487980
Washington,2009,Female,Black,24,4469,537.0328932647130,365,1.4713229952457900
Washington,2009,Female,White,488,205258,237.74956396340200,365,0.6513686683928830
Washington,2009,Male,American Indian/Alaska Native,17,2718,625.4598969830760,365,1.7135887588577400
Washington,2009,Male,Asian/Pacific Islander,32,11891,269.11109242284100,365,0.7372906641721670
Washington,2009,Male,Black,31,4796,646.371976647206,365,1.7708821278005600
Washington,2009,Male,White,921,192408,478.6703255581890,365,1.3114255494744900
Washington,2010,Female,American Indian/Alaska Native,11,3056,359.9476439790580,365,0.9861579287097470
Washington,2010,Female,Asian/Pacific Islander,18,16598,108.44680081937600,365,0.2971145227928110
Washington,2010,Female,Black,,4692,,365,
Washington,2010,Female,White,450,213050,211.21802393804300,365,0.5786795176384730
Washington,2010,Male,American Indian/Alaska Native,23,2780,827.3381294964030,365,2.26667980683946
Washington,2010,Male,Asian/Pacific Islander,34,12441,273.28992846234200,365,0.7487395300338140
Washington,2010,Male,Black,28,4997,560.3362017210330,365,1.5351676759480300
Washington,2010,Male,White,872,199606,436.86061541236200,365,1.1968783983900300
Washington,2011,Female,American Indian/Alaska Native,,3283,,365,
Washington,2011,Female,Asian/Pacific Islander,25,17920,139.50892857142900,365,0.3822162426614480
Washington,2011,Female,Black,22,5075,433.4975369458130,365,1.1876644847830500
Washington,2011,Female,White,491,225247,217.98292541077100,365,0.5972134942760860
Washington,2011,Male,American Indian/Alaska Native,26,3005,865.2246256239600,365,2.370478426367010
Washington,2011,Male,Asian/Pacific Islander,40,13472,296.91211401425200,365,0.8134578466143890
Washington,2011,Male,Black,38,5386,705.5328629780910,365,1.9329667478851800
Washington,2011,Male,White,944,211004,447.3848836988870,365,1.2257120101339400
Washington,2012,Female,American Indian/Alaska Native,15,3571,420.05040604872600,366,1.1476787050511600
Washington,2012,Female,Asian/Pacific Islander,23,19355,118.8323430638080,366,0.3246785329612240
Washington,2012,Female,Black,13,5592,232.4749642346210,366,0.6351774979088000
Washington,2012,Female,White,492,242950,202.51080469232400,366,0.5533082095418680
Washington,2012,Male,American Indian/Alaska Native,18,3212,560.3985056039850,366,1.5311434579343900
Washington,2012,Male,Asian/Pacific Islander,33,14459,228.23155128293800,366,0.6235834734506500
Washington,2012,Male,Black,30,5950,504.20168067226900,366,1.3776002204160400
Washington,2012,Male,White,981,227630,430.9625269077010,366,1.177493242917220
Washington,2013,Female,American Indian/Alaska Native,11,3767,292.0095566764000,365,0.8000261826750690
Washington,2013,Female,Asian/Pacific Islander,24,21037,114.0847078956130,365,0.3125608435496230
Washington,2013,Female,Black,18,6344,283.7326607818410,365,0.7773497555666880
Washington,2013,Female,White,501,259213,193.27734334311900,365,0.5295269680633410
Washington,2013,Male,American Indian/Alaska Native,26,3374,770.5986959098990,365,2.111229303862740
Washington,2013,Male,Asian/Pacific Islander,38,15529,244.70345804623600,365,0.6704204330033870
Washington,2013,Male,Black,33,6524,505.82464745554900,365,1.3858209519330100
Washington,2013,Male,White,969,242117,400.2197284783800,365,1.096492406790080
Washington,2014,Female,American Indian/Alaska Native,21,4037,520.1882586078770,365,1.4251733112544600
Washington,2014,Female,Asian/Pacific Islander,28,23078,121.32767137533600,365,0.3324045791105090
Washington,2014,Female,Black,28,6789,412.4318750920610,365,1.1299503427179700
Washington,2014,Female,White,496,273586,181.29582654083200,365,0.4967008946324160
Washington,2014,Male,American Indian/Alaska Native,26,3598,722.6236798221230,365,1.979790903622260
Washington,2014,Male,Asian/Pacific Islander,39,16919,230.51007742774400,365,0.6315344587061480
Washington,2014,Male,Black,45,6938,648.6019025655810,365,1.7769915138783000
Washington,2014,Male,White,1087,255374,425.65022281046600,365,1.1661649940012800
Washington,2015,Female,American Indian/Alaska Native,10,4386,227.99817601459200,365,0.6246525370262790
Washington,2015,Female,Asian/Pacific Islander,30,25092,119.56001912960300,365,0.32756169624548800
Washington,2015,Female,Black,14,7261,192.81090758848600,365,0.5282490618862640
Washington,2015,Female,White,595,288157,206.4846594044220,365,0.5657113956285530
Washington,2015,Male,American Indian/Alaska Native,13,3846,338.0135205408220,365,0.9260644398378680
Washington,2015,Male,Asian/Pacific Islander,44,18235,241.2942144228130,365,0.661080039514557
Washington,2015,Male,Black,42,7499,560.0746766235500,365,1.5344511688316400
Washington,2015,Male,White,1063,268828,395.42011992798400,365,1.083342794323240
Washington,2016,Female,American Indian/Alaska Native,,4676,,366,
Washington,2016,Female,Asian/Pacific Islander,35,26660,131.2828207051760,366,0.3586962314349080
Washington,2016,Female,Black,30,7873,381.049155341039,366,1.041117910767870
Washington,2016,Female,White,578,304116,190.05905641268500,366,0.5192870393789200
Washington,2016,Male,American Indian/Alaska Native,28,4107,681.7628439250060,366,1.8627400107240600
Washington,2016,Male,Asian/Pacific Islander,56,19332,289.67515001034600,366,0.7914621584982120
Washington,2016,Male,Black,59,8038,734.0134361781540,366,2.0055011917435900
Washington,2016,Male,White,1190,281705,422.42771693793200,366,1.1541740899943500
Washington,2017,Female,American Indian/Alaska Native,15,4988,300.7217321571770,365,0.8238951565950060
Washington,2017,Female,Asian/Pacific Islander,34,28542,119.12269637726900,365,0.3263635517185440
Washington,2017,Female,Black,19,8282,229.4131852209610,365,0.6285292745779760
Washington,2017,Female,White,601,315586,190.43937310273600,365,0.5217517071307830
Washington,2017,Male,American Indian/Alaska Native,23,4278,537.6344086021510,365,1.4729709824716500
Washington,2017,Male,Asian/Pacific Islander,61,20842,292.6782458497270,365,0.8018582078074700
Washington,2017,Male,Black,54,8452,638.9020350212970,365,1.7504165343049200
Washington,2017,Male,White,1340,290793,460.8088915482840,365,1.2624901138309100
Washington,2018,Female,American Indian/Alaska Native,17,5300,320.75471698113200,365,0.8787800465236500
Washington,2018,Female,Asian/Pacific Islander,37,30701,120.51724699521200,365,0.3301842383430460
Washington,2018,Female,Black,36,9001,399.95556049327900,365,1.0957686588856900
Washington,2018,Female,White,645,327305,197.063900643131,365,0.5399010976524140
Washington,2018,Male,American Indian/Alaska Native,26,4526,574.4586831639420,365,1.573859405928610
Washington,2018,Male,Asian/Pacific Islander,64,22277,287.29182564977300,365,0.7871008921911600
Washington,2018,Male,Black,60,9144,656.1679790026250,365,1.7977204904181500
Washington,2018,Male,White,1317,300554,438.190807641888,365,1.200522760662710
Washington,2019,Female,American Indian/Alaska Native,17,5558,305.86541921554500,365,0.8379874499056030
Washington,2019,Female,Asian/Pacific Islander,27,32746,82.4528186648751,365,0.22589813332842500
Washington,2019,Female,Black,32,9653,331.5031596394900,365,0.9082278346287410
Washington,2019,Female,White,671,339320,197.74843805257600,365,0.5417765426097970
Washington,2019,Male,American Indian/Alaska Native,28,4794,584.0634125990820,365,1.6001737331481700
Washington,2019,Male,Asian/Pacific Islander,63,23647,266.4185731805300,365,0.7299138991247410
Washington,2019,Male,Black,71,9808,723.8988580750410,365,1.9832845426713400
Washington,2019,Male,White,1319,309998,425.48661604268400,365,1.1657167562813300
Washington,2020,Female,American Indian/Alaska Native,24,5831,411.59320871205600,366,1.1245716085028900
Washington,2020,Female,Asian/Pacific Islander,48,34536,138.9854065323140,366,0.37974154790249800
Washington,2020,Female,Black,32,10209,313.44891762170600,366,0.8564178077095800
Washington,2020,Female,White,721,349771,206.13487110137800,366,0.5632100303316330
Washington,2020,Male,American Indian/Alaska Native,35,4956,706.2146892655370,366,1.929548331326600
Washington,2020,Male,Asian/Pacific Islander,66,24750,266.6666666666670,366,0.7285974499089250
Washington,2020,Male,Black,71,10504,675.9329779131760,366,1.8468114150633200
Washington,2020,Male,White,1404,317948,441.58164228112800,366,1.2065072193473400
Washington,2021,Female,American Indian/Alaska Native,21,5242,400.6104540251810,365,1.0975628877402200
Washington,2021,Female,Asian/Pacific Islander,40,33266,120.24289063909100,365,0.32943257709340000
Washington,2021,Female,Black,40,10054,397.8516013526950,365,1.0900043872676600
Washington,2021,Female,White,798,352263,226.535287555037,365,0.6206446234384580
Washington,2021,Male,American Indian/Alaska Native,36,4518,796.8127490039840,365,2.1830486274081800
Washington,2021,Male,Asian/Pacific Islander,61,23818,256.10882525820800,365,0.7016680144060500
Washington,2021,Male,Black,88,10810,814.0610545790940,365,2.2303042591208000
Washington,2021,Male,White,1560,326802,477.35325977197200,365,1.3078171500602000
Washington,2022,Female,American Indian/Alaska Native,21,5380,390.3345724907060,365,1.0694097876457700
Washington,2022,Female,Asian/Pacific Islander,28,34521,81.11004895570810,365,0.2222193122074200
Washington,2022,Female,Black,48,10394,461.80488743505900,365,1.2652188696850900
Washington,2022,Female,White,779,351469,221.64116892243700,365,0.6072360792395530
Washington,2022,Male,American Indian/Alaska Native,36,4619,779.3894782420440,365,2.135313639019300
Washington,2022,Male,Asian/Pacific Islander,59,24834,237.57751469759200,365,0.650897300541348
Washington,2022,Male,Black,101,11340,890.652557319224,365,2.4401439926554100
Washington,2022,Male,White,1531,325413,470.4790527729380,365,1.2889837062272300
Washington,2023,Female,American Indian/Alaska Native,13,5604,231.97715917202000,365,0.6355538607452600
Washington,2023,Female,Asian/Pacific Islander,29,35908,80.7619471983959,365,0.22126560876272900
Washington,2023,Female,Black,34,10948,310.5590062111800,365,0.8508465923593980
Washington,2023,Female,White,702,357219,196.51810234058100,365,0.5384057598372080
Washington,2023,Male,American Indian/Alaska Native,27,4757,567.5846121505150,365,1.5550263346589500
Washington,2023,Male,Asian/Pacific Islander,49,26047,188.12147272238600,365,0.5154012951298260
Washington,2023,Male,Black,79,12037,656.30971172219,365,1.7981087992388800
Washington,2023,Male,White,1388,330501,419.96847210749700,365,1.150598553719170
Washington,2024,Female,American Indian/Alaska Native,22,5855,375.7472245943640,366,1.0266317611867900
Washington,2024,Female,Asian/Pacific Islander,46,37806,121.67380839020300,366,0.3324420994267830
Washington,2024,Female,Black,35,11596,301.8282166264230,366,0.8246672585421390
Washington,2024,Female,White,755,360714,209.3070964808690,366,0.5718773127892580
Washington,2024,Male,American Indian/Alaska Native,19,4884,389.025389025389,366,1.0629108989764700
Washington,2024,Male,Asian/Pacific Islander,68,27530,247.00326916091500,366,0.6748723201117910
Washington,2024,Male,Black,73,12697,574.938961959518,366,1.57087148076371
Washington,2024,Male,White,1418,333624,425.0293743855360,366,1.1612824436763300
Washington,2025,Female,American Indian/Alaska Native,26,5855,444.06490179333900,365,1.2166161692968200
Washington,2025,Female,Asian/Pacific Islander,29,37806,76.70740094164950,365,0.21015726285383400
Washington,2025,Female,Black,29,11596,250.08623663332200,365,0.685167771598142
Washington,2025,Female,White,687,360714,190.4555964004720,365,0.5217961545218420
Washington,2025,Male,American Indian/Alaska Native,29,4884,593.7755937755940,365,1.626782448700260
Washington,2025,Male,Asian/Pacific Islander,47,27530,170.72284780239700,365,0.4677338295956090
Washington,2025,Male,Black,77,12697,606.4424667244230,365,1.6614862102039000
Washington,2025,Male,White,1485,333624,445.11186245593800,365,1.2194845546738000
West Virginia,1999,Female,American Indian/Alaska Native,0,61,0.0,365,0.0
West Virginia,1999,Female,Asian/Pacific Islander,,157,,365,
West Virginia,1999,Female,Black,26,2297,1131.911188506750,365,3.101126543854100
West Virginia,1999,Female,White,507,80386,630.7068394994150,365,1.7279639438340100
West Virginia,1999,Male,American Indian/Alaska Native,0,51,0.0,365,0.0
West Virginia,1999,Male,Asian/Pacific Islander,0,92,0.0,365,0.0
West Virginia,1999,Male,Black,19,1407,1350.3909026297100,365,3.6997011030950900
West Virginia,1999,Male,White,708,65020,1088.8957243924900,365,2.983275957239710
West Virginia,2000,Female,American Indian/Alaska Native,0,97,0.0,366,0.0
West Virginia,2000,Female,Asian/Pacific Islander,0,211,0.0,366,0.0
West Virginia,2000,Female,Black,,2239,,366,
West Virginia,2000,Female,White,486,79508,611.2592443527700,366,1.670107225007570
West Virginia,2000,Male,American Indian/Alaska Native,0,98,0.0,366,0.0
West Virginia,2000,Male,Asian/Pacific Islander,0,173,0.0,366,0.0
West Virginia,2000,Male,Black,23,1410,1631.2056737588700,366,4.456846103166300
West Virginia,2000,Male,White,721,64727,1113.9091878196100,366,3.043467726283090
West Virginia,2001,Female,American Indian/Alaska Native,0,104,0.0,365,0.0
West Virginia,2001,Female,Asian/Pacific Islander,0,235,0.0,365,0.0
West Virginia,2001,Female,Black,19,2120,896.2264150943400,365,2.4554148358749000
West Virginia,2001,Female,White,446,78593,567.4805644268570,365,1.5547412724023500
West Virginia,2001,Male,American Indian/Alaska Native,0,102,0.0,365,0.0
West Virginia,2001,Male,Asian/Pacific Islander,,213,,365,
West Virginia,2001,Male,Black,12,1387,865.1766402307140,365,2.370346959536200
West Virginia,2001,Male,White,597,64777,921.6234157185420,365,2.524995659502860
West Virginia,2002,Female,American Indian/Alaska Native,0,108,0.0,365,0.0
West Virginia,2002,Female,Asian/Pacific Islander,,253,,365,
West Virginia,2002,Female,Black,,2061,,365,
West Virginia,2002,Female,White,426,78192,544.8127685696750,365,1.4926377221087000
West Virginia,2002,Male,American Indian/Alaska Native,0,100,0.0,365,0.0
West Virginia,2002,Male,Asian/Pacific Islander,,248,,365,
West Virginia,2002,Male,Black,13,1402,927.2467902995720,365,2.5404021652043100
West Virginia,2002,Male,White,574,64694,887.2538411599220,365,2.430832441534030
West Virginia,2003,Female,American Indian/Alaska Native,0,112,0.0,365,0.0
West Virginia,2003,Female,Asian/Pacific Islander,0,276,0.0,365,0.0
West Virginia,2003,Female,Black,16,1959,816.743236345074,365,2.2376527023152700
West Virginia,2003,Female,White,409,78084,523.7948875569900,365,1.4350544864575100
West Virginia,2003,Male,American Indian/Alaska Native,0,104,0.0,365,0.0
West Virginia,2003,Male,Asian/Pacific Islander,0,281,0.0,365,0.0
West Virginia,2003,Male,Black,14,1406,995.7325746799430,365,2.728034451177930
West Virginia,2003,Male,White,627,65235,961.1404920671420,365,2.633261622101760
West Virginia,2004,Female,American Indian/Alaska Native,0,110,0.0,366,0.0
West Virginia,2004,Female,Asian/Pacific Islander,,306,,366,
West Virginia,2004,Female,Black,18,1932,931.6770186335400,366,2.5455656246818000
West Virginia,2004,Female,White,350,77902,449.28243177325400,366,1.2275476277957700
West Virginia,2004,Male,American Indian/Alaska Native,0,106,0.0,366,0.0
West Virginia,2004,Male,Asian/Pacific Islander,0,323,0.0,366,0.0
West Virginia,2004,Male,Black,,1387,,366,
West Virginia,2004,Male,White,580,66082,877.6974062528370,366,2.3980803449531100
West Virginia,2005,Female,American Indian/Alaska Native,0,116,0.0,365,0.0
West Virginia,2005,Female,Asian/Pacific Islander,0,311,0.0,365,0.0
West Virginia,2005,Female,Black,,1829,,365,
West Virginia,2005,Female,White,342,77721,440.03551163778100,365,1.2055767442131000
West Virginia,2005,Male,American Indian/Alaska Native,0,119,0.0,365,0.0
West Virginia,2005,Male,Asian/Pacific Islander,0,347,0.0,365,0.0
West Virginia,2005,Male,Black,13,1396,931.2320916905450,365,2.5513207991521800
West Virginia,2005,Male,White,527,66752,789.4894534995210,365,2.1629848041082800
West Virginia,2006,Female,American Indian/Alaska Native,0,117,0.0,365,0.0
West Virginia,2006,Female,Asian/Pacific Islander,0,331,0.0,365,0.0
West Virginia,2006,Female,Black,,1848,,365,
West Virginia,2006,Female,White,349,78187,446.36576412958700,365,1.2229199017249000
West Virginia,2006,Male,American Indian/Alaska Native,0,131,0.0,365,0.0
West Virginia,2006,Male,Asian/Pacific Islander,0,368,0.0,365,0.0
West Virginia,2006,Male,Black,14,1404,997.1509971509970,365,2.7319205401397200
West Virginia,2006,Male,White,534,68092,784.2330963989900,365,2.1485838257506600
West Virginia,2007,Female,American Indian/Alaska Native,0,122,0.0,365,0.0
West Virginia,2007,Female,Asian/Pacific Islander,,373,,365,
West Virginia,2007,Female,Black,,1828,,365,
West Virginia,2007,Female,White,326,79282,411.1904341464650,365,1.126549134647850
West Virginia,2007,Male,American Indian/Alaska Native,0,137,0.0,365,0.0
West Virginia,2007,Male,Asian/Pacific Islander,,382,,365,
West Virginia,2007,Male,Black,14,1447,967.519004837595,365,2.650736999555060
West Virginia,2007,Male,White,503,69927,719.3215782172840,365,1.9707440499103700
West Virginia,2008,Female,American Indian/Alaska Native,0,138,0.0,366,0.0
West Virginia,2008,Female,Asian/Pacific Islander,0,399,0.0,366,0.0
West Virginia,2008,Female,Black,14,1885,742.7055702917770,366,2.029250192054040
West Virginia,2008,Female,White,341,81102,420.45818845404600,366,1.1487928646285400
West Virginia,2008,Male,American Indian/Alaska Native,0,139,0.0,366,0.0
West Virginia,2008,Male,Asian/Pacific Islander,0,407,0.0,366,0.0
West Virginia,2008,Male,Black,17,1495,1137.123745819400,366,3.106895480380870
West Virginia,2008,Male,White,477,72508,657.8584432062670,366,1.7974274404542800
West Virginia,2009,Female,American Indian/Alaska Native,,140,,365,
West Virginia,2009,Female,Asian/Pacific Islander,,419,,365,
West Virginia,2009,Female,Black,,1938,,365,
West Virginia,2009,Female,White,298,82498,361.2208780818930,365,0.9896462413202550
West Virginia,2009,Male,American Indian/Alaska Native,0,154,0.0,365,0.0
West Virginia,2009,Male,Asian/Pacific Islander,,445,,365,
West Virginia,2009,Male,Black,13,1565,830.6709265175720,365,2.2758107575823900
West Virginia,2009,Male,White,510,74554,684.0679239209160,365,1.8741586956737400
West Virginia,2010,Female,American Indian/Alaska Native,0,145,0.0,365,0.0
West Virginia,2010,Female,Asian/Pacific Islander,0,449,0.0,365,0.0
West Virginia,2010,Female,Black,,1939,,365,
West Virginia,2010,Female,White,312,83091,375.49193053399300,365,1.0287450151616200
West Virginia,2010,Male,American Indian/Alaska Native,0,156,0.0,365,0.0
West Virginia,2010,Male,Asian/Pacific Islander,0,447,0.0,365,0.0
West Virginia,2010,Male,Black,11,1634,673.1946144430840,365,1.8443688066933800
West Virginia,2010,Male,White,527,75659,696.5463461055530,365,1.9083461537138400
West Virginia,2011,Female,American Indian/Alaska Native,0,161,0.0,365,0.0
West Virginia,2011,Female,Asian/Pacific Islander,,530,,365,
West Virginia,2011,Female,Black,10,1961,509.94390617032100,365,1.3971065922474600
West Virginia,2011,Female,White,306,84239,363.252175358207,365,0.9952114393375530
West Virginia,2011,Male,American Indian/Alaska Native,,182,,365,
West Virginia,2011,Male,Asian/Pacific Islander,,472,,365,
West Virginia,2011,Male,Black,15,1716,874.1258741258740,365,2.394865408564040
West Virginia,2011,Male,White,487,77312,629.9151490066230,365,1.7257949287852700
West Virginia,2012,Female,American Indian/Alaska Native,0,159,0.0,366,0.0
West Virginia,2012,Female,Asian/Pacific Islander,,578,,366,
West Virginia,2012,Female,Black,11,2097,524.5588936576060,366,1.4332210209224200
West Virginia,2012,Female,White,293,88821,329.87694351561000,366,0.9013031243595900
West Virginia,2012,Male,American Indian/Alaska Native,0,182,0.0,366,0.0
West Virginia,2012,Male,Asian/Pacific Islander,0,484,0.0,366,0.0
West Virginia,2012,Male,Black,17,1894,897.5712777191130,366,2.4523805402161600
West Virginia,2012,Male,White,516,82099,628.5094824541100,366,1.7172390230986600
West Virginia,2013,Female,American Indian/Alaska Native,0,175,0.0,365,0.0
West Virginia,2013,Female,Asian/Pacific Islander,0,643,0.0,365,0.0
West Virginia,2013,Female,Black,,2190,,365,
West Virginia,2013,Female,White,323,92070,350.8200282393830,365,0.9611507622996800
West Virginia,2013,Male,American Indian/Alaska Native,0,195,0.0,365,0.0
West Virginia,2013,Male,Asian/Pacific Islander,,488,,365,
West Virginia,2013,Male,Black,12,2091,573.8880918220950,365,1.5722961419783400
West Virginia,2013,Male,White,519,85494,607.0601445715490,365,1.6631784782782200
West Virginia,2014,Female,American Indian/Alaska Native,0,196,0.0,365,0.0
West Virginia,2014,Female,Asian/Pacific Islander,0,724,0.0,365,0.0
West Virginia,2014,Female,Black,11,2294,479.5117698343510,365,1.3137308762584900
West Virginia,2014,Female,White,293,95731,306.0659556465510,365,0.8385368647850720
West Virginia,2014,Male,American Indian/Alaska Native,,223,,365,
West Virginia,2014,Male,Asian/Pacific Islander,,484,,365,
West Virginia,2014,Male,Black,13,2209,588.5015844273430,365,1.6123331080201200
West Virginia,2014,Male,White,517,88903,581.5326816867820,365,1.5932402237994000
West Virginia,2015,Female,American Indian/Alaska Native,0,211,0.0,365,0.0
West Virginia,2015,Female,Asian/Pacific Islander,,777,,365,
West Virginia,2015,Female,Black,,2470,,365,
West Virginia,2015,Female,White,320,98791,323.9161462076510,365,0.8874414964593170
West Virginia,2015,Male,American Indian/Alaska Native,0,236,0.0,365,0.0
West Virginia,2015,Male,Asian/Pacific Islander,0,539,0.0,365,0.0
West Virginia,2015,Male,Black,23,2336,984.5890410958900,365,2.6975042221805200
West Virginia,2015,Male,White,521,92004,566.2797269683930,365,1.5514513067627200
West Virginia,2016,Female,American Indian/Alaska Native,0,220,0.0,366,0.0
West Virginia,2016,Female,Asian/Pacific Islander,0,759,0.0,366,0.0
West Virginia,2016,Female,Black,13,2620,496.1832061068700,366,1.3556918199641300
West Virginia,2016,Female,White,319,101782,313.4149456681930,366,0.8563249881644610
West Virginia,2016,Male,American Indian/Alaska Native,0,248,0.0,366,0.0
West Virginia,2016,Male,Asian/Pacific Islander,,519,,366,
West Virginia,2016,Male,Black,18,2484,724.6376811594200,366,1.9798843747525100
West Virginia,2016,Male,White,585,94395,619.7362148418880,366,1.6932683465625300
West Virginia,2017,Female,American Indian/Alaska Native,0,235,0.0,365,0.0
West Virginia,2017,Female,Asian/Pacific Islander,,784,,365,
West Virginia,2017,Female,Black,15,2644,567.32223903177,365,1.5543075041966300
West Virginia,2017,Female,White,347,104596,331.75264828482900,365,0.9089113651639160
West Virginia,2017,Male,American Indian/Alaska Native,0,269,0.0,365,0.0
West Virginia,2017,Male,Asian/Pacific Islander,,532,,365,
West Virginia,2017,Male,Black,21,2651,792.1539041870990,365,2.170284669005750
West Virginia,2017,Male,White,605,96823,624.8515332100840,365,1.7119220087947500
West Virginia,2018,Female,American Indian/Alaska Native,0,249,0.0,365,0.0
West Virginia,2018,Female,Asian/Pacific Islander,,842,,365,
West Virginia,2018,Female,Black,11,2756,399.1291727140780,365,1.093504582778300
West Virginia,2018,Female,White,351,106919,328.2858986709570,365,0.8994134210163190
West Virginia,2018,Male,American Indian/Alaska Native,0,271,0.0,365,0.0
West Virginia,2018,Male,Asian/Pacific Islander,0,574,0.0,365,0.0
West Virginia,2018,Male,Black,17,2800,607.1428571428570,365,1.6634050880626200
West Virginia,2018,Male,White,598,98426,607.563042285575,365,1.664556280234450
West Virginia,2019,Female,American Indian/Alaska Native,0,268,0.0,365,0.0
West Virginia,2019,Female,Asian/Pacific Islander,,847,,365,
West Virginia,2019,Female,Black,,2866,,365,
West Virginia,2019,Female,White,371,109215,339.696928077645,365,0.9306765152812190
West Virginia,2019,Male,American Indian/Alaska Native,0,295,0.0,365,0.0
West Virginia,2019,Male,Asian/Pacific Islander,,583,,365,
West Virginia,2019,Male,Black,30,2960,1013.5135135135100,365,2.776749352091820
West Virginia,2019,Male,White,630,100289,628.1845466601520,365,1.7210535524935700
West Virginia,2020,Female,American Indian/Alaska Native,0,281,0.0,366,0.0
West Virginia,2020,Female,Asian/Pacific Islander,,894,,366,
West Virginia,2020,Female,Black,17,3063,555.011426705844,366,1.5164246631307200
West Virginia,2020,Female,White,388,112000,346.42857142857100,366,0.9465261514441840
West Virginia,2020,Male,American Indian/Alaska Native,,306,,366,
West Virginia,2020,Male,Asian/Pacific Islander,0,613,0.0,366,0.0
West Virginia,2020,Male,Black,23,3127,735.5292612727850,366,2.009642790362800
West Virginia,2020,Male,White,690,101892,677.1876104110240,366,1.8502393727077100
West Virginia,2021,Female,American Indian/Alaska Native,0,289,0.0,365,0.0
West Virginia,2021,Female,Asian/Pacific Islander,0,21,0.0,365,0.0
West Virginia,2021,Female,Black,,3118,,365,
West Virginia,2021,Female,White,464,112450,412.62783459315300,365,1.1304872180634300
West Virginia,2021,Male,American Indian/Alaska Native,0,295,0.0,365,0.0
West Virginia,2021,Male,Asian/Pacific Islander,0,26,0.0,365,0.0
West Virginia,2021,Male,Black,22,3171,693.7874487543360,365,1.9007875308338000
West Virginia,2021,Male,White,756,103611,729.6522569997400,365,1.999047279451340
West Virginia,2022,Female,American Indian/Alaska Native,0,305,0.0,365,0.0
West Virginia,2022,Female,Asian/Pacific Islander,0,26,0.0,365,0.0
West Virginia,2022,Female,Black,18,3170,567.8233438485800,365,1.5556803941057000
West Virginia,2022,Female,White,451,111036,406.1745740120320,365,1.1128070520877600
West Virginia,2022,Male,American Indian/Alaska Native,0,307,0.0,365,0.0
West Virginia,2022,Male,Asian/Pacific Islander,0,29,0.0,365,0.0
West Virginia,2022,Male,Black,23,3245,708.7827426810480,365,1.9418705278932800
West Virginia,2022,Male,White,715,101433,704.8988001932310,365,1.9312295895705000
West Virginia,2023,Female,American Indian/Alaska Native,0,325,0.0,365,0.0
West Virginia,2023,Female,Asian/Pacific Islander,0,23,0.0,365,0.0
West Virginia,2023,Female,Black,16,3324,481.34777376654600,365,1.318761024017940
West Virginia,2023,Female,White,378,111652,338.5519292086130,365,0.9275395320783900
West Virginia,2023,Male,American Indian/Alaska Native,0,335,0.0,365,0.0
West Virginia,2023,Male,Asian/Pacific Islander,0,557,0.0,365,0.0
West Virginia,2023,Male,Black,32,3360,952.3809523809530,365,2.609262883235490
West Virginia,2023,Male,White,737,101817,723.8476875178020,365,1.98314434936384
West Virginia,2024,Female,American Indian/Alaska Native,0,344,0.0,366,0.0
West Virginia,2024,Female,Asian/Pacific Islander,0,25,0.0,366,0.0
West Virginia,2024,Female,Black,15,3349,447.89489399820800,366,1.2237565409787100
West Virginia,2024,Female,White,377,111306,338.7059098341510,366,0.9254259831534180
West Virginia,2024,Male,American Indian/Alaska Native,0,365,0.0,366,0.0
West Virginia,2024,Male,Asian/Pacific Islander,0,24,0.0,366,0.0
West Virginia,2024,Male,Black,30,3455,868.3068017366140,366,2.372422955564520
West Virginia,2024,Male,White,697,101679,685.4906126142070,366,1.8729251710770700
West Virginia,2025,Female,American Indian/Alaska Native,0,344,0.0,365,0.0
West Virginia,2025,Female,Asian/Pacific Islander,0,25,0.0,365,0.0
West Virginia,2025,Female,Black,14,3349,418.0352343983280,365,1.1453020120502100
West Virginia,2025,Female,White,433,111306,389.01766301906500,365,1.065801816490590
West Virginia,2025,Male,American Indian/Alaska Native,,365,,365,
West Virginia,2025,Male,Asian/Pacific Islander,0,24,0.0,365,0.0
West Virginia,2025,Male,Black,37,3455,1070.9117221418200,365,2.934004718196780
West Virginia,2025,Male,White,795,101679,781.8723630248140,365,2.142116063081680
Wisconsin,1999,Female,American Indian/Alaska Native,,811,,365,
Wisconsin,1999,Female,Asian/Pacific Islander,,1222,,365,
Wisconsin,1999,Female,Black,46,5804,792.5568573397660,365,2.171388650245930
Wisconsin,1999,Female,White,765,184435,414.7802748935940,365,1.1363843147769700
Wisconsin,1999,Male,American Indian/Alaska Native,10,583,1715.2658662092600,365,4.699358537559620
Wisconsin,1999,Male,Asian/Pacific Islander,,790,,365,
Wisconsin,1999,Male,Black,50,4275,1169.5906432748500,365,3.204357926780420
Wisconsin,1999,Male,White,1457,158619,918.5532628499740,365,2.51658428178075
Wisconsin,2000,Female,American Indian/Alaska Native,,873,,366,
Wisconsin,2000,Female,Asian/Pacific Islander,,1337,,366,
Wisconsin,2000,Female,Black,40,5984,668.4491978609630,366,1.826363928581870
Wisconsin,2000,Female,White,728,182732,398.3976533940420,366,1.0885181786722400
Wisconsin,2000,Male,American Indian/Alaska Native,,667,,366,
Wisconsin,2000,Male,Asian/Pacific Islander,,917,,366,
Wisconsin,2000,Male,Black,48,4380,1095.890410958900,366,2.9942360955161300
Wisconsin,2000,Male,White,1297,158417,818.7252630715140,366,2.236954270687200
Wisconsin,2001,Female,American Indian/Alaska Native,,943,,365,
Wisconsin,2001,Female,Asian/Pacific Islander,,1418,,365,
Wisconsin,2001,Female,Black,43,6183,695.4552806081190,365,1.9053569331729300
Wisconsin,2001,Female,White,682,180975,376.8476308882440,365,1.0324592627075200
Wisconsin,2001,Male,American Indian/Alaska Native,,709,,365,
Wisconsin,2001,Male,Asian/Pacific Islander,,1006,,365,
Wisconsin,2001,Male,Black,43,4521,951.1170095111700,365,2.605800026058
Wisconsin,2001,Male,White,1256,157680,796.5499746321660,365,2.1823286976223700
Wisconsin,2002,Female,American Indian/Alaska Native,,975,,365,
Wisconsin,2002,Female,Asian/Pacific Islander,,1466,,365,
Wisconsin,2002,Female,Black,35,6378,548.7613671997490,365,1.5034558005472600
Wisconsin,2002,Female,White,615,179634,342.3628043688830,365,0.9379802859421460
Wisconsin,2002,Male,American Indian/Alaska Native,,753,,365,
Wisconsin,2002,Male,Asian/Pacific Islander,,1071,,365,
Wisconsin,2002,Male,Black,47,4583,1025.5291293912300,365,2.809668847647200
Wisconsin,2002,Male,White,1156,157296,734.9201505441970,365,2.013479864504650
Wisconsin,2003,Female,American Indian/Alaska Native,12,1008,1190.4761904761900,365,3.2615786040443600
Wisconsin,2003,Female,Asian/Pacific Islander,,1547,,365,
Wisconsin,2003,Female,Black,46,6461,711.9640922457820,365,1.950586554098030
Wisconsin,2003,Female,White,556,179071,310.4913693451200,365,0.8506612858770410
Wisconsin,2003,Male,American Indian/Alaska Native,10,823,1215.0668286755800,365,3.3289502155495300
Wisconsin,2003,Male,Asian/Pacific Islander,,1138,,365,
Wisconsin,2003,Male,Black,43,4693,916.2582569784790,365,2.510296594461590
Wisconsin,2003,Male,White,1110,157948,702.7629346367160,365,1.92537790311429
Wisconsin,2004,Female,American Indian/Alaska Native,,1031,,366,
Wisconsin,2004,Female,Asian/Pacific Islander,0,1592,0.0,366,0.0
Wisconsin,2004,Female,Black,42,6592,637.1359223300970,366,1.7408085309565500
Wisconsin,2004,Female,White,542,179340,302.21924835508000,366,0.8257356512433870
Wisconsin,2004,Male,American Indian/Alaska Native,12,857,1400.2333722287000,366,3.825774241062040
Wisconsin,2004,Male,Asian/Pacific Islander,,1225,,366,
Wisconsin,2004,Male,Black,44,4889,899.979545919411,366,2.4589605079765300
Wisconsin,2004,Male,White,1004,159094,631.0734534300480,366,1.7242444082788200
Wisconsin,2005,Female,American Indian/Alaska Native,,1069,,365,
Wisconsin,2005,Female,Asian/Pacific Islander,,1670,,365,
Wisconsin,2005,Female,Black,32,6725,475.8364312267660,365,1.3036614554158000
Wisconsin,2005,Female,White,525,179337,292.7449438766120,365,0.8020409421277050
Wisconsin,2005,Male,American Indian/Alaska Native,10,905,1104.9723756906100,365,3.0273215772345400
Wisconsin,2005,Male,Asian/Pacific Islander,,1267,,365,
Wisconsin,2005,Male,Black,46,4992,921.474358974359,365,2.5245872848612600
Wisconsin,2005,Male,White,954,160073,595.9780849987190,365,1.632816671229370
Wisconsin,2006,Female,American Indian/Alaska Native,,1115,,365,
Wisconsin,2006,Female,Asian/Pacific Islander,,1750,,365,
Wisconsin,2006,Female,Black,38,6895,551.1240029006530,365,1.5099287750702800
Wisconsin,2006,Female,White,475,180538,263.10250473584500,365,0.7208287800982060
Wisconsin,2006,Male,American Indian/Alaska Native,,940,,365,
Wisconsin,2006,Male,Asian/Pacific Islander,,1322,,365,
Wisconsin,2006,Male,Black,36,5077,709.0801654520390,365,1.9426853848001100
Wisconsin,2006,Male,White,939,161904,579.9733175214940,365,1.588967993209570
Wisconsin,2007,Female,American Indian/Alaska Native,,1169,,365,
Wisconsin,2007,Female,Asian/Pacific Islander,,1853,,365,
Wisconsin,2007,Female,Black,34,7124,477.2599663110610,365,1.307561551537150
Wisconsin,2007,Female,White,428,183932,232.69469151643000,365,0.6375197027847400
Wisconsin,2007,Male,American Indian/Alaska Native,,1026,,365,
Wisconsin,2007,Male,Asian/Pacific Islander,,1423,,365,
Wisconsin,2007,Male,Black,46,5230,879.5411089866160,365,2.4097016684564800
Wisconsin,2007,Male,White,906,165637,546.9792377307000,365,1.498573254056710
Wisconsin,2008,Female,American Indian/Alaska Native,,1216,,366,
Wisconsin,2008,Female,Asian/Pacific Islander,,1916,,366,
Wisconsin,2008,Female,Black,33,7264,454.295154185022,366,1.241243590669460
Wisconsin,2008,Female,White,508,190453,266.73247467879200,366,0.7287772532207440
Wisconsin,2008,Male,American Indian/Alaska Native,,1045,,366,
Wisconsin,2008,Male,Asian/Pacific Islander,,1558,,366,
Wisconsin,2008,Male,Black,41,5366,764.0700708162500,366,2.0876231443067000
Wisconsin,2008,Male,White,903,171988,525.0366304625900,366,1.434526312739320
Wisconsin,2009,Female,American Indian/Alaska Native,,1300,,365,
Wisconsin,2009,Female,Asian/Pacific Islander,,2084,,365,
Wisconsin,2009,Female,Black,41,7430,551.8169582772540,365,1.5118272829513800
Wisconsin,2009,Female,White,486,195768,248.25303420375100,365,0.68014529918836
Wisconsin,2009,Male,American Indian/Alaska Native,,1123,,365,
Wisconsin,2009,Male,Asian/Pacific Islander,,1690,,365,
Wisconsin,2009,Male,Black,51,5450,935.7798165137610,365,2.5637803192157800
Wisconsin,2009,Male,White,889,177893,499.73860691539300,365,1.3691468682613500
Wisconsin,2010,Female,American Indian/Alaska Native,12,1351,888.2309400444120,365,2.4335094247792100
Wisconsin,2010,Female,Asian/Pacific Islander,,2175,,365,
Wisconsin,2010,Female,Black,51,7585,672.3796967699410,365,1.842136155534080
Wisconsin,2010,Female,White,479,199150,240.5222194325890,365,0.6589649847468180
Wisconsin,2010,Male,American Indian/Alaska Native,10,1200,833.3333333333330,365,2.2831050228310500
Wisconsin,2010,Male,Asian/Pacific Islander,,1749,,365,
Wisconsin,2010,Male,Black,53,5621,942.8927237146420,365,2.583267736204500
Wisconsin,2010,Male,White,891,181665,490.46321525885600,365,1.3437348363256300
Wisconsin,2011,Female,American Indian/Alaska Native,,1442,,365,
Wisconsin,2011,Female,Asian/Pacific Islander,,2365,,365,
Wisconsin,2011,Female,Black,41,7828,523.7608584568220,365,1.4349612560460900
Wisconsin,2011,Female,White,458,203955,224.55933906989300,365,0.615231065944912
Wisconsin,2011,Male,American Indian/Alaska Native,,1275,,365,
Wisconsin,2011,Male,Asian/Pacific Islander,,1861,,365,
Wisconsin,2011,Male,Black,49,5911,828.9629504313990,365,2.271131371044930
Wisconsin,2011,Male,White,960,187322,512.4865205368300,365,1.4040726590050100
Wisconsin,2012,Female,American Indian/Alaska Native,,1565,,366,
Wisconsin,2012,Female,Asian/Pacific Islander,,2596,,366,
Wisconsin,2012,Female,Black,42,8281,507.185122569738,366,1.385751701010210
Wisconsin,2012,Female,White,501,217055,230.81707401349900,366,0.630647743206281
Wisconsin,2012,Male,American Indian/Alaska Native,,1407,,366,
Wisconsin,2012,Male,Asian/Pacific Islander,,1998,,366,
Wisconsin,2012,Male,Black,45,6276,717.0172084130020,366,1.959063410964490
Wisconsin,2012,Male,White,952,200983,473.6719025987270,366,1.2941855262260300
Wisconsin,2013,Female,American Indian/Alaska Native,14,1653,846.9449485783420,365,2.320397119392720
Wisconsin,2013,Female,Asian/Pacific Islander,,2892,,365,
Wisconsin,2013,Female,Black,33,8710,378.8748564867970,365,1.0380133054432800
Wisconsin,2013,Female,White,482,227193,212.15442377185900,365,0.5812449966352310
Wisconsin,2013,Male,American Indian/Alaska Native,12,1471,815.7715839564920,365,2.234990640976690
Wisconsin,2013,Male,Asian/Pacific Islander,,2140,,365,
Wisconsin,2013,Male,Black,49,6807,719.8472161010720,365,1.972184153701570
Wisconsin,2013,Male,White,1007,211765,475.5271173234480,365,1.3028140200642400
Wisconsin,2014,Female,American Indian/Alaska Native,10,1707,585.8230814294080,365,1.6049947436422100
Wisconsin,2014,Female,Asian/Pacific Islander,,3072,,365,
Wisconsin,2014,Female,Black,38,9241,411.2109079103990,365,1.126605227151780
Wisconsin,2014,Female,White,539,237157,227.27560223818000,365,0.6226728828443280
Wisconsin,2014,Male,American Indian/Alaska Native,,1548,,365,
Wisconsin,2014,Male,Asian/Pacific Islander,,2289,,365,
Wisconsin,2014,Male,Black,64,7226,885.6905618599500,365,2.4265494845478100
Wisconsin,2014,Male,White,1025,221992,461.72835057119200,365,1.2650091796471000
Wisconsin,2015,Female,American Indian/Alaska Native,,1820,,365,
Wisconsin,2015,Female,Asian/Pacific Islander,,3353,,365,
Wisconsin,2015,Female,Black,51,9849,517.8190679256780,365,1.4186823778785700
Wisconsin,2015,Female,White,532,247685,214.78894563659500,365,0.5884628647577940
Wisconsin,2015,Male,American Indian/Alaska Native,12,1642,730.816077953715,365,2.002235830010180
Wisconsin,2015,Male,Asian/Pacific Islander,,2447,,365,
Wisconsin,2015,Male,Black,65,7650,849.673202614379,365,2.3278717879846000
Wisconsin,2015,Male,White,1034,233220,443.358202555527,365,1.2146800070014400
Wisconsin,2016,Female,American Indian/Alaska Native,,1933,,366,
Wisconsin,2016,Female,Asian/Pacific Islander,,3515,,366,
Wisconsin,2016,Female,Black,47,10306,456.0450223170970,366,1.246024651139610
Wisconsin,2016,Female,White,533,258251,206.38835861235800,366,0.5639026191594470
Wisconsin,2016,Male,American Indian/Alaska Native,12,1754,684.1505131128850,366,1.86926369702974
Wisconsin,2016,Male,Asian/Pacific Islander,,2678,,366,
Wisconsin,2016,Male,Black,73,8119,899.125508067496,366,2.456627071222670
Wisconsin,2016,Male,White,1067,244115,437.08907686950800,366,1.1942324504631400
Wisconsin,2017,Female,American Indian/Alaska Native,,2051,,365,
Wisconsin,2017,Female,Asian/Pacific Islander,,3687,,365,
Wisconsin,2017,Female,Black,52,10816,480.7692307692310,365,1.3171759747102200
Wisconsin,2017,Female,White,570,268065,212.6349952436910,365,0.5825616308046330
Wisconsin,2017,Male,American Indian/Alaska Native,15,1826,821.4676889375690,365,2.250596408048130
Wisconsin,2017,Male,Asian/Pacific Islander,,2911,,365,
Wisconsin,2017,Male,Black,81,8507,952.1570471376510,365,2.6086494442127400
Wisconsin,2017,Male,White,1233,254546,484.3918191603880,365,1.3271008744120200
Wisconsin,2018,Female,American Indian/Alaska Native,10,2196,455.3734061930780,365,1.2475983731317200
Wisconsin,2018,Female,Asian/Pacific Islander,,3876,,365,
Wisconsin,2018,Female,Black,55,11312,486.20933521923600,365,1.3320803704636600
Wisconsin,2018,Female,White,614,276817,221.8071866973490,365,0.6076909224584900
Wisconsin,2018,Male,American Indian/Alaska Native,20,1885,1061.0079575596800,365,2.9068711166018700
Wisconsin,2018,Male,Asian/Pacific Islander,10,3209,311.6235587410410,365,0.8537631746329890
Wisconsin,2018,Male,Black,84,8860,948.0812641083520,365,2.5974829153653500
Wisconsin,2018,Male,White,1213,263468,460.3974676241520,365,1.2613629249976800
Wisconsin,2019,Female,American Indian/Alaska Native,13,2321,560.1034037053000,365,1.5345298731652000
Wisconsin,2019,Female,Asian/Pacific Islander,,4129,,365,
Wisconsin,2019,Female,Black,66,11992,550.3669112741830,365,1.5078545514361200
Wisconsin,2019,Female,White,586,287829,203.59310562868900,365,0.5577893304895600
Wisconsin,2019,Male,American Indian/Alaska Native,11,1980,555.5555555555560,365,1.5220700152207000
Wisconsin,2019,Male,Asian/Pacific Islander,,3336,,365,
Wisconsin,2019,Male,Black,111,9295,1194.1904249596600,365,3.2717545889305600
Wisconsin,2019,Male,White,1269,273866,463.36529543645400,365,1.269493960099880
Wisconsin,2020,Female,American Indian/Alaska Native,,2441,,366,
Wisconsin,2020,Female,Asian/Pacific Islander,,4363,,366,
Wisconsin,2020,Female,Black,78,12644,616.8933881683010,366,1.685501060569130
Wisconsin,2020,Female,White,619,299989,206.3408991663030,366,0.5637729485418110
Wisconsin,2020,Male,American Indian/Alaska Native,16,2105,760.0950118764850,366,2.0767623275313800
Wisconsin,2020,Male,Asian/Pacific Islander,11,3549,309.94646379261800,366,0.8468482617284640
Wisconsin,2020,Male,Black,103,9844,1046.3226330759900,366,2.8588050084043300
Wisconsin,2020,Male,White,1375,285489,481.6297650697580,366,1.3159283198627300
Wisconsin,2021,Female,American Indian/Alaska Native,,2452,,365,
Wisconsin,2021,Female,Asian/Pacific Islander,10,4348,229.99080036798500,365,0.6301117818300970
Wisconsin,2021,Female,Black,81,12981,623.988906863878,365,1.7095586489421300
Wisconsin,2021,Female,White,682,309658,220.2429777367290,365,0.6034054184567920
Wisconsin,2021,Male,American Indian/Alaska Native,11,2086,527.3250239693190,365,1.4447260930666300
Wisconsin,2021,Male,Asian/Pacific Islander,18,3565,504.90883590462800,365,1.3833118791907600
Wisconsin,2021,Male,Black,101,10232,987.099296325254,365,2.7043816337678200
Wisconsin,2021,Male,White,1435,300432,477.64552377909100,365,1.308617873367370
Wisconsin,2022,Female,American Indian/Alaska Native,,2561,,365,
Wisconsin,2022,Female,Asian/Pacific Islander,10,4507,221.8770800976260,365,0.6078824112263720
Wisconsin,2022,Female,Black,68,13062,520.5940897259230,365,1.4262851773312900
Wisconsin,2022,Female,White,704,314082,224.14528689959900,365,0.6140966764372590
Wisconsin,2022,Male,American Indian/Alaska Native,17,2212,768.5352622061480,365,2.1055760608387600
Wisconsin,2022,Male,Asian/Pacific Islander,10,3669,272.5538293813030,365,0.7467228202227480
Wisconsin,2022,Male,Black,118,10118,1166.2383870330100,365,3.1951736631041400
Wisconsin,2022,Male,White,1439,304762,472.1717274463350,365,1.2936211710858500
Wisconsin,2023,Female,American Indian/Alaska Native,,2701,,365,
Wisconsin,2023,Female,Asian/Pacific Islander,12,4733,253.5389816184240,365,0.6946273468997910
Wisconsin,2023,Female,Black,77,13462,571.9803892437970,365,1.5670695595720500
Wisconsin,2023,Female,White,695,324442,214.2139427077880,365,0.586887514267911
Wisconsin,2023,Male,American Indian/Alaska Native,13,2405,540.5405405405410,365,1.4809329877823000
Wisconsin,2023,Male,Asian/Pacific Islander,17,3818,445.2592980618130,365,1.2198884878405800
Wisconsin,2023,Male,Black,96,10548,910.1251422070530,365,2.493493540293300
Wisconsin,2023,Male,White,1457,314261,463.6273670611370,365,1.2702119645510600
Wisconsin,2024,Female,American Indian/Alaska Native,10,2804,356.6333808844510,366,0.9744081444930350
Wisconsin,2024,Female,Asian/Pacific Islander,,5003,,366,
Wisconsin,2024,Female,Black,76,13935,545.389307499103,366,1.4901347199429000
Wisconsin,2024,Female,White,680,331978,204.8328503696030,366,0.559652596638259
Wisconsin,2024,Male,American Indian/Alaska Native,16,2532,631.911532385466,366,1.7265342414903400
Wisconsin,2024,Male,Asian/Pacific Islander,14,4006,349.4757863205190,366,0.9548518751926750
Wisconsin,2024,Male,Black,109,10868,1002.9444239970600,366,2.7402853114673700
Wisconsin,2024,Male,White,1414,321422,439.92010503325800,366,1.20196750009087
Wisconsin,2025,Female,American Indian/Alaska Native,,2804,,365,
Wisconsin,2025,Female,Asian/Pacific Islander,0,139,0.0,365,0.0
Wisconsin,2025,Female,Black,83,13935,595.6225331898100,365,1.6318425566844100
Wisconsin,2025,Female,White,720,331978,216.88184156781500,365,0.594196826213191
Wisconsin,2025,Male,American Indian/Alaska Native,14,2532,552.9225908372830,365,1.5148564132528300
Wisconsin,2025,Male,Asian/Pacific Islander,12,4006,299.55067398901600,365,0.8206867780521000
Wisconsin,2025,Male,Black,116,10868,1067.3536989326500,365,2.9242567094045100
Wisconsin,2025,Male,White,1438,321422,447.3869243548980,365,1.225717600972320
Wyoming,1999,Female,American Indian/Alaska Native,,148,,365,
Wyoming,1999,Female,Asian/Pacific Islander,0,75,0.0,365,0.0
Wyoming,1999,Female,Black,,78,,365,
Wyoming,1999,Female,White,69,15936,432.98192771084300,365,1.1862518567420400
Wyoming,1999,Male,American Indian/Alaska Native,,136,,365,
Wyoming,1999,Male,Asian/Pacific Islander,,34,,365,
Wyoming,1999,Male,Black,0,62,0.0,365,0.0
Wyoming,1999,Male,White,94,14635,642.295866074479,365,1.759714701573920
Wyoming,2000,Female,American Indian/Alaska Native,,185,,366,
Wyoming,2000,Female,Asian/Pacific Islander,0,99,0.0,366,0.0
Wyoming,2000,Female,Black,0,79,0.0,366,0.0
Wyoming,2000,Female,White,62,15961,388.44683917047800,366,1.061330161667970
Wyoming,2000,Male,American Indian/Alaska Native,,177,,366,
Wyoming,2000,Male,Asian/Pacific Islander,0,47,0.0,366,0.0
Wyoming,2000,Male,Black,,75,,366,
Wyoming,2000,Male,White,114,14720,774.4565217391310,366,2.11600142551675
Wyoming,2001,Female,American Indian/Alaska Native,,195,,365,
Wyoming,2001,Female,Asian/Pacific Islander,0,101,0.0,365,0.0
Wyoming,2001,Female,Black,0,73,0.0,365,0.0
Wyoming,2001,Female,White,61,16120,378.41191066997500,365,1.036744960739660
Wyoming,2001,Male,American Indian/Alaska Native,0,186,0.0,365,0.0
Wyoming,2001,Male,Asian/Pacific Islander,0,55,0.0,365,0.0
Wyoming,2001,Male,Black,0,72,0.0,365,0.0
Wyoming,2001,Male,White,88,14837,593.1118150569520,365,1.624963876868360
Wyoming,2002,Female,American Indian/Alaska Native,,202,,365,
Wyoming,2002,Female,Asian/Pacific Islander,0,105,0.0,365,0.0
Wyoming,2002,Female,Black,0,80,0.0,365,0.0
Wyoming,2002,Female,White,54,16322,330.84180860188700,365,0.9064159139777730
Wyoming,2002,Male,American Indian/Alaska Native,,195,,365,
Wyoming,2002,Male,Asian/Pacific Islander,0,59,0.0,365,0.0
Wyoming,2002,Male,Black,0,71,0.0,365,0.0
Wyoming,2002,Male,White,110,14996,733.528941050947,365,2.00966833164643
Wyoming,2003,Female,American Indian/Alaska Native,0,208,0.0,365,0.0
Wyoming,2003,Female,Asian/Pacific Islander,,112,,365,
Wyoming,2003,Female,Black,,81,,365,
Wyoming,2003,Female,White,66,16471,400.704268107583,365,1.097819912623520
Wyoming,2003,Male,American Indian/Alaska Native,,194,,365,
Wyoming,2003,Male,Asian/Pacific Islander,0,60,0.0,365,0.0
Wyoming,2003,Male,Black,0,75,0.0,365,0.0
Wyoming,2003,Male,White,95,15292,621.2398639811670,365,1.702027024605940
Wyoming,2004,Female,American Indian/Alaska Native,0,217,0.0,366,0.0
Wyoming,2004,Female,Asian/Pacific Islander,0,107,0.0,366,0.0
Wyoming,2004,Female,Black,0,76,0.0,366,0.0
Wyoming,2004,Female,White,62,16531,375.05293085717700,366,1.0247347837627800
Wyoming,2004,Male,American Indian/Alaska Native,0,205,0.0,366,0.0
Wyoming,2004,Male,Asian/Pacific Islander,0,60,0.0,366,0.0
Wyoming,2004,Male,Black,0,71,0.0,366,0.0
Wyoming,2004,Male,White,107,15606,685.6337306164300,366,1.8733162038700300
Wyoming,2005,Female,American Indian/Alaska Native,,245,,365,
Wyoming,2005,Female,Asian/Pacific Islander,,129,,365,
Wyoming,2005,Female,Black,,68,,365,
Wyoming,2005,Female,White,69,16717,412.7534844768800,365,1.1308314643202200
Wyoming,2005,Male,American Indian/Alaska Native,0,203,0.0,365,0.0
Wyoming,2005,Male,Asian/Pacific Islander,0,62,0.0,365,0.0
Wyoming,2005,Male,Black,0,83,0.0,365,0.0
Wyoming,2005,Male,White,96,15925,602.8257456828890,365,1.6515773854325700
Wyoming,2006,Female,American Indian/Alaska Native,0,251,0.0,365,0.0
Wyoming,2006,Female,Asian/Pacific Islander,,111,,365,
Wyoming,2006,Female,Black,0,80,0.0,365,0.0
Wyoming,2006,Female,White,63,17045,369.60985626283400,365,1.0126297431858500
Wyoming,2006,Male,American Indian/Alaska Native,,208,,365,
Wyoming,2006,Male,Asian/Pacific Islander,0,57,0.0,365,0.0
Wyoming,2006,Male,Black,,90,,365,
Wyoming,2006,Male,White,106,16449,644.4160739254670,365,1.7655234902067600
Wyoming,2007,Female,American Indian/Alaska Native,0,264,0.0,365,0.0
Wyoming,2007,Female,Asian/Pacific Islander,0,146,0.0,365,0.0
Wyoming,2007,Female,Black,,82,,365,
Wyoming,2007,Female,White,52,17467,297.70424228545300,365,0.8156280610560350
Wyoming,2007,Male,American Indian/Alaska Native,,226,,365,
Wyoming,2007,Male,Asian/Pacific Islander,,65,,365,
Wyoming,2007,Male,Black,0,93,0.0,365,0.0
Wyoming,2007,Male,White,98,17024,575.6578947368420,365,1.5771449170872400
Wyoming,2008,Female,American Indian/Alaska Native,,279,,366,
Wyoming,2008,Female,Asian/Pacific Islander,,142,,366,
Wyoming,2008,Female,Black,,75,,366,
Wyoming,2008,Female,White,48,18193,263.8377397900290,366,0.7208681415028120
Wyoming,2008,Male,American Indian/Alaska Native,,264,,366,
Wyoming,2008,Male,Asian/Pacific Islander,0,62,0.0,366,0.0
Wyoming,2008,Male,Black,0,95,0.0,366,0.0
Wyoming,2008,Male,White,99,17856,554.4354838709680,366,1.5148510488277800
Wyoming,2009,Female,American Indian/Alaska Native,,295,,365,
Wyoming,2009,Female,Asian/Pacific Islander,0,147,0.0,365,0.0
Wyoming,2009,Female,Black,0,71,0.0,365,0.0
Wyoming,2009,Female,White,70,18823,371.8854592785420,365,1.0188642719960100
Wyoming,2009,Male,American Indian/Alaska Native,,289,,365,
Wyoming,2009,Male,Asian/Pacific Islander,0,70,0.0,365,0.0
Wyoming,2009,Male,Black,,97,,365,
Wyoming,2009,Male,White,103,18765,548.8942179589660,365,1.5038197752300400
Wyoming,2010,Female,American Indian/Alaska Native,,302,,365,
Wyoming,2010,Female,Asian/Pacific Islander,0,135,0.0,365,0.0
Wyoming,2010,Female,Black,0,80,0.0,365,0.0
Wyoming,2010,Female,White,51,19370,263.2937532266390,365,0.7213527485661350
Wyoming,2010,Male,American Indian/Alaska Native,,285,,365,
Wyoming,2010,Male,Asian/Pacific Islander,0,66,0.0,365,0.0
Wyoming,2010,Male,Black,,101,,365,
Wyoming,2010,Male,White,95,19229,494.04545218160100,365,1.3535491840591800
Wyoming,2011,Female,American Indian/Alaska Native,,299,,365,
Wyoming,2011,Female,Asian/Pacific Islander,,153,,365,
Wyoming,2011,Female,Black,0,104,0.0,365,0.0
Wyoming,2011,Female,White,44,19953,220.51821781185800,365,0.6041595008544050
Wyoming,2011,Male,American Indian/Alaska Native,,301,,365,
Wyoming,2011,Male,Asian/Pacific Islander,,81,,365,
Wyoming,2011,Male,Black,,136,,365,
Wyoming,2011,Male,White,108,20051,538.626502418832,365,1.4756890477228300
Wyoming,2012,Female,American Indian/Alaska Native,,333,,366,
Wyoming,2012,Female,Asian/Pacific Islander,0,203,0.0,366,0.0
Wyoming,2012,Female,Black,0,253,0.0,366,0.0
Wyoming,2012,Female,White,62,21008,295.1256664127950,366,0.8063542798163800
Wyoming,2012,Male,American Indian/Alaska Native,,314,,366,
Wyoming,2012,Male,Asian/Pacific Islander,0,97,0.0,366,0.0
Wyoming,2012,Male,Black,,239,,366,
Wyoming,2012,Male,White,130,21067,617.0788436891820,366,1.6860077696425700
Wyoming,2013,Female,American Indian/Alaska Native,0,353,0.0,365,0.0
Wyoming,2013,Female,Asian/Pacific Islander,0,215,0.0,365,0.0
Wyoming,2013,Female,Black,,404,,365,
Wyoming,2013,Female,White,45,21960,204.91803278688500,365,0.5614192679092750
Wyoming,2013,Male,American Indian/Alaska Native,,331,,365,
Wyoming,2013,Male,Asian/Pacific Islander,,103,,365,
Wyoming,2013,Male,Black,,350,,365,
Wyoming,2013,Male,White,113,22098,511.35849398135600,365,1.4009821752913900
Wyoming,2014,Female,American Indian/Alaska Native,,371,,365,
Wyoming,2014,Female,Asian/Pacific Islander,0,201,0.0,365,0.0
Wyoming,2014,Female,Black,0,224,0.0,365,0.0
Wyoming,2014,Female,White,59,23291,253.31673178481000,365,0.6940184432460540
Wyoming,2014,Male,American Indian/Alaska Native,,345,,365,
Wyoming,2014,Male,Asian/Pacific Islander,0,109,0.0,365,0.0
Wyoming,2014,Male,Black,0,281,0.0,365,0.0
Wyoming,2014,Male,White,107,23560,454.1595925297110,365,1.2442728562457800
Wyoming,2015,Female,American Indian/Alaska Native,0,375,0.0,365,0.0
Wyoming,2015,Female,Asian/Pacific Islander,0,209,0.0,365,0.0
Wyoming,2015,Female,Black,0,188,0.0,365,0.0
Wyoming,2015,Female,White,72,24404,295.0336010490080,365,0.808311235750708
Wyoming,2015,Male,American Indian/Alaska Native,,379,,365,
Wyoming,2015,Male,Asian/Pacific Islander,0,112,0.0,365,0.0
Wyoming,2015,Male,Black,0,256,0.0,365,0.0
Wyoming,2015,Male,White,125,24879,502.4317697656660,365,1.3765253966182600
Wyoming,2016,Female,American Indian/Alaska Native,,400,,366,
Wyoming,2016,Female,Asian/Pacific Islander,0,237,0.0,366,0.0
Wyoming,2016,Female,Black,0,228,0.0,366,0.0
Wyoming,2016,Female,White,74,25577,289.3224381280060,366,0.7904984648306170
Wyoming,2016,Male,American Indian/Alaska Native,,400,,366,
Wyoming,2016,Male,Asian/Pacific Islander,,122,,366,
Wyoming,2016,Male,Black,,266,,366,
Wyoming,2016,Male,White,135,26010,519.0311418685120,366,1.4181178739576800
Wyoming,2017,Female,American Indian/Alaska Native,,442,,365,
Wyoming,2017,Female,Asian/Pacific Islander,0,244,0.0,365,0.0
Wyoming,2017,Female,Black,,202,,365,
Wyoming,2017,Female,White,70,26823,260.97006300562900,365,0.714986473988026
Wyoming,2017,Male,American Indian/Alaska Native,,425,,365,
Wyoming,2017,Male,Asian/Pacific Islander,0,132,0.0,365,0.0
Wyoming,2017,Male,Black,,264,,365,
Wyoming,2017,Male,White,129,27412,470.59681891142600,365,1.2893063531819900
Wyoming,2018,Female,American Indian/Alaska Native,,476,,365,
Wyoming,2018,Female,Asian/Pacific Islander,0,291,0.0,365,0.0
Wyoming,2018,Female,Black,,232,,365,
Wyoming,2018,Female,White,63,27794,226.66762610635400,365,0.6210071948119290
Wyoming,2018,Male,American Indian/Alaska Native,,430,,365,
Wyoming,2018,Male,Asian/Pacific Islander,,142,,365,
Wyoming,2018,Male,Black,0,289,0.0,365,0.0
Wyoming,2018,Male,White,154,28514,540.0855719997190,365,1.4796864986293700
Wyoming,2019,Female,American Indian/Alaska Native,,504,,365,
Wyoming,2019,Female,Asian/Pacific Islander,0,309,0.0,365,0.0
Wyoming,2019,Female,Black,0,261,0.0,365,0.0
Wyoming,2019,Female,White,79,28897,273.38478042703400,365,0.74899939843023
Wyoming,2019,Male,American Indian/Alaska Native,,460,,365,
Wyoming,2019,Male,Asian/Pacific Islander,,153,,365,
Wyoming,2019,Male,Black,0,305,0.0,365,0.0
Wyoming,2019,Male,White,153,29701,515.1341705666480,365,1.411326494703140
Wyoming,2020,Female,American Indian/Alaska Native,,548,,366,
Wyoming,2020,Female,Asian/Pacific Islander,0,326,0.0,366,0.0
Wyoming,2020,Female,Black,,290,,366,
Wyoming,2020,Female,White,87,30453,285.68613929662100,366,0.7805632221219150
Wyoming,2020,Male,American Indian/Alaska Native,,495,,366,
Wyoming,2020,Male,Asian/Pacific Islander,0,167,0.0,366,0.0
Wyoming,2020,Male,Black,,335,,366,
Wyoming,2020,Male,White,181,31200,580.1282051282050,366,1.5850497407874500
Wyoming,2021,Female,American Indian/Alaska Native,,519,,365,
Wyoming,2021,Female,Asian/Pacific Islander,0,299,0.0,365,0.0
Wyoming,2021,Female,Black,0,258,0.0,365,0.0
Wyoming,2021,Female,White,75,31110,241.08003857280600,365,0.6604932563638530
Wyoming,2021,Male,American Indian/Alaska Native,,490,,365,
Wyoming,2021,Male,Asian/Pacific Islander,0,167,0.0,365,0.0
Wyoming,2021,Male,Black,0,309,0.0,365,0.0
Wyoming,2021,Male,White,182,32229,564.7088026311710,365,1.5471474044689600
Wyoming,2022,Female,American Indian/Alaska Native,,525,,365,
Wyoming,2022,Female,Asian/Pacific Islander,0,312,0.0,365,0.0
Wyoming,2022,Female,Black,,245,,365,
Wyoming,2022,Female,White,63,31714,198.65043829223700,365,0.5442477761431150
Wyoming,2022,Male,American Indian/Alaska Native,0,508,0.0,365,0.0
Wyoming,2022,Male,Asian/Pacific Islander,0,172,0.0,365,0.0
Wyoming,2022,Male,Black,,323,,365,
Wyoming,2022,Male,White,192,32583,589.2643403001570,365,1.6144228501374200
Wyoming,2023,Female,American Indian/Alaska Native,,534,,365,
Wyoming,2023,Female,Asian/Pacific Islander,0,327,0.0,365,0.0
Wyoming,2023,Female,Black,0,244,0.0,365,0.0
Wyoming,2023,Female,White,72,32639,220.5949937191700,365,0.604369845805946
Wyoming,2023,Male,American Indian/Alaska Native,,495,,365,
Wyoming,2023,Male,Asian/Pacific Islander,0,19,0.0,365,0.0
Wyoming,2023,Male,Black,,311,,365,
Wyoming,2023,Male,White,164,33609,487.96453330953000,365,1.336889132354880
Wyoming,2024,Female,American Indian/Alaska Native,,558,,366,
Wyoming,2024,Female,Asian/Pacific Islander,0,38,0.0,366,0.0
Wyoming,2024,Female,Black,,248,,366,
Wyoming,2024,Female,White,91,33456,271.99904351984700,366,0.7431667855733520
Wyoming,2024,Male,American Indian/Alaska Native,,507,,366,
Wyoming,2024,Male,Asian/Pacific Islander,0,175,0.0,366,0.0
Wyoming,2024,Male,Black,,324,,366,
Wyoming,2024,Male,White,176,34182,514.8908782400090,366,1.4068056782513900
Wyoming,2025,Female,American Indian/Alaska Native,,558,,365,
Wyoming,2025,Female,Asian/Pacific Islander,0,339,0.0,365,0.0
Wyoming,2025,Female,Black,0,248,0.0,365,0.0
Wyoming,2025,Female,White,80,33456,239.12003825920600,365,0.6551233924909760
Wyoming,2025,Male,American Indian/Alaska Native,,507,,365,
Wyoming,2025,Male,Asian/Pacific Islander,0,175,0.0,365,0.0
Wyoming,2025,Male,Black,,324,,365,
Wyoming,2025,Male,White,171,34182,500.2632964718270,365,1.3705843738954200