state,year,sex,deaths,population,crude_rate,days_in_year,average_daily_crude_rate
Alabama,1999,Female,1055,176811,596.7,365,1.6347461181171500
Alabama,1999,Male,1578,139117,1134.3,365,3.107663097416470
Alabama,2000,Female,1067,176733,603.7,366,1.6495507610056300
Alabama,2000,Male,1532,140015,1094.2,366,2.989531371443610
Alabama,2001,Female,1044,176613,591.1,365,1.619514969228050
Alabama,2001,Male,1484,141649,1047.7,365,2.8703015373617400
Alabama,2002,Female,939,176149,533.1,365,1.4604696817614800
Alabama,2002,Male,1382,142310,971.1,365,2.6606010609676200
Alabama,2003,Female,897,176800,507.4,365,1.3900080580177300
Alabama,2003,Male,1329,144167,921.8,365,2.525609806967590
Alabama,2004,Female,843,177876,473.9,366,1.2948788417350200
Alabama,2004,Male,1325,145835,908.6,366,2.482407226821390
Alabama,2005,Female,903,179922,501.9,365,1.3750250679404000
Alabama,2005,Male,1211,149105,812.2,365,2.2251488676959700
Alabama,2006,Female,821,182941,448.8,365,1.2295303231605500
Alabama,2006,Male,1279,153107,835.4,365,2.2886671341226000
Alabama,2007,Female,804,186312,431.5,365,1.1822854813578300
Alabama,2007,Male,1217,156299,778.6,365,2.1332488213887900
Alabama,2008,Female,809,192543,420.2,366,1.1479942213745500
Alabama,2008,Male,1215,161691,751.4,366,2.0530964191869300
Alabama,2009,Female,817,197699,413.3,365,1.1322040902501100
Alabama,2009,Male,1274,167056,762.6,365,2.0893658167944300
Alabama,2010,Female,819,200465,408.6,365,1.1193153999143800
Alabama,2010,Male,1334,170036,784.5,365,2.149423957601890
Alabama,2011,Female,770,205469,374.8,365,1.0267188924343300
Alabama,2011,Male,1243,174711,711.5,365,1.9492072348362700
Alabama,2012,Female,845,217054,389.3,366,1.0636722517893700
Alabama,2012,Male,1352,185517,728.8,366,1.9911862907648600
Alabama,2013,Female,916,225166,406.8,365,1.1145506164766800
Alabama,2013,Male,1494,193538,771.9,365,2.114908020611720
Alabama,2014,Female,918,234270,391.9,365,1.0735768528410300
Alabama,2014,Male,1460,201158,725.8,365,1.988486662225710
Alabama,2015,Female,944,242241,389.7,365,1.0676563297967800
Alabama,2015,Male,1443,208032,693.6,365,1.9003925634201700
Alabama,2016,Female,972,250233,388.4,366,1.0613059448266300
Alabama,2016,Male,1584,214436,738.7,366,2.018256660476330
Alabama,2017,Female,996,257320,387.1,365,1.0604566777894000
Alabama,2017,Male,1631,220012,741.3,365,2.0310224672676600
Alabama,2018,Female,1076,263223,408.8,365,1.119942104405560
Alabama,2018,Male,1696,224498,755.5,365,2.0697624666882300
Alabama,2019,Female,1110,270914,409.7,365,1.1225318331319000
Alabama,2019,Male,1819,230533,789.0,365,2.161756296857980
Alabama,2020,Female,1199,280345,427.7,366,1.168544573348200
Alabama,2020,Male,1956,237372,824.0,366,2.251429104983730
Alabama,2021,Female,1226,288572,424.9,365,1.1639743667400300
Alabama,2021,Male,2135,248826,858.0,365,2.3507652208744900
Alabama,2022,Female,1230,288338,426.6,365,1.1687197017731400
Alabama,2022,Male,1934,247600,781.1,365,2.1399960165534300
Alabama,2023,Female,1179,293804,401.3,365,1.099418995759540
Alabama,2023,Male,1985,252006,787.7,365,2.158026461426940
Alabama,2024,Female,1259,298614,421.6,366,1.1519522562179000
Alabama,2024,Male,1958,256182,764.3,366,2.088252404913810
Alabama,2025,Female,1282,298614,429.3,365,1.176210347513270
Alabama,2025,Male,2012,256182,785.4,365,2.1517236836012200
Alaska,1999,Female,49,10932,448.2,365,1.228014776275760
Alaska,1999,Male,101,10799,935.3,365,2.562388450478040
Alaska,2000,Female,45,11274,399.1,366,1.090569626327220
Alaska,2000,Male,79,11233,703.3,366,1.92154361733748
Alaska,2001,Female,48,11617,413.2,365,1.1320207395633000
Alaska,2001,Male,82,11721,699.6,365,1.9167096173242500
Alaska,2002,Female,30,11953,251.0,365,0.6876247036051020
Alaska,2002,Male,72,12162,592.0,365,1.621939434078300
Alaska,2003,Female,44,12418,354.3,365,0.9707516927482640
Alaska,2003,Male,80,12613,634.3,365,1.7377157075381000
Alaska,2004,Female,39,12817,304.3,366,0.831375337826171
Alaska,2004,Male,87,13132,662.5,366,1.8101196926042300
Alaska,2005,Female,32,13180,242.8,365,0.6651838609765730
Alaska,2005,Male,82,13645,601.0,365,1.64644583544577
Alaska,2006,Female,42,13606,308.7,365,0.8457187501887760
Alaska,2006,Male,87,14384,604.8,365,1.6570923552806000
Alaska,2007,Female,42,14421,291.2,365,0.7979231201073780
Alaska,2007,Male,77,15282,503.9,365,1.3804404142755500
Alaska,2008,Female,46,15268,301.3,366,0.823179592017878
Alaska,2008,Male,88,16530,532.4,366,1.454550262976080
Alaska,2009,Female,39,16240,240.1,365,0.6579391321951550
Alaska,2009,Male,92,17519,525.1,365,1.4387510389893700
Alaska,2010,Female,39,16974,229.8,365,0.6294881293065460
Alaska,2010,Male,73,18376,397.3,365,1.0883761427949500
Alaska,2011,Female,35,18092,193.5,365,0.5300155370268850
Alaska,2011,Male,109,19610,555.8,365,1.5228461855497300
Alaska,2012,Female,39,19738,197.6,366,0.539859038652246
Alaska,2012,Male,98,21262,460.9,366,1.2593338483751800
Alaska,2013,Female,37,21055,175.7,365,0.4814526858879060
Alaska,2013,Male,95,22755,417.5,365,1.1438100312139700
Alaska,2014,Female,42,22362,187.8,365,0.5145715640402690
Alaska,2014,Male,102,24244,420.7,365,1.1526648028152100
Alaska,2015,Female,58,23524,246.6,365,0.6754978302543830
Alaska,2015,Male,114,25631,444.8,365,1.2185586482122700
Alaska,2016,Female,54,25192,214.4,366,0.5856660193972590
Alaska,2016,Male,142,27195,522.2,366,1.4266524805166500
Alaska,2017,Female,50,26910,185.8,365,0.5090535167962210
Alaska,2017,Male,149,28994,513.9,365,1.4079436368979500
Alaska,2018,Female,56,28361,197.5,365,0.5409705494666850
Alaska,2018,Male,127,30194,420.6,365,1.1523653887509200
Alaska,2019,Female,57,29793,191.3,365,0.5241646815078840
Alaska,2019,Male,134,31507,425.3,365,1.1652118185521700
Alaska,2020,Female,65,31364,207.2,366,0.5662403660735260
Alaska,2020,Male,132,32794,402.5,366,1.0997613517866600
Alaska,2021,Female,73,31380,232.6,365,0.6373486297004460
Alaska,2021,Male,166,33211,499.8,365,1.3694092937519100
Alaska,2022,Female,87,31836,273.3,365,0.7487001017199450
Alaska,2022,Male,159,33441,475.5,365,1.3026417821122700
Alaska,2023,Female,71,32881,215.9,365,0.5915895135342770
Alaska,2023,Male,161,34415,467.8,365,1.281696616042300
Alaska,2024,Female,69,33550,205.7,366,0.5619212821577780
Alaska,2024,Male,138,34890,395.5,366,1.080679794576870
Alaska,2025,Female,71,33550,211.6,365,0.5797929894044870
Alaska,2025,Male,172,34890,493.0,365,1.350624467504530
Arizona,1999,Female,757,192050,394.2,365,1.079912836625740
Arizona,1999,Male,1413,170664,827.9,365,2.2683359564479500
Arizona,2000,Female,707,192152,367.9,366,1.0052947609554100
Arizona,2000,Male,1320,171689,768.8,366,2.100633923576460
Arizona,2001,Female,722,194234,371.7,365,1.0184016144345600
Arizona,2001,Male,1272,174678,728.2,365,1.995060343517400
Arizona,2002,Female,673,197268,341.2,365,0.9346856137023520
Arizona,2002,Male,1242,178051,697.6,365,1.9111039679796200
Arizona,2003,Female,678,201035,337.3,365,0.9239854983337940
Arizona,2003,Male,1194,182276,655.1,365,1.7946591305011800
Arizona,2004,Female,662,207144,319.6,366,0.8731815400875270
Arizona,2004,Male,1131,187751,602.4,366,1.6458841414566300
Arizona,2005,Female,654,214281,305.2,365,0.8361827795827950
Arizona,2005,Male,1137,194535,584.5,365,1.60128948166175
Arizona,2006,Female,617,222101,277.8,365,0.7611001116177370
Arizona,2006,Male,1090,201864,540.0,365,1.47936302157047
Arizona,2007,Female,555,230851,240.4,365,0.6586707205970430
Arizona,2007,Male,1041,208734,498.7,365,1.3663585206629200
Arizona,2008,Female,580,243142,238.5,366,0.6517588296353210
Arizona,2008,Male,1100,218844,502.6,366,1.3733364775247700
Arizona,2009,Female,589,253922,232.0,365,0.6355095777982950
Arizona,2009,Male,1085,229260,473.3,365,1.2966076680302000
Arizona,2010,Female,543,261665,207.5,365,0.5685403981719800
Arizona,2010,Male,1098,236227,464.8,365,1.2734442625450100
Arizona,2011,Female,573,274251,208.9,365,0.5724183371067490
Arizona,2011,Male,1154,247329,466.6,365,1.2783150522649700
Arizona,2012,Female,616,294074,209.5,366,0.572325370243414
Arizona,2012,Male,1246,264515,471.1,366,1.2870240193181700
Arizona,2013,Female,639,311494,205.1,365,0.5620284601009490
Arizona,2013,Male,1271,278616,456.2,365,1.2498175915316800
Arizona,2014,Female,614,329272,186.5,365,0.5108821220212830
Arizona,2014,Male,1289,293214,439.6,365,1.2044127665510700
Arizona,2015,Female,700,345557,202.6,365,0.554990412342416
Arizona,2015,Male,1317,307457,428.4,365,1.173568719554990
Arizona,2016,Female,719,361602,198.8,366,0.5432715732537260
Arizona,2016,Male,1492,321218,464.5,366,1.2690766807091900
Arizona,2017,Female,740,372192,198.8,365,0.5447181186790620
Arizona,2017,Male,1553,329217,471.7,365,1.292398181305320
Arizona,2018,Female,791,386574,204.6,365,0.5605972692605380
Arizona,2018,Male,1534,339588,451.7,365,1.2375995989338200
Arizona,2019,Female,821,401078,204.7,365,0.560817364326428
Arizona,2019,Male,1510,350621,430.7,365,1.179902601775100
Arizona,2020,Female,978,420854,232.4,366,0.6349306760874280
Arizona,2020,Male,1828,366051,499.4,366,1.3644370645417400
Arizona,2021,Female,906,410792,220.5,365,0.604245404200159
Arizona,2021,Male,1883,364060,517.2,365,1.4170477694855400
Arizona,2022,Female,967,410783,235.4,365,0.6449427236504800
Arizona,2022,Male,1865,361610,515.7,365,1.4130109900433900
Arizona,2023,Female,957,424080,225.7,365,0.6182601886953350
Arizona,2023,Male,1883,372089,506.1,365,1.3864704706640200
Arizona,2024,Female,952,433184,219.8,366,0.6004591342650850
Arizona,2024,Male,1849,380215,486.3,366,1.3286989120118900
Arizona,2025,Female,935,433184,215.8,365,0.5913523665731970
Arizona,2025,Male,1858,380215,488.7,365,1.3388243385726800
Arkansas,1999,Female,581,108543,535.3,365,1.4664979058233200
Arkansas,1999,Male,980,89393,1096.3,365,3.0035142649304900
Arkansas,2000,Female,556,108430,512.8,366,1.4010197206124800
Arkansas,2000,Male,908,89904,1010.0,366,2.7594704539730100
Arkansas,2001,Female,580,107792,538.1,365,1.4741734970038700
Arkansas,2001,Male,920,90456,1017.1,365,2.786490608920890
Arkansas,2002,Female,543,107509,505.1,365,1.3837643665895100
Arkansas,2002,Male,865,90753,953.1,365,2.611332973784480
Arkansas,2003,Female,521,108161,481.7,365,1.3196968040920200
Arkansas,2003,Male,805,92280,872.3,365,2.389986402313390
Arkansas,2004,Female,539,109161,493.8,366,1.3490876738289500
Arkansas,2004,Male,755,93594,806.7,366,2.204031807652890
Arkansas,2005,Female,470,110530,425.2,365,1.1649970441298400
Arkansas,2005,Male,801,95723,836.8,365,2.2925739351516400
Arkansas,2006,Female,490,113364,432.2,365,1.1842081731631400
Arkansas,2006,Male,722,98761,731.1,365,2.002898099230290
Arkansas,2007,Female,437,115876,377.1,365,1.0332254081713200
Arkansas,2007,Male,733,101405,722.8,365,1.9803946334817700
Arkansas,2008,Female,491,119389,411.3,366,1.1236630297973900
Arkansas,2008,Male,760,105263,722.0,366,1.9726805546492500
Arkansas,2009,Female,442,122579,360.6,365,0.9879007857052100
Arkansas,2009,Male,824,108235,761.3,365,2.0857710043658200
Arkansas,2010,Female,460,124464,369.6,365,1.0125610398209400
Arkansas,2010,Male,782,110138,710.0,365,1.9452557277457900
Arkansas,2011,Female,451,127398,354.0,365,0.9698868415172640
Arkansas,2011,Male,815,112866,722.1,365,1.9783430903272600
Arkansas,2012,Female,501,134248,373.2,366,1.019644582426850
Arkansas,2012,Male,832,118522,702.0,366,1.9179764463271400
Arkansas,2013,Female,497,138844,358.0,365,0.9807005240532100
Arkansas,2013,Male,895,122707,729.4,365,1.998300662978110
Arkansas,2014,Female,525,143516,365.8,365,1.0022270439418300
Arkansas,2014,Male,937,126697,739.6,365,2.026191060302320
Arkansas,2015,Female,546,147433,370.3,365,1.0146238704760200
Arkansas,2015,Male,1049,129978,807.1,365,2.211122345889090
Arkansas,2016,Female,660,150874,437.5,366,1.1952216342939100
Arkansas,2016,Male,1072,132706,807.8,366,2.207105744000930
Arkansas,2017,Female,682,154810,440.5,365,1.2069589501226900
Arkansas,2017,Male,1089,135699,802.5,365,2.1986614815404800
Arkansas,2018,Female,633,157942,400.8,365,1.0980274881554400
Arkansas,2018,Male,1030,138069,746.0,365,2.0438460539434500
Arkansas,2019,Female,650,161754,401.8,365,1.1009445935236300
Arkansas,2019,Male,1201,141075,851.3,365,2.332384163674720
Arkansas,2020,Female,695,166123,418.4,366,1.1430729663111900
Arkansas,2020,Male,1093,144366,757.1,366,2.068588724363220
Arkansas,2021,Female,664,165752,400.6,365,1.0975300944735400
Arkansas,2021,Male,1185,146174,810.7,365,2.2210347547893300
Arkansas,2022,Female,683,165379,413.0,365,1.1314815525020300
Arkansas,2022,Male,1188,145681,815.5,365,2.234192873846240
Arkansas,2023,Female,658,168518,390.5,365,1.0697609311927500
Arkansas,2023,Male,1137,147896,768.8,365,2.106256080726110
Arkansas,2024,Female,655,170404,384.4,366,1.0502203506600800
Arkansas,2024,Male,1145,150195,762.3,366,2.082902427208930
Arkansas,2025,Female,722,170404,423.7,365,1.1608191074040600
Arkansas,2025,Male,1239,150195,824.9,365,2.260075600349680
California,1999,Female,4766,1032910,461.4,365,1.264150240250880
California,1999,Male,7230,855094,845.5,365,2.3164961019586400
California,2000,Female,4346,1033120,420.7,366,1.1493647339990200
California,2000,Male,6757,854703,790.6,366,2.1600191685158200
California,2001,Female,4278,1034161,413.7,365,1.133338807516960
California,2001,Male,6456,863716,747.5,365,2.0478573087538900
California,2002,Female,4129,1036236,398.5,365,1.0916749434610700
California,2002,Male,6421,871226,737.0,365,2.0191983276346000
California,2003,Female,3861,1045309,369.4,365,1.0119574395495300
California,2003,Male,6219,884353,703.2,365,1.9266465047762100
California,2004,Female,3689,1054277,349.9,366,0.9560328995773970
California,2004,Male,5780,896058,645.0,366,1.7624249464628400
California,2005,Female,3489,1064867,327.6,365,0.8976617840151910
California,2005,Male,5559,907626,612.5,365,1.6780190283554400
California,2006,Female,3413,1075303,317.4,365,0.8695860544894650
California,2006,Male,5501,917570,599.5,365,1.642515870910380
California,2007,Female,3189,1103323,289.0,365,0.7918792866069010
California,2007,Male,5237,942728,555.5,365,1.5219602266485600
California,2008,Female,3194,1148775,278.0,366,0.7596592854374580
California,2008,Male,5273,983969,535.9,366,1.4641826953020500
California,2009,Female,3051,1191358,256.1,365,0.7016282351391470
California,2009,Male,5187,1024871,506.1,365,1.3866095249167500
California,2010,Female,2973,1221710,243.3,365,0.6667053129999800
California,2010,Male,5020,1053626,476.4,365,1.30534218570292
California,2011,Female,3006,1273886,236.0,365,0.6464955606982230
California,2011,Male,5256,1103180,476.4,365,1.305317355282000
California,2012,Female,3007,1357762,221.5,366,0.6051021456290220
California,2012,Male,5347,1181357,452.6,366,1.2366532400863000
California,2013,Female,3142,1436354,218.7,365,0.5993104191642300
California,2013,Male,5703,1252631,455.3,365,1.2473471863818300
California,2014,Female,3129,1515458,206.5,365,0.5656773556064260
California,2014,Male,5804,1318902,440.1,365,1.2056521153970300
California,2015,Female,3443,1591775,216.3,365,0.592601134728763
California,2015,Male,6259,1385628,451.7,365,1.2375576421290200
California,2016,Female,3546,1652205,214.6,366,0.5863996653056940
California,2016,Male,6532,1436797,454.6,366,1.2421375138950800
California,2017,Female,3725,1708889,218.0,365,0.5971996690279350
California,2017,Male,6817,1486911,458.5,365,1.2560746627583700
California,2018,Female,3586,1756338,204.2,365,0.5593830762784030
California,2018,Male,7079,1529076,463.0,365,1.2683817251690000
California,2019,Female,3589,1809935,198.3,365,0.5432723668158670
California,2019,Male,7195,1576735,456.3,365,1.250199226066730
California,2020,Female,3991,1854268,215.2,366,0.5880688004484490
California,2020,Male,8054,1615277,498.6,366,1.3623337966722900
California,2021,Female,4107,1848434,222.2,365,0.6087344635794710
California,2021,Male,7938,1646084,482.2,365,1.3211929163687500
California,2022,Female,4186,1849876,226.3,365,0.6199601027682360
California,2022,Male,8136,1646335,494.2,365,1.3539413885329600
California,2023,Female,3958,1898896,208.4,365,0.5710600062582870
California,2023,Male,7887,1693996,465.6,365,1.275576753314780
California,2024,Female,3812,1938595,196.6,366,0.5372602604694680
California,2024,Male,7587,1735229,437.2,366,1.1946266571571400
California,2025,Female,3790,1938595,195.5,365,0.5356230488490690
California,2025,Male,7897,1735229,455.1,365,1.2468450238185400
Colorado,1999,Female,431,120724,357.0,365,0.9781169591864250
Colorado,1999,Male,721,103695,695.3,365,1.9049544006494300
Colorado,2000,Female,441,121397,363.3,366,0.9925435000756900
Colorado,2000,Male,661,104913,630.0,366,1.7214367418353800
Colorado,2001,Female,401,122389,327.6,365,0.8976543128764030
Colorado,2001,Male,652,107153,608.5,365,1.667056797162020
Colorado,2002,Female,378,123047,307.2,365,0.8416429806140450
Colorado,2002,Male,607,108904,557.4,365,1.5270455618068500
Colorado,2003,Female,366,124757,293.4,365,0.803754279140567
Colorado,2003,Male,632,111295,567.9,365,1.5557813462555100
Colorado,2004,Female,326,127383,255.9,366,0.6992380321657220
Colorado,2004,Male,596,113763,523.9,366,1.4314103008416200
Colorado,2005,Female,334,130532,255.9,365,0.7010300103811210
Colorado,2005,Male,587,117245,500.7,365,1.3716739972554800
Colorado,2006,Female,355,135729,261.6,365,0.7165769582963310
Colorado,2006,Male,545,122191,446.0,365,1.2219809027927600
Colorado,2007,Female,311,141329,220.1,365,0.6028874431436920
Colorado,2007,Male,560,127367,439.7,365,1.204587197109510
Colorado,2008,Female,304,148960,204.1,366,0.5576000892160140
Colorado,2008,Male,551,134509,409.6,366,1.119229554062790
Colorado,2009,Female,293,156936,186.7,365,0.5115077012459840
Colorado,2009,Male,606,142009,426.7,365,1.169132922985680
Colorado,2010,Female,315,162453,193.9,365,0.5312390036688380
Colorado,2010,Male,557,147507,377.6,365,1.0345457485138200
Colorado,2011,Female,323,171427,188.4,365,0.5162147776308950
Colorado,2011,Male,549,156462,350.9,365,0.9613258101271210
Colorado,2012,Female,351,187015,187.7,366,0.5128018573069660
Colorado,2012,Male,608,171305,354.9,366,0.9697336247000090
Colorado,2013,Female,361,200455,180.1,365,0.4933980673420020
Colorado,2013,Male,706,184697,382.2,365,1.047253921472720
Colorado,2014,Female,390,213397,182.8,365,0.5007067347174190
Colorado,2014,Male,742,196552,377.5,365,1.034269156421080
Colorado,2015,Female,372,225655,164.9,365,0.45165322381147400
Colorado,2015,Male,770,208043,370.1,365,1.0140158722455900
Colorado,2016,Female,401,238223,168.3,366,0.45991714288735600
Colorado,2016,Male,843,219557,384.0,366,1.0490572783034000
Colorado,2017,Female,468,249441,187.6,365,0.5140260746316440
Colorado,2017,Male,831,229779,361.7,365,0.990826981041402
Colorado,2018,Female,453,261022,173.5,365,0.47547558842203300
Colorado,2018,Male,904,239776,377.0,365,1.03292753601992
Colorado,2019,Female,449,272545,164.7,365,0.45135188181818400
Colorado,2019,Male,930,249586,372.6,365,1.0208686406607100
Colorado,2020,Female,531,284327,186.8,366,0.5102644744013580
Colorado,2020,Male,1026,259036,396.1,366,1.0821965628424600
Colorado,2021,Female,574,286593,200.3,365,0.5487233602097840
Colorado,2021,Male,1048,266250,393.6,365,1.0783973245867900
Colorado,2022,Female,603,287745,209.6,365,0.5741384887732360
Colorado,2022,Male,1092,265976,410.6,365,1.1248311208221100
Colorado,2023,Female,559,295900,188.9,365,0.5175758193021520
Colorado,2023,Male,1097,272544,402.5,365,1.102750180541420
Colorado,2024,Female,523,301344,173.6,366,0.4741961839737580
Colorado,2024,Male,1046,277347,377.1,366,1.030450481623300
Colorado,2025,Female,501,301344,166.3,365,0.4554936350901390
Colorado,2025,Male,1020,277347,367.8,365,1.0075899677823100
Connecticut,1999,Female,543,129055,420.8,365,1.1527420346958400
Connecticut,1999,Male,837,104282,802.6,365,2.198989935877240
Connecticut,2000,Female,489,127563,383.3,366,1.0473770401844500
Connecticut,2000,Male,889,104002,854.8,366,2.3354952295473900
Connecticut,2001,Female,469,125320,374.2,365,1.0253203852931000
Connecticut,2001,Male,743,103227,719.8,365,1.9719806236315700
Connecticut,2002,Female,418,123647,338.1,365,0.9261894582578270
Connecticut,2002,Male,789,102329,771.0,365,2.1124449917583900
Connecticut,2003,Female,398,123340,322.7,365,0.8840692061813760
Connecticut,2003,Male,639,101886,627.2,365,1.7182782045686800
Connecticut,2004,Female,367,122575,299.4,366,0.818056080307696
Connecticut,2004,Male,612,101859,600.8,366,1.641613551616430
Connecticut,2005,Female,329,122124,269.4,365,0.7380775793568000
Connecticut,2005,Male,563,101578,554.3,365,1.518503764028290
Connecticut,2006,Female,323,122009,264.7,365,0.7253001883871810
Connecticut,2006,Male,551,101986,540.3,365,1.4801924196418000
Connecticut,2007,Female,300,124766,240.5,365,0.6587674592590750
Connecticut,2007,Male,505,104622,482.7,365,1.322438534759050
Connecticut,2008,Female,290,130200,222.7,366,0.6085635382303810
Connecticut,2008,Male,479,110380,434.0,366,1.1856705647752400
Connecticut,2009,Female,316,134578,234.8,365,0.6433097717736440
Connecticut,2009,Male,508,114629,443.2,365,1.2141611825260700
Connecticut,2010,Female,327,137355,238.1,365,0.652244483971391
Connecticut,2010,Male,513,117589,436.3,365,1.1952473888329600
Connecticut,2011,Female,300,141614,211.8,365,0.5803930460400650
Connecticut,2011,Male,494,121856,405.4,365,1.1106754345573800
Connecticut,2012,Female,309,151003,204.6,366,0.5591029946967730
Connecticut,2012,Male,561,130614,429.5,366,1.1735241897850900
Connecticut,2013,Female,319,157771,202.2,365,0.5539500939587920
Connecticut,2013,Male,621,137032,453.2,365,1.2415858069747900
Connecticut,2014,Female,313,163250,191.7,365,0.5252889718685100
Connecticut,2014,Male,544,141667,384.0,365,1.0520523191033300
Connecticut,2015,Female,353,168667,209.3,365,0.5733921203740110
Connecticut,2015,Male,597,146063,408.7,365,1.1198020295051900
Connecticut,2016,Female,358,173668,206.1,366,0.5632252784063460
Connecticut,2016,Male,625,150300,415.8,366,1.1361611930965000
Connecticut,2017,Female,353,181167,194.8,365,0.5338297193590630
Connecticut,2017,Male,661,157096,420.8,365,1.1527721292137200
Connecticut,2018,Female,366,183756,199.2,365,0.5456908759590960
Connecticut,2018,Male,614,159814,384.2,365,1.0525935029608900
Connecticut,2019,Female,351,188599,186.1,365,0.509888088280658
Connecticut,2019,Male,711,164220,433.0,365,1.1861802493481000
Connecticut,2020,Female,396,194480,203.6,366,0.5563385505526300
Connecticut,2020,Male,725,169284,428.3,366,1.1701485769121100
Connecticut,2021,Female,391,198654,196.8,365,0.5392455609815700
Connecticut,2021,Male,727,176867,411.0,365,1.1261460995651000
Connecticut,2022,Female,386,198841,194.1,365,0.5318491893398960
Connecticut,2022,Male,751,177488,423.1,365,1.1592525954291800
Connecticut,2023,Female,400,206096,194.1,365,0.5317378362311270
Connecticut,2023,Male,719,185098,388.4,365,1.0642270654997000
Connecticut,2024,Female,382,211757,180.4,366,0.49288375212840000
Connecticut,2024,Male,735,190428,386.0,366,1.0545700849200100
Connecticut,2025,Female,404,211757,190.8,365,0.5226978636212700
Connecticut,2025,Male,782,190428,410.7,365,1.1250791655768400
Delaware,1999,Female,174,30407,572.2,365,1.5677716603648000
Delaware,1999,Male,253,25788,981.1,365,2.6878807388378600
Delaware,2000,Female,110,30396,361.9,366,0.9887697331472290
Delaware,2000,Male,225,26019,864.8,366,2.3627122424407400
Delaware,2001,Female,152,30600,496.7,365,1.3609096606679200
Delaware,2001,Male,215,26216,820.1,365,2.246876319386680
Delaware,2002,Female,135,30665,440.2,365,1.2061405957887800
Delaware,2002,Male,197,26465,744.4,365,2.0393955314462900
Delaware,2003,Female,126,31082,405.4,365,1.1106282718359700
Delaware,2003,Male,209,27008,773.8,365,2.120122703369470
Delaware,2004,Female,116,31722,365.7,366,0.9991169872970890
Delaware,2004,Male,239,27553,867.4,366,2.36999769346668
Delaware,2005,Female,118,32443,363.7,365,0.9964789669046530
Delaware,2005,Male,177,28232,626.9,365,1.7176661478085700
Delaware,2006,Female,109,33595,324.5,365,0.8889124482402180
Delaware,2006,Male,177,29185,606.5,365,1.6615778888104000
Delaware,2007,Female,90,34763,258.9,365,0.7093039797076010
Delaware,2007,Male,190,30184,629.5,365,1.7245823787618600
Delaware,2008,Female,99,36523,271.1,366,0.7406067499348040
Delaware,2008,Male,157,31651,496.0,366,1.3552865585096200
Delaware,2009,Female,106,37874,279.9,365,0.7667818527330350
Delaware,2009,Male,179,32886,544.3,365,1.4912453898440400
Delaware,2010,Female,92,38868,236.7,365,0.6484892315543580
Delaware,2010,Male,178,33585,530.0,365,1.4520507157264000
Delaware,2011,Female,101,40474,249.5,365,0.6836792231237910
Delaware,2011,Male,183,34838,525.3,365,1.4391465153387100
Delaware,2012,Female,88,43349,203.0,366,0.5546544521671670
Delaware,2012,Male,190,37693,504.1,366,1.377246923991480
Delaware,2013,Female,118,46184,255.5,365,0.6999992881363170
Delaware,2013,Male,178,39875,446.4,365,1.2229999570575900
Delaware,2014,Female,135,48702,277.2,365,0.7594411188424090
Delaware,2014,Male,201,42153,476.8,365,1.3063955863327600
Delaware,2015,Female,109,51172,213.0,365,0.5835811322330600
Delaware,2015,Male,216,44295,487.6,365,1.3359991464449900
Delaware,2016,Female,122,53548,227.8,366,0.6224944597993080
Delaware,2016,Male,248,46413,534.3,366,1.4599263749710200
Delaware,2017,Female,149,56327,264.5,365,0.7247309071709690
Delaware,2017,Male,275,48220,570.3,365,1.5624733669312500
Delaware,2018,Female,117,58364,200.5,365,0.5492220293425390
Delaware,2018,Male,244,49830,489.7,365,1.3415475630843500
Delaware,2019,Female,131,60846,215.3,365,0.5898565387848680
Delaware,2019,Male,272,52012,523.0,365,1.432756824294500
Delaware,2020,Female,169,64062,263.8,366,0.7207839809556080
Delaware,2020,Male,276,54400,507.4,366,1.3862102217936400
Delaware,2021,Female,169,66146,255.5,365,0.6999874499291520
Delaware,2021,Male,297,57284,518.5,365,1.4204640565201200
Delaware,2022,Female,158,67664,233.5,365,0.6397444909091500
Delaware,2022,Male,289,58539,493.7,365,1.3525697772729400
Delaware,2023,Female,147,70309,209.1,365,0.5728139015309520
Delaware,2023,Male,274,60729,451.2,365,1.2361226621661000
Delaware,2024,Female,158,72708,217.3,366,0.5937365751650960
Delaware,2024,Male,299,62592,477.7,366,1.3051825963547800
Delaware,2025,Female,181,72708,248.9,365,0.6820300530325470
Delaware,2025,Male,342,62592,546.4,365,1.4969745356752700
District of Columbia,1999,Female,130,21208,613.0,365,1.6793869462544500
District of Columbia,1999,Male,180,15353,1172.4,365,3.212080277024080
District of Columbia,2000,Female,159,20816,763.8,366,2.0869822708887200
District of Columbia,2000,Male,168,15103,1112.4,366,3.0392398426976300
District of Columbia,2001,Female,137,20032,683.9,365,1.8737143857499200
District of Columbia,2001,Male,180,14912,1207.1,365,3.3070727262037700
District of Columbia,2002,Female,126,19481,646.8,365,1.7720110849137900
District of Columbia,2002,Male,174,14695,1184.1,365,3.244044428493520
District of Columbia,2003,Female,132,19196,687.6,365,1.883954134280260
District of Columbia,2003,Male,166,14705,1128.9,365,3.092788307024450
District of Columbia,2004,Female,115,18865,609.6,366,1.665558708047840
District of Columbia,2004,Male,159,14704,1081.3,366,2.9544765336520500
District of Columbia,2005,Female,101,18789,537.5,365,1.4727357963016800
District of Columbia,2005,Male,149,14753,1010.0,365,2.767024863296900
District of Columbia,2006,Female,117,18729,624.7,365,1.7115059277349500
District of Columbia,2006,Male,162,14870,1089.4,365,2.9847721347569300
District of Columbia,2007,Female,113,19064,592.7,365,1.6239458723032400
District of Columbia,2007,Male,152,15188,1000.8,365,2.7418906779324700
District of Columbia,2008,Female,102,19672,518.5,366,1.4166761111740700
District of Columbia,2008,Male,144,15472,930.7,366,2.5429331886686900
District of Columbia,2009,Female,99,20203,490.0,365,1.3425376266511300
District of Columbia,2009,Male,158,15967,989.5,365,2.711071036066680
District of Columbia,2010,Female,105,20693,507.4,365,1.390186212133150
District of Columbia,2010,Male,121,16276,743.4,365,2.0367832963570200
District of Columbia,2011,Female,88,21379,411.6,365,1.1277229543522100
District of Columbia,2011,Male,125,16694,748.8,365,2.0514301750608500
District of Columbia,2012,Female,97,22179,437.4,366,1.1949471229738600
District of Columbia,2012,Male,132,17519,753.5,366,2.058654818796270
District of Columbia,2013,Female,97,23067,420.5,365,1.1520935737527000
District of Columbia,2013,Male,164,17949,913.7,365,2.503287472801550
District of Columbia,2014,Female,97,23990,404.3,365,1.1077675058671700
District of Columbia,2014,Male,159,18448,861.9,365,2.36132067625848
District of Columbia,2015,Female,95,24996,380.1,365,1.0412624924097400
District of Columbia,2015,Male,154,19141,804.6,365,2.2042620982141900
District of Columbia,2016,Female,116,25749,450.5,366,1.230882328286080
District of Columbia,2016,Male,178,19810,898.5,366,2.4550166472196200
District of Columbia,2017,Female,118,27367,431.2,365,1.1813047510975900
District of Columbia,2017,Male,173,20852,829.7,365,2.273031856607170
District of Columbia,2018,Female,120,27920,429.8,365,1.1775326765317700
District of Columbia,2018,Male,160,21184,755.3,365,2.069279476886150
District of Columbia,2019,Female,105,28586,367.3,365,1.0063360836658200
District of Columbia,2019,Male,158,21633,730.4,365,2.001001767340490
District of Columbia,2020,Female,134,29389,456.0,366,1.2457729714493000
District of Columbia,2020,Male,195,22168,879.6,366,2.403405292520310
District of Columbia,2021,Female,137,28103,487.5,365,1.3355957219991600
District of Columbia,2021,Male,212,21860,969.8,365,2.657007858226070
District of Columbia,2022,Female,120,27646,434.1,365,1.1892032239299400
District of Columbia,2022,Male,205,21516,952.8,365,2.6103543205820700
District of Columbia,2023,Female,95,27926,340.2,365,0.9320130795772390
District of Columbia,2023,Male,184,21961,837.8,365,2.2954764766681700
District of Columbia,2024,Female,100,28103,355.8,366,0.9722237615765110
District of Columbia,2024,Male,162,22251,728.1,366,1.9892272294264200
District of Columbia,2025,Female,115,28103,409.2,365,1.12112049656864
District of Columbia,2025,Male,164,22251,737.0,365,2.019302811078830
Florida,1999,Female,3241,790418,410.0,365,1.1233868731221400
Florida,1999,Male,5387,672447,801.1,365,2.194805554874810
Florida,2000,Female,3149,783619,401.9,366,1.0979602506590600
Florida,2000,Male,5198,668557,777.5,366,2.124304403715720
Florida,2001,Female,2961,782883,378.2,365,1.0362121501071400
Florida,2001,Male,5042,672913,749.3,365,2.052820889199200
Florida,2002,Female,2784,783322,355.4,365,0.9737243764727620
Florida,2002,Male,4824,677213,712.3,365,1.9515925353122900
Florida,2003,Female,2691,787666,341.6,365,0.9360062183369640
Florida,2003,Male,4520,684340,660.5,365,1.8095627383808700
Florida,2004,Female,2563,796876,321.6,366,0.8787731391630770
Florida,2004,Male,4401,696071,632.3,366,1.7274947762418500
Florida,2005,Female,2377,810581,293.2,365,0.8034149291833000
Florida,2005,Male,4142,709037,584.2,365,1.6004729239065700
Florida,2006,Female,2193,818653,267.9,365,0.7339152459078750
Florida,2006,Male,3970,716524,554.1,365,1.517982974578260
Florida,2007,Female,2118,838351,252.6,365,0.6921611265481160
Florida,2007,Male,3708,732097,506.5,365,1.3876445484121700
Florida,2008,Female,2083,872024,238.9,366,0.6526491049100820
Florida,2008,Male,3882,760918,510.2,366,1.3939159511339200
Florida,2009,Female,2055,902281,227.8,365,0.6239893100155460
Florida,2009,Male,3873,787407,491.9,365,1.3475824959785200
Florida,2010,Female,2019,921839,219.0,365,0.6000512941321720
Florida,2010,Male,3837,806101,476.0,365,1.3040957357853800
Florida,2011,Female,2144,948922,225.9,365,0.6190153250467080
Florida,2011,Male,3833,829510,462.1,365,1.2659726661539600
Florida,2012,Female,2217,1010419,219.4,366,0.5994916019176530
Florida,2012,Male,4064,884366,459.5,366,1.2555689767146200
Florida,2013,Female,2312,1059406,218.2,365,0.5979054843320190
Florida,2013,Male,4269,926519,460.8,365,1.2623476054952900
Florida,2014,Female,2391,1112550,214.9,365,0.5887991489377420
Florida,2014,Male,4509,970151,464.8,365,1.2733507111299400
Florida,2015,Female,2593,1166729,222.2,365,0.6088911468765320
Florida,2015,Male,4771,1014473,470.3,365,1.2884751862999100
Florida,2016,Female,2692,1219649,220.7,366,0.6030580320100790
Florida,2016,Male,4888,1057935,462.0,366,1.2623829684083200
Florida,2017,Female,2707,1258148,215.2,365,0.589472649971576
Florida,2017,Male,5235,1084368,482.8,365,1.3226566768315400
Florida,2018,Female,2871,1290361,222.5,365,0.6095777402337430
Florida,2018,Male,5483,1107541,495.1,365,1.3563306286827500
Florida,2019,Female,2887,1328810,217.3,365,0.5952385247775000
Florida,2019,Male,5454,1136559,479.9,365,1.3147109611929200
Florida,2020,Female,3121,1371149,227.6,366,0.6219107044071490
Florida,2020,Male,5740,1168427,491.3,366,1.3422370511199800
Florida,2021,Female,3267,1374832,237.6,365,0.651038449171015
Florida,2021,Male,6071,1194129,508.4,365,1.3928877627399400
Florida,2022,Female,3139,1382065,227.1,365,0.6222572744407820
Florida,2022,Male,6029,1196096,504.1,365,1.3809767961081800
Florida,2023,Female,3110,1419157,219.1,365,0.6003950193816100
Florida,2023,Male,5895,1228624,479.8,365,1.3145343841164500
Florida,2024,Female,3118,1455827,214.2,366,0.585174315564975
Florida,2024,Male,5756,1260387,456.7,366,1.2477735771857500
Florida,2025,Female,3148,1455827,216.2,365,0.5924232435754090
Florida,2025,Male,6017,1260387,477.4,365,1.3079261771860000
Georgia,1999,Female,1429,241213,592.4,365,1.623075246006930
Georgia,1999,Male,2069,190063,1088.6,365,2.98242853721394
Georgia,2000,Female,1353,243008,556.8,366,1.5212344085278700
Georgia,2000,Male,1959,192687,1016.7,366,2.777799756285290
Georgia,2001,Female,1329,245845,540.6,365,1.4810534647485000
Georgia,2001,Male,1911,197265,968.7,365,2.6541030787804000
Georgia,2002,Female,1273,248467,512.3,365,1.4036758333608500
Georgia,2002,Male,1902,201422,944.3,365,2.5870852757442500
Georgia,2003,Female,1227,252829,485.3,365,1.3296116488284300
Georgia,2003,Male,1833,206811,886.3,365,2.4282643612859900
Georgia,2004,Female,1194,257342,464.0,366,1.2676885552949800
Georgia,2004,Male,1779,212235,838.2,366,2.2902234493391400
Georgia,2005,Female,1150,265691,432.8,365,1.1858455617641700
Georgia,2005,Male,1779,220946,805.2,365,2.205956479293460
Georgia,2006,Female,1096,278809,393.1,365,1.0769880907816500
Georgia,2006,Male,1732,232878,743.7,365,2.0376357918962100
Georgia,2007,Female,1101,289115,380.8,365,1.0433351282930300
Georgia,2007,Male,1702,243218,699.8,365,1.9172157071557800
Georgia,2008,Female,1082,303968,356.0,366,0.9725642676220740
Georgia,2008,Male,1732,257754,672.0,366,1.835952278978590
Georgia,2009,Female,1066,317966,335.3,365,0.9185095089429310
Georgia,2009,Male,1760,270140,651.5,365,1.7849699445543700
Georgia,2010,Female,1009,327366,308.2,365,0.8444320918005640
Georgia,2010,Male,1770,279063,634.3,365,1.7377133724259900
Georgia,2011,Female,1131,343578,329.2,365,0.9018709396370840
Georgia,2011,Male,1726,293484,588.1,365,1.61125210344948
Georgia,2012,Female,1098,370249,296.6,366,0.8102655240122190
Georgia,2012,Male,1831,316686,578.2,366,1.5797137355099900
Georgia,2013,Female,1188,392701,302.5,365,0.8288225699827470
Georgia,2013,Male,2029,336358,603.2,365,1.6526748611863100
Georgia,2014,Female,1255,414664,302.7,365,0.829190902606342
Georgia,2014,Male,2057,354398,580.4,365,1.5901941992776900
Georgia,2015,Female,1340,434645,308.3,365,0.8446508936516760
Georgia,2015,Male,2308,370342,623.2,365,1.7074184594868700
Georgia,2016,Female,1396,454745,307.0,366,0.8387574685314240
Georgia,2016,Male,2391,384580,621.7,366,1.6986808688038600
Georgia,2017,Female,1366,473327,288.6,365,0.7906723583114120
Georgia,2017,Male,2497,397552,628.1,365,1.720805301045140
Georgia,2018,Female,1514,487660,310.5,365,0.8505813897960570
Georgia,2018,Male,2521,407759,618.3,365,1.693855761630890
Georgia,2019,Female,1620,505050,320.8,365,0.8787953993433450
Georgia,2019,Male,2649,420951,629.3,365,1.7240805335004200
Georgia,2020,Female,1786,524229,340.7,366,0.930849193914306
Georgia,2020,Male,2900,435035,666.6,366,1.8213470796049900
Georgia,2021,Female,1842,530527,347.2,365,0.951238173074274
Georgia,2021,Male,3087,449001,687.5,365,1.8836337216566000
Georgia,2022,Female,1940,534397,363.0,365,0.9945917535372930
Georgia,2022,Male,3025,450779,671.1,365,1.8385220324985700
Georgia,2023,Female,1775,547952,323.9,365,0.8874889951364600
Georgia,2023,Male,2897,463510,625.0,365,1.7123657097732200
Georgia,2024,Female,1817,561146,323.8,366,0.8847039583846170
Georgia,2024,Male,2974,475694,625.2,366,1.708174385237000
Georgia,2025,Female,1829,561146,325.9,365,0.8929866566115750
Georgia,2025,Male,3139,475694,659.9,365,1.8078849007975700
Hawaii,1999,Female,164,46843,350.1,365,0.9591936222982100
Hawaii,1999,Male,299,38619,774.2,365,2.121178907252340
Hawaii,2000,Female,160,46840,341.6,366,0.9333016010788970
Hawaii,2000,Male,308,38422,801.6,366,2.1902296982062600
Hawaii,2001,Female,151,46653,323.7,365,0.8867567576297050
Hawaii,2001,Male,260,38187,680.9,365,1.8653698041828000
Hawaii,2002,Female,170,46187,368.1,365,1.0084080469775800
Hawaii,2002,Male,269,38139,705.3,365,1.9323692319407000
Hawaii,2003,Female,125,46079,271.3,365,0.743214378403736
Hawaii,2003,Male,241,38373,628.0,365,1.7206733187468800
Hawaii,2004,Female,134,45987,291.4,366,0.7961385143176010
Hawaii,2004,Male,263,38808,677.7,366,1.851626558886510
Hawaii,2005,Female,131,46383,282.4,365,0.7737837345342930
Hawaii,2005,Male,221,39683,556.9,365,1.5257905200080500
Hawaii,2006,Female,121,46763,258.8,365,0.7089084304152180
Hawaii,2006,Male,216,40417,534.4,365,1.46418789597894
Hawaii,2007,Female,115,47321,243.0,365,0.6658111475891990
Hawaii,2007,Male,228,41607,548.0,365,1.501327983864680
Hawaii,2008,Female,121,48798,248.0,366,0.6774890218783040
Hawaii,2008,Male,232,43580,532.4,366,1.4545199206534300
Hawaii,2009,Female,118,51109,230.9,365,0.6325454836386480
Hawaii,2009,Male,234,45957,509.2,365,1.39499073135966
Hawaii,2010,Female,89,52534,169.4,365,0.4641482019993840
Hawaii,2010,Male,234,47989,487.6,365,1.3359225872824200
Hawaii,2011,Female,122,54918,222.1,365,0.6086284557749110
Hawaii,2011,Male,259,50524,512.6,365,1.4044593482224100
Hawaii,2012,Female,122,58118,209.9,366,0.5735457746882780
Hawaii,2012,Male,256,54029,473.8,366,1.2945891130921700
Hawaii,2013,Female,141,62350,226.1,365,0.6195691577594450
Hawaii,2013,Male,286,58187,491.5,365,1.3466266414072200
Hawaii,2014,Female,125,65459,191.0,365,0.5231759627013210
Hawaii,2014,Male,271,61238,442.5,365,1.212426521807800
Hawaii,2015,Female,160,68882,232.3,365,0.6363871031380650
Hawaii,2015,Male,288,64390,447.3,365,1.2254093739562200
Hawaii,2016,Female,153,71866,212.9,366,0.5816836708391250
Hawaii,2016,Male,300,67144,446.8,366,1.2207675014112100
Hawaii,2017,Female,156,74887,208.3,365,0.570722902872291
Hawaii,2017,Male,326,70049,465.4,365,1.2750370239853600
Hawaii,2018,Female,150,77104,194.5,365,0.5329929758632360
Hawaii,2018,Male,340,71829,473.3,365,1.2968395067661600
Hawaii,2019,Female,134,78914,169.8,365,0.46521946381026500
Hawaii,2019,Male,334,73178,456.4,365,1.2504693940128000
Hawaii,2020,Female,161,80338,200.4,366,0.5475499892734620
Hawaii,2020,Male,383,74368,515.0,366,1.4071214600791900
Hawaii,2021,Female,130,73259,177.5,365,0.4861715059742060
Hawaii,2021,Male,309,68670,450.0,365,1.2328168668497900
Hawaii,2022,Female,127,73327,173.2,365,0.474511715301938
Hawaii,2022,Male,329,68621,479.4,365,1.313548131058570
Hawaii,2023,Female,113,75023,150.6,365,0.41265883941709900
Hawaii,2023,Male,312,69938,446.1,365,1.2222175649117000
Hawaii,2024,Female,150,74909,200.2,366,0.5471119165571170
Hawaii,2024,Male,312,70096,445.1,366,1.216130758379140
Hawaii,2025,Female,125,74909,166.9,365,0.45717571109567300
Hawaii,2025,Male,292,70096,416.6,365,1.141291942478890
Idaho,1999,Female,140,39564,353.9,365,0.9694713472743310
Idaho,1999,Male,299,35800,835.2,365,2.2882069334965900
Idaho,2000,Female,155,39740,390.0,366,1.0656700245585400
Idaho,2000,Male,269,36230,742.5,366,2.0286300789280400
Idaho,2001,Female,150,40397,371.3,365,1.0173005522924700
Idaho,2001,Male,263,36922,712.3,365,1.9515409382088700
Idaho,2002,Female,148,40958,361.3,365,0.9899884077708740
Idaho,2002,Male,253,38029,665.3,365,1.8226897497475800
Idaho,2003,Female,125,41795,299.1,365,0.8193940744698110
Idaho,2003,Male,254,39007,651.2,365,1.7840141794008900
Idaho,2004,Female,139,43032,323.0,366,0.882555820703261
Idaho,2004,Male,241,40469,595.5,366,1.6270971493122900
Idaho,2005,Female,126,44497,283.2,365,0.7757949512372850
Idaho,2005,Male,221,42277,522.7,365,1.432172226162680
Idaho,2006,Female,122,46614,261.7,365,0.7170519057417640
Idaho,2006,Male,228,44864,508.2,365,1.3923358020831300
Idaho,2007,Female,130,48597,267.5,365,0.7328937662029420
Idaho,2007,Male,243,47061,516.4,365,1.4146605993445400
Idaho,2008,Female,137,51357,266.8,366,0.7288528143986420
Idaho,2008,Male,210,49857,421.2,366,1.150832364168080
Idaho,2009,Female,111,54014,205.5,365,0.5630199374997150
Idaho,2009,Male,249,52119,477.8,365,1.3089118763251700
Idaho,2010,Female,137,55738,245.8,365,0.673404976413622
Idaho,2010,Male,264,53796,490.7,365,1.3445008387851800
Idaho,2011,Female,127,58482,217.2,365,0.5949611940074760
Idaho,2011,Male,265,56524,468.8,365,1.28445863219212
Idaho,2012,Female,134,62617,214.0,366,0.5846977954536870
Idaho,2012,Male,281,60726,462.7,366,1.2643012265611600
Idaho,2013,Female,145,66593,217.7,365,0.5965495982649870
Idaho,2013,Male,277,64618,428.7,365,1.1744469181792100
Idaho,2014,Female,152,70476,215.7,365,0.590893859135569
Idaho,2014,Male,279,68217,409.0,365,1.1205177032760700
Idaho,2015,Female,156,74169,210.3,365,0.5762478397632060
Idaho,2015,Male,288,71575,402.4,365,1.1023976191273600
Idaho,2016,Female,171,78430,218.0,366,0.5957071461865340
Idaho,2016,Male,342,75310,454.1,366,1.2407731104875800
Idaho,2017,Female,170,82215,206.8,365,0.5665066285441030
Idaho,2017,Male,372,78637,473.1,365,1.2960541248925800
Idaho,2018,Female,178,85987,207.0,365,0.5671453043793970
Idaho,2018,Male,380,82254,462.0,365,1.2657085253130000
Idaho,2019,Female,182,89876,202.5,365,0.5547978737219070
Idaho,2019,Male,357,85990,415.2,365,1.1374371342956400
Idaho,2020,Female,195,95413,204.4,366,0.5584007265738440
Idaho,2020,Male,380,90529,419.8,366,1.1468715727780300
Idaho,2021,Female,241,99263,242.8,365,0.6651763220965920
Idaho,2021,Male,428,95811,446.7,365,1.223870682621020
Idaho,2022,Female,232,100599,230.6,365,0.631831766077361
Idaho,2022,Male,422,96429,437.6,365,1.1989799578567100
Idaho,2023,Female,219,103795,211.0,365,0.5780625270966810
Idaho,2023,Male,402,98742,407.1,365,1.115401615334610
Idaho,2024,Female,202,106816,189.1,366,0.5166946602625180
Idaho,2024,Male,442,101041,437.4,366,1.195208156316790
Idaho,2025,Female,194,106816,181.6,365,0.4975910437715970
Idaho,2025,Male,436,101041,431.5,365,1.1822137032939200
Illinois,1999,Female,2252,432841,520.3,365,1.425434054005660
Illinois,1999,Male,3574,345235,1035.2,365,2.836265390796940
Illinois,2000,Female,2132,428526,497.5,366,1.3593426331242100
Illinois,2000,Male,3174,343721,923.4,366,2.523014639065110
Illinois,2001,Female,2000,423024,472.8,365,1.295305243861940
Illinois,2001,Male,2935,341749,858.8,365,2.3529244827083500
Illinois,2002,Female,1912,417937,457.5,365,1.2533841618195000
Illinois,2002,Male,2892,340415,849.6,365,2.327537761624160
Illinois,2003,Female,1782,417501,426.8,365,1.1693844519706300
Illinois,2003,Male,2821,341794,825.4,365,2.2612354585767100
Illinois,2004,Female,1725,418151,412.5,366,1.1271322450737600
Illinois,2004,Male,2503,343477,728.7,366,1.9910497105214200
Illinois,2005,Female,1609,417608,385.3,365,1.0555878187396300
Illinois,2005,Male,2429,344746,704.6,365,1.93034713109012
Illinois,2006,Female,1476,418639,352.6,365,0.9659481358493490
Illinois,2006,Male,2364,347761,679.8,365,1.86240329673745
Illinois,2007,Female,1339,426809,313.7,365,0.8595163529084280
Illinois,2007,Male,2330,356928,652.8,365,1.7884732057545500
Illinois,2008,Female,1443,441079,327.2,366,0.893858685364679
Illinois,2008,Male,2340,370912,630.9,366,1.7237087565112000
Illinois,2009,Female,1429,453021,315.4,365,0.8642134676208580
Illinois,2009,Male,2284,382580,597.0,365,1.6356145764481500
Illinois,2010,Female,1354,460236,294.2,365,0.8060188775097760
Illinois,2010,Male,2286,389299,587.2,365,1.6087926500273900
Illinois,2011,Female,1397,471579,296.2,365,0.8116131677351990
Illinois,2011,Male,2294,401366,571.5,365,1.5658853781459600
Illinois,2012,Female,1363,497536,274.0,366,0.7484973380513160
Illinois,2012,Male,2391,425963,561.3,366,1.5336512526313100
Illinois,2013,Female,1375,518308,265.3,365,0.726811719609042
Illinois,2013,Male,2437,446471,545.8,365,1.4954414348898600
Illinois,2014,Female,1612,537595,299.9,365,0.8215177514977600
Illinois,2014,Male,2596,464527,558.8,365,1.5310905000405300
Illinois,2015,Female,1588,556422,285.4,365,0.7819038304572520
Illinois,2015,Male,2690,482407,557.6,365,1.5277272124365200
Illinois,2016,Female,1561,574543,271.7,366,0.7423338762119410
Illinois,2016,Male,2740,498300,549.9,366,1.5023758374100400
Illinois,2017,Female,1688,597396,282.6,365,0.7741360059736880
Illinois,2017,Male,2917,519593,561.4,365,1.538084774413400
Illinois,2018,Female,1629,610365,266.9,365,0.7312040661948400
Illinois,2018,Male,2940,531888,552.7,365,1.514377936811500
Illinois,2019,Female,1677,628221,266.9,365,0.7313541807652410
Illinois,2019,Male,3045,547812,555.8,365,1.5228702097479900
Illinois,2020,Female,1942,647539,299.9,366,0.8194117927973060
Illinois,2020,Male,3448,564202,611.1,366,1.6697503779359900
Illinois,2021,Female,1909,661532,288.6,365,0.7906098248159380
Illinois,2021,Male,3430,589213,582.1,365,1.594883390891340
Illinois,2022,Female,1865,662495,281.5,365,0.7712645440487690
Illinois,2022,Male,3569,589304,605.6,365,1.6592594300701900
Illinois,2023,Female,1837,677786,271.0,365,0.7425465725654950
Illinois,2023,Male,3374,604274,558.4,365,1.5297424043461000
Illinois,2024,Female,1882,690784,272.4,366,0.74438268731358
Illinois,2024,Male,3310,616876,536.6,366,1.4660508508994600
Illinois,2025,Female,1920,690784,277.9,365,0.7614933137714160
Illinois,2025,Male,3333,616876,540.3,365,1.4802823986206400
Indiana,1999,Female,1299,220238,589.8,365,1.615935537731470
Indiana,1999,Male,1853,176842,1047.8,365,2.8707616566014400
Indiana,2000,Female,1207,218541,552.3,366,1.5090139642677000
Indiana,2000,Male,1695,176852,958.4,366,2.618657148906210
Indiana,2001,Female,1046,216167,483.9,365,1.32571272426297
Indiana,2001,Male,1603,176859,906.4,365,2.483210253319200
Indiana,2002,Female,1037,214263,484.0,365,1.3259853033006000
Indiana,2002,Male,1591,176316,902.4,365,2.47221131921609
Indiana,2003,Female,1010,214476,470.9,365,1.290178522385360
Indiana,2003,Male,1556,177564,876.3,365,2.4008322062074200
Indiana,2004,Female,928,215019,431.6,366,1.179207012256150
Indiana,2004,Male,1385,179451,771.8,366,2.1087388788385000
Indiana,2005,Female,968,215815,448.5,365,1.228855637708480
Indiana,2005,Male,1315,181789,723.4,365,1.9818249322166900
Indiana,2006,Female,870,219124,397.0,365,1.0877684068543900
Indiana,2006,Male,1420,185820,764.2,365,2.093644903080460
Indiana,2007,Female,800,223926,357.3,365,0.9787969337717850
Indiana,2007,Male,1273,191028,666.4,365,1.8257382335975400
Indiana,2008,Female,738,231416,318.9,366,0.871328448604656
Indiana,2008,Male,1257,199194,631.0,366,1.724161485540830
Indiana,2009,Female,783,237903,329.1,365,0.901714345532446
Indiana,2009,Male,1294,205591,629.4,365,1.7243972155649100
Indiana,2010,Female,781,242155,322.5,365,0.8836183549368220
Indiana,2010,Male,1286,210180,611.9,365,1.6763191889013600
Indiana,2011,Female,794,248234,319.9,365,0.8763273627921340
Indiana,2011,Male,1295,216555,598.0,365,1.6383575560386300
Indiana,2012,Female,875,263283,332.3,366,0.9080382639645030
Indiana,2012,Male,1364,230271,592.3,366,1.6184304390410200
Indiana,2013,Female,859,274023,313.5,365,0.8588420160111550
Indiana,2013,Male,1392,240500,578.8,365,1.585737476148440
Indiana,2014,Female,839,285392,294.0,365,0.805429071938352
Indiana,2014,Male,1438,250719,573.6,365,1.5713711475385800
Indiana,2015,Female,937,296025,316.5,365,0.8671981378840410
Indiana,2015,Male,1536,260667,589.3,365,1.614404269847040
Indiana,2016,Female,939,306355,306.5,366,0.837451247896004
Indiana,2016,Male,1573,270023,582.5,366,1.5916474550872600
Indiana,2017,Female,1023,317937,321.8,365,0.8815393383051980
Indiana,2017,Male,1702,281007,605.7,365,1.6593941427189100
Indiana,2018,Female,1002,326700,306.7,365,0.8402832811301060
Indiana,2018,Male,1756,288881,607.9,365,1.665377405959410
Indiana,2019,Female,1054,337651,312.2,365,0.8552236578232290
Indiana,2019,Male,1703,299086,569.4,365,1.560003953597810
Indiana,2020,Female,1073,349638,306.9,366,0.8384940964858050
Indiana,2020,Male,1961,309244,634.1,366,1.7325876968567700
Indiana,2021,Female,1202,355920,337.7,365,0.9252502486321380
Indiana,2021,Male,2108,321154,656.4,365,1.7983093673917900
Indiana,2022,Female,1165,358362,325.1,365,0.8906582790356700
Indiana,2022,Male,2042,324012,630.2,365,1.7266399231958100
Indiana,2023,Female,1095,366779,298.5,365,0.8179312337947380
Indiana,2023,Male,1971,331246,595.0,365,1.6302083647802500
Indiana,2024,Female,1155,374200,308.7,366,0.8433291568460800
Indiana,2024,Male,2082,337389,617.1,366,1.6860432883597100
Indiana,2025,Female,1178,374200,314.8,365,0.8624792250865770
Indiana,2025,Male,2102,337389,623.0,365,1.7069033399396700
Iowa,1999,Female,492,116526,422.2,365,1.1567763464629800
Iowa,1999,Male,849,96751,877.5,365,2.4041378355368700
Iowa,2000,Female,479,115544,414.6,366,1.1326794722347400
Iowa,2000,Male,790,96391,819.6,366,2.2392857687493600
Iowa,2001,Female,430,113871,377.6,365,1.03457613596159
Iowa,2001,Male,766,95508,802.0,365,2.197334398151260
Iowa,2002,Female,421,112661,373.7,365,1.0238011889955200
Iowa,2002,Male,711,94710,750.7,365,2.0567471285814100
Iowa,2003,Female,381,111886,340.5,365,0.9329456915417090
Iowa,2003,Male,649,94479,686.9,365,1.8819866761722900
Iowa,2004,Female,361,111623,323.4,366,0.8836340161205200
Iowa,2004,Male,598,94762,631.1,366,1.7241930113555700
Iowa,2005,Female,348,111273,312.7,365,0.8568337849561410
Iowa,2005,Male,575,95691,600.9,365,1.6462807011667000
Iowa,2006,Female,308,111904,275.2,365,0.7540710041091970
Iowa,2006,Male,587,96745,606.7,365,1.6623279529507400
Iowa,2007,Female,324,112951,286.9,365,0.7858905480046320
Iowa,2007,Male,543,99020,548.4,365,1.502394700945980
Iowa,2008,Female,339,115483,293.5,366,0.8020483605350760
Iowa,2008,Male,597,101833,586.3,366,1.6017867891386900
Iowa,2009,Female,292,117817,247.8,365,0.6790191568279620
Iowa,2009,Male,602,104381,576.7,365,1.5800912699563600
Iowa,2010,Female,352,118874,296.1,365,0.8112653411543610
Iowa,2010,Male,573,105782,541.7,365,1.4840549561349100
Iowa,2011,Female,320,120452,265.7,365,0.7278520313212930
Iowa,2011,Male,556,107898,515.3,365,1.4117848998432600
Iowa,2012,Female,312,126388,246.9,366,0.6744778114959040
Iowa,2012,Male,578,114156,506.3,366,1.3834007609565800
Iowa,2013,Female,343,131046,261.7,365,0.7170963077066530
Iowa,2013,Male,641,119229,537.6,365,1.4729339200711600
Iowa,2014,Female,341,135768,251.2,365,0.688119862811904
Iowa,2014,Male,612,124180,492.8,365,1.3502273544589500
Iowa,2015,Female,350,140730,248.7,365,0.6813786041277920
Iowa,2015,Male,636,129726,490.3,365,1.3431893016239300
Iowa,2016,Female,359,145964,246.0,366,0.6719974219258790
Iowa,2016,Male,699,135082,517.5,366,1.4138346082925700
Iowa,2017,Female,425,151087,281.3,365,0.7706709125496140
Iowa,2017,Male,669,140424,476.4,365,1.3052446250845800
Iowa,2018,Female,377,155752,242.1,365,0.6631547025584050
Iowa,2018,Male,782,145121,538.9,365,1.4763306161235500
Iowa,2019,Female,411,161188,255.0,365,0.6985801655584000
Iowa,2019,Male,822,150259,547.1,365,1.4987819661521400
Iowa,2020,Female,455,167265,272.0,366,0.7432334313258030
Iowa,2020,Male,884,156084,566.4,366,1.5474363461008700
Iowa,2021,Female,500,171545,291.5,365,0.7985444132435400
Iowa,2021,Male,954,163023,585.2,365,1.6032698638455800
Iowa,2022,Female,492,171958,286.1,365,0.7838804856298940
Iowa,2022,Male,946,163864,577.3,365,1.5816657849911000
Iowa,2023,Female,475,176411,269.3,365,0.7376920163786270
Iowa,2023,Male,954,167871,568.3,365,1.5569685235311600
Iowa,2024,Female,469,179784,260.9,366,0.7127557318934510
Iowa,2024,Male,947,171298,552.8,366,1.510485641390480
Iowa,2025,Female,547,179784,304.3,365,0.8335725854282370
Iowa,2025,Male,985,171298,575.0,365,1.5754008435511800
Kansas,1999,Female,412,96854,425.4,365,1.1654316014699100
Kansas,1999,Male,696,80409,865.6,365,2.3714376687541100
Kansas,2000,Female,430,95966,448.1,366,1.2242496175501100
Kansas,2000,Male,644,79950,805.5,366,2.2008290700813700
Kansas,2001,Female,384,94469,406.5,365,1.1136508214552400
Kansas,2001,Male,609,79444,766.6,365,2.1002129181372200
Kansas,2002,Female,363,93270,389.2,365,1.06628127795133
Kansas,2002,Male,608,78903,770.6,365,2.1111407990286000
Kansas,2003,Female,321,92786,346.0,365,0.9478283952261340
Kansas,2003,Male,544,78712,691.1,365,1.8934990330624400
Kansas,2004,Female,317,92561,342.5,366,0.9357291068368270
Kansas,2004,Male,487,79199,614.9,366,1.6800730980140800
Kansas,2005,Female,294,92505,317.8,365,0.8707415297062800
Kansas,2005,Male,481,79622,604.1,365,1.6550805294743700
Kansas,2006,Female,306,93163,328.5,365,0.8998810304343590
Kansas,2006,Male,466,80513,578.8,365,1.5857219688337600
Kansas,2007,Female,274,94370,290.3,365,0.7954698860939380
Kansas,2007,Male,458,82032,558.3,365,1.5296402873853400
Kansas,2008,Female,296,96634,306.3,366,0.8369136840024290
Kansas,2008,Male,459,84898,540.6,366,1.4771824550115900
Kansas,2009,Female,257,99275,258.9,365,0.7092516636022120
Kansas,2009,Male,441,87605,503.4,365,1.3791669175072100
Kansas,2010,Female,224,101009,221.8,365,0.6075682663297200
Kansas,2010,Male,462,89380,516.9,365,1.4161483829240700
Kansas,2011,Female,244,103326,236.1,365,0.6469747698400510
Kansas,2011,Male,449,91934,488.4,365,1.3380653363297300
Kansas,2012,Female,270,109101,247.5,366,0.6761669627526670
Kansas,2012,Male,503,97729,514.7,366,1.4062529442547400
Kansas,2013,Female,285,113629,250.8,365,0.6871678161457190
Kansas,2013,Male,472,102915,458.6,365,1.2565230383632200
Kansas,2014,Female,281,118115,237.9,365,0.6517910626919780
Kansas,2014,Male,559,107468,520.2,365,1.4250817446263700
Kansas,2015,Female,269,122891,218.9,365,0.5997073027071660
Kansas,2015,Male,565,112377,502.8,365,1.377457313755890
Kansas,2016,Female,302,127846,236.2,366,0.6454144924533090
Kansas,2016,Male,594,117150,507.0,366,1.385361348418380
Kansas,2017,Female,341,133006,256.4,365,0.70240934645239
Kansas,2017,Male,634,122051,519.5,365,1.4231643340651600
Kansas,2018,Female,343,136902,250.5,365,0.686422424359951
Kansas,2018,Male,670,125955,531.9,365,1.45735892847141
Kansas,2019,Female,381,142043,268.2,365,0.7348729725775690
Kansas,2019,Male,721,130193,553.8,365,1.5172416840793500
Kansas,2020,Female,425,147299,288.5,366,0.7883299858059800
Kansas,2020,Male,750,135159,554.9,366,1.5161256948252400
Kansas,2021,Female,413,150716,274.0,365,0.7507542990227110
Kansas,2021,Male,828,140618,588.8,365,1.613230987985130
Kansas,2022,Female,465,151475,307.0,365,0.8410447946788090
Kansas,2022,Male,838,141069,594.0,365,1.6274946380557800
Kansas,2023,Female,383,155761,245.9,365,0.6736699613466470
Kansas,2023,Male,739,143819,513.8,365,1.40778167992169
Kansas,2024,Female,406,158943,255.4,366,0.6979166226171260
Kansas,2024,Male,718,146578,489.8,366,1.3383649892069600
Kansas,2025,Female,407,158943,256.1,365,0.7015524390194500
Kansas,2025,Male,794,146578,541.7,365,1.48408524181898
Kentucky,1999,Female,930,151598,613.5,365,1.6807248152874400
Kentucky,1999,Male,1461,122420,1193.4,365,3.269677933366610
Kentucky,2000,Female,935,151145,618.6,366,1.6901947194701600
Kentucky,2000,Male,1337,122798,1088.8,366,2.974808599880190
Kentucky,2001,Female,873,150751,579.1,365,1.5865770853379500
Kentucky,2001,Male,1232,123599,996.8,365,2.7308816946362200
Kentucky,2002,Female,847,150023,564.6,365,1.5467947882694500
Kentucky,2002,Male,1330,124071,1072.0,365,2.936895500510480
Kentucky,2003,Female,762,151159,504.1,365,1.3811094495707900
Kentucky,2003,Male,1143,125708,909.3,365,2.491095912205320
Kentucky,2004,Female,693,152619,454.1,366,1.2406336189798300
Kentucky,2004,Male,1170,128062,913.6,366,2.4962294134680200
Kentucky,2005,Female,758,154669,490.1,365,1.3426816807292500
Kentucky,2005,Male,1118,130872,854.3,365,2.3404652627224600
Kentucky,2006,Female,715,158043,452.4,365,1.239475402003910
Kentucky,2006,Male,1078,134543,801.2,365,2.195152967849870
Kentucky,2007,Female,666,161637,412.0,365,1.1288612967616200
Kentucky,2007,Male,1039,138817,748.5,365,2.0505956348759500
Kentucky,2008,Female,660,166792,395.7,366,1.0811541851675100
Kentucky,2008,Male,1095,144387,758.4,366,2.072072470990130
Kentucky,2009,Female,656,171024,383.6,365,1.0508819077863900
Kentucky,2009,Male,1110,148690,746.5,365,2.0452591905380000
Kentucky,2010,Female,670,173737,385.6,365,1.0565489437230800
Kentucky,2010,Male,1031,151577,680.2,365,1.8635132864792000
Kentucky,2011,Female,656,178361,367.8,365,1.0076531719224500
Kentucky,2011,Male,1122,156185,718.4,365,1.9681612208212900
Kentucky,2012,Female,671,189118,354.8,366,0.9694123950831400
Kentucky,2012,Male,1180,166180,710.1,366,1.9400912960927900
Kentucky,2013,Female,692,196655,351.9,365,0.9640692639184890
Kentucky,2013,Male,1216,173473,701.0,365,1.920475722051890
Kentucky,2014,Female,770,204672,376.2,365,1.0307169720801500
Kentucky,2014,Male,1217,180715,673.4,365,1.8450303380142600
Kentucky,2015,Female,772,211674,364.7,365,0.9992103390830640
Kentucky,2015,Male,1304,187192,696.6,365,1.9085231952893400
Kentucky,2016,Female,798,218480,365.3,366,0.9979530706940950
Kentucky,2016,Male,1403,193207,726.2,366,1.984055098072710
Kentucky,2017,Female,855,225910,378.5,365,1.0369021970805400
Kentucky,2017,Male,1357,199483,680.3,365,1.8637218305209400
Kentucky,2018,Female,899,231403,388.5,365,1.0643827861480300
Kentucky,2018,Male,1475,203802,723.7,365,1.9828538927051500
Kentucky,2019,Female,806,238221,338.3,365,0.9269624332372850
Kentucky,2019,Male,1507,209655,718.8,365,1.9693148855441900
Kentucky,2020,Female,935,246242,379.7,366,1.037452915726470
Kentucky,2020,Male,1576,216120,729.2,366,1.9924166800674400
Kentucky,2021,Female,1045,249969,418.1,365,1.14534750254237
Kentucky,2021,Male,1697,222961,761.1,365,2.085259336158860
Kentucky,2022,Female,1034,250443,412.9,365,1.1311462936990700
Kentucky,2022,Male,1681,222865,754.3,365,2.0664884356246100
Kentucky,2023,Female,924,254802,362.6,365,0.9935192225002430
Kentucky,2023,Male,1602,226072,708.6,365,1.941435071963980
Kentucky,2024,Female,1022,258429,395.5,366,1.0805094346129700
Kentucky,2024,Male,1641,229246,715.8,366,1.9558057969940800
Kentucky,2025,Female,1018,258429,393.9,365,1.0792291483890800
Kentucky,2025,Male,1693,229246,738.5,365,2.0233095296683700
Louisiana,1999,Female,1013,158779,638.0,365,1.747927916004900
Louisiana,1999,Male,1394,124854,1116.5,365,3.0589152787990600
Louisiana,2000,Female,927,158122,586.3,366,1.6017928468182200
Louisiana,2000,Male,1346,124803,1078.5,366,2.9467205342942900
Louisiana,2001,Female,857,156841,546.4,365,1.49702259325014
Louisiana,2001,Male,1217,124905,974.3,365,2.6694260240522500
Louisiana,2002,Female,842,156044,539.6,365,1.4783325953375300
Louisiana,2002,Male,1226,125371,977.9,365,2.679171506639530
Louisiana,2003,Female,848,156180,543.0,365,1.4875705411914900
Louisiana,2003,Male,1218,126678,961.5,365,2.634227175492090
Louisiana,2004,Female,812,156689,518.2,366,1.4159125624470600
Louisiana,2004,Male,1148,127780,898.4,366,2.4546971528078900
Louisiana,2005,Female,750,158022,474.6,365,1.3003218036399600
Louisiana,2005,Male,1144,129788,881.4,365,2.4148970439042600
Louisiana,2006,Female,678,152425,444.8,365,1.2186545819749700
Louisiana,2006,Male,1050,127093,826.2,365,2.2634703160418900
Louisiana,2007,Female,673,155441,433.0,365,1.1861964452354000
Louisiana,2007,Male,1004,130325,770.4,365,2.110634898528180
Louisiana,2008,Female,667,160689,415.1,366,1.1341189325869800
Louisiana,2008,Male,1004,135103,743.1,366,2.0304281910150800
Louisiana,2009,Female,699,165449,422.5,365,1.1574977746318700
Louisiana,2009,Male,1108,140115,790.8,365,2.1665178163338400
Louisiana,2010,Female,666,168743,394.7,365,1.0813233937091200
Louisiana,2010,Male,1100,143251,767.9,365,2.1037888951120700
Louisiana,2011,Female,704,173951,404.7,365,1.1087991004867300
Louisiana,2011,Male,1080,147963,729.9,365,1.9997594733744500
Louisiana,2012,Female,726,184160,394.2,366,1.0771104242924900
Louisiana,2012,Male,1165,157496,739.7,366,2.0210418736282900
Louisiana,2013,Female,774,190752,405.8,365,1.11167796154456
Louisiana,2013,Male,1193,164406,725.6,365,1.988061962875400
Louisiana,2014,Female,788,199012,396.0,365,1.0848110212394400
Louisiana,2014,Male,1269,171720,739.0,365,2.024640303265270
Louisiana,2015,Female,799,207108,385.8,365,1.0569563203210000
Louisiana,2015,Male,1310,178863,732.4,365,2.006586659001810
Louisiana,2016,Female,862,215742,399.6,366,1.0916702620864700
Louisiana,2016,Male,1369,186167,735.4,366,2.0091837750352900
Louisiana,2017,Female,865,223518,387.0,365,1.0602560034085100
Louisiana,2017,Male,1446,192901,749.6,365,2.0537186617054500
Louisiana,2018,Female,901,229691,392.3,365,1.074701730013340
Louisiana,2018,Male,1469,198255,741.0,365,2.030040873746730
Louisiana,2019,Female,917,237804,385.6,365,1.0564703567321400
Louisiana,2019,Male,1438,204730,702.4,365,1.9243520868447500
Louisiana,2020,Female,1021,246268,414.6,366,1.1327567878647600
Louisiana,2020,Male,1703,212014,803.2,366,2.1946689673704900
Louisiana,2021,Female,1056,248984,424.1,365,1.1619825711417200
Louisiana,2021,Male,1742,218687,796.6,365,2.182389780703030
Louisiana,2022,Female,1071,249195,429.8,365,1.177490148414880
Louisiana,2022,Male,1727,217805,792.9,365,2.1723591512201600
Louisiana,2023,Female,1016,253572,400.7,365,1.0977401463235800
Louisiana,2023,Male,1677,221155,758.3,365,2.077511495532640
Louisiana,2024,Female,1067,257686,414.1,366,1.1313383522768400
Louisiana,2024,Male,1782,224437,794.0,366,2.169362653669580
Louisiana,2025,Female,1028,257686,398.9,365,1.0929729811337800
Louisiana,2025,Male,1750,224437,779.7,365,2.136243376958880
Maine,1999,Female,242,52176,463.8,365,1.2707254266906900
Maine,1999,Male,373,43798,851.6,365,2.333252222063060
Maine,2000,Female,200,52062,384.2,366,1.0496102482265300
Maine,2000,Male,356,44134,806.6,366,2.203918964128370
Maine,2001,Female,197,51735,380.8,365,1.0432512368749600
Maine,2001,Male,313,44488,703.6,365,1.9275630430123700
Maine,2002,Female,196,51513,380.5,365,1.0424287099758600
Maine,2002,Male,323,44833,720.5,365,1.9738395977278200
Maine,2003,Female,171,51548,331.7,365,0.9088483562600520
Maine,2003,Male,302,45101,669.6,365,1.834543048433460
Maine,2004,Female,159,51643,307.9,366,0.8412102889224030
Maine,2004,Male,277,45516,608.6,366,1.6627792448653100
Maine,2005,Female,159,51916,306.3,365,0.839079355798144
Maine,2005,Male,287,45942,624.7,365,1.7115087933982300
Maine,2006,Female,142,52447,270.7,365,0.7417795029084810
Maine,2006,Male,259,46900,552.2,365,1.5129830300552000
Maine,2007,Female,130,53413,243.4,365,0.6668121685013830
Maine,2007,Male,276,48176,572.9,365,1.5695873122750800
Maine,2008,Female,115,55760,206.2,366,0.5635000901600150
Maine,2008,Male,277,50222,551.6,366,1.5069702542568900
Maine,2009,Female,133,57707,230.5,365,0.6314373674664000
Maine,2009,Male,236,52322,451.1,365,1.2357619021936300
Maine,2010,Female,128,58985,217.0,365,0.5945323921452050
Maine,2010,Male,258,53666,480.8,365,1.317126886797030
Maine,2011,Female,140,60902,229.9,365,0.6298013921309920
Maine,2011,Male,240,55811,430.0,365,1.1781445352624800
Maine,2012,Female,107,65272,163.9,366,0.44789454402493600
Maine,2012,Male,234,60419,387.3,366,1.0581841180673
Maine,2013,Female,142,68939,206.0,365,0.5643265726082640
Maine,2013,Male,277,64431,429.9,365,1.177855550261580
Maine,2014,Female,141,72610,194.2,365,0.532022269471166
Maine,2014,Male,269,67766,397.0,365,1.0875458214589400
Maine,2015,Female,171,75612,226.2,365,0.6196015853104420
Maine,2015,Male,338,70801,477.4,365,1.30792982762994
Maine,2016,Female,176,78904,223.1,366,0.609442255069313
Maine,2016,Male,372,73427,506.6,366,1.3842230278003300
Maine,2017,Female,152,82294,184.7,365,0.5060373249135820
Maine,2017,Male,334,76226,438.2,365,1.2004676792048400
Maine,2018,Female,163,84981,191.8,365,0.5255002205972550
Maine,2018,Male,334,78386,426.1,365,1.167387662529900
Maine,2019,Female,165,88114,187.3,365,0.5130340178865430
Maine,2019,Male,364,80965,449.6,365,1.2317177471408700
Maine,2020,Female,184,91480,201.1,366,0.5495542637048080
Maine,2020,Male,357,83888,425.6,366,1.1627525224890000
Maine,2021,Female,208,94287,220.6,365,0.6043919243359430
Maine,2021,Male,386,87482,441.2,365,1.20885924713123
Maine,2022,Female,227,95564,237.5,365,0.6507867065204240
Maine,2022,Male,434,88145,492.4,365,1.3489603447619400
Maine,2023,Female,208,98620,210.9,365,0.5778371665976780
Maine,2023,Male,406,90266,449.8,365,1.232278783953300
Maine,2024,Female,186,100394,185.3,366,0.506202284311289
Maine,2024,Male,430,91240,471.3,366,1.2876626347853400
Maine,2025,Female,224,100394,223.1,365,0.6112901469579720
Maine,2025,Male,414,91240,453.7,365,1.243146180778680
Maryland,1999,Female,919,178319,515.4,365,1.41196856149826
Maryland,1999,Male,1335,143252,931.9,365,2.5532168811432600
Maryland,2000,Female,916,177294,516.7,366,1.411628278699310
Maryland,2000,Male,1326,143991,920.9,366,2.5160953251745800
Maryland,2001,Female,868,177305,489.6,365,1.3412380879167700
Maryland,2001,Male,1288,145471,885.4,365,2.4257529839539600
Maryland,2002,Female,811,177342,457.3,365,1.2528999380965500
Maryland,2002,Male,1144,146260,782.2,365,2.1429280564354300
Maryland,2003,Female,813,177903,457.0,365,1.2520290609343100
Maryland,2003,Male,1160,148234,782.5,365,2.143963052862920
Maryland,2004,Female,749,179254,417.8,366,1.1416470970978000
Maryland,2004,Male,1056,149996,704.0,366,1.923548562387890
Maryland,2005,Female,721,180874,398.6,365,1.092109681741670
Maryland,2005,Male,1027,151880,676.2,365,1.8525800830504300
Maryland,2006,Female,708,183363,386.1,365,1.0578611974047400
Maryland,2006,Male,1020,153800,663.2,365,1.8169834511997400
Maryland,2007,Female,706,188573,374.4,365,1.025728272521760
Maryland,2007,Male,1039,158195,656.8,365,1.7994091737828300
Maryland,2008,Female,638,196609,324.5,366,0.8866172957021820
Maryland,2008,Male,1061,166614,636.8,366,1.7398940688208300
Maryland,2009,Female,670,204019,328.4,365,0.899728181373384
Maryland,2009,Male,1029,172684,595.9,365,1.6325647322228900
Maryland,2010,Female,630,209326,301.0,365,0.8245642668661680
Maryland,2010,Male,1004,177031,567.1,365,1.5537871511242900
Maryland,2011,Female,607,217701,278.8,365,0.7638980522046920
Maryland,2011,Male,1015,184518,550.1,365,1.5070735200946400
Maryland,2012,Female,660,233526,282.6,366,0.7721961102937530
Maryland,2012,Male,1021,197835,516.1,366,1.4100727810239800
Maryland,2013,Female,684,247074,276.8,365,0.7584661286657950
Maryland,2013,Male,1129,209278,539.5,365,1.4780104382359900
Maryland,2014,Female,717,259099,276.7,365,0.7581594531989070
Maryland,2014,Male,1184,218242,542.5,365,1.486348006542440
Maryland,2015,Female,717,270223,265.3,365,0.7269490611990230
Maryland,2015,Male,1232,227573,541.4,365,1.4831910928596200
Maryland,2016,Female,781,280597,278.3,366,0.7604784731913620
Maryland,2016,Male,1305,235525,554.1,366,1.5138833544174900
Maryland,2017,Female,834,290497,287.1,365,0.7865594160522540
Maryland,2017,Male,1327,243078,545.9,365,1.4956583641284500
Maryland,2018,Female,777,297546,261.1,365,0.7154413513499330
Maryland,2018,Male,1298,247906,523.6,365,1.4344809659958400
Maryland,2019,Female,839,306408,273.8,365,0.7501860711816600
Maryland,2019,Male,1395,255174,546.7,365,1.4977692900605800
Maryland,2020,Female,942,315707,298.4,366,0.8152402359793350
Maryland,2020,Male,1591,262802,605.4,366,1.6540949214690600
Maryland,2021,Female,918,323540,283.7,365,0.777359366121866
Maryland,2021,Male,1572,274779,572.1,365,1.567386632555070
Maryland,2022,Female,894,325947,274.3,365,0.7514458082121180
Maryland,2022,Male,1604,275756,581.7,365,1.5936264479993900
Maryland,2023,Female,884,332894,265.5,365,0.7275342325843000
Maryland,2023,Male,1431,282905,505.8,365,1.385817834681420
Maryland,2024,Female,857,340126,252.0,366,0.6884301860618740
Maryland,2024,Male,1590,289503,549.2,366,1.5005931873182500
Maryland,2025,Female,847,340126,249.0,365,0.682261263533361
Maryland,2025,Male,1512,289503,522.3,365,1.4308887139078600
Massachusetts,1999,Female,924,240353,384.4,365,1.0532453721464100
Massachusetts,1999,Male,1555,190689,815.5,365,2.234147734060560
Massachusetts,2000,Female,870,237532,366.3,366,1.0007279778420900
Massachusetts,2000,Male,1481,190298,778.3,366,2.1263744692175900
Massachusetts,2001,Female,853,232905,366.2,365,1.0034075272621300
Massachusetts,2001,Male,1422,188137,755.8,365,2.0707731126566800
Massachusetts,2002,Female,780,229103,340.5,365,0.9327622516378500
Massachusetts,2002,Male,1279,185880,688.1,365,1.8851461098779300
Massachusetts,2003,Female,792,226055,350.4,365,0.9598827779516620
Massachusetts,2003,Male,1215,184776,657.6,365,1.8015148738405800
Massachusetts,2004,Female,735,223455,328.9,366,0.8987029698648390
Massachusetts,2004,Male,1125,183603,612.7,366,1.6741395793114900
Massachusetts,2005,Female,662,221588,298.8,365,0.8185003836566000
Massachusetts,2005,Male,1108,183069,605.2,365,1.6581815809100200
Massachusetts,2006,Female,572,221662,258.1,365,0.7069877956849770
Massachusetts,2006,Male,953,183908,518.2,365,1.4197092590369000
Massachusetts,2007,Female,560,225319,248.5,365,0.6809219707803010
Massachusetts,2007,Male,1011,187713,538.6,365,1.4755840105366300
Massachusetts,2008,Female,570,234014,243.6,366,0.6655059309188030
Massachusetts,2008,Male,916,196045,467.2,366,1.276611104816320
Massachusetts,2009,Female,564,242089,233.0,365,0.6382799216205840
Massachusetts,2009,Male,897,203782,440.2,365,1.2059623747805700
Massachusetts,2010,Female,519,247542,209.7,365,0.5744147692994230
Massachusetts,2010,Male,923,208918,441.8,365,1.2104113208472600
Massachusetts,2011,Female,482,256242,188.1,365,0.5153518725288910
Massachusetts,2011,Male,955,217245,439.6,365,1.2043721863170100
Massachusetts,2012,Female,501,273937,182.9,366,0.49969608304697600
Massachusetts,2012,Male,930,234449,396.7,366,1.0838108102646500
Massachusetts,2013,Female,563,289122,194.7,365,0.5334999596795320
Massachusetts,2013,Male,1055,248336,424.8,365,1.1639113776915600
Massachusetts,2014,Female,541,302511,178.8,365,0.4899629371566380
Massachusetts,2014,Male,1110,260285,426.5,365,1.1683715505737800
Massachusetts,2015,Female,571,316089,180.6,365,0.49491869746933200
Massachusetts,2015,Male,1121,272511,411.4,365,1.1270124423279500
Massachusetts,2016,Female,604,329033,183.6,366,0.5015524959635400
Massachusetts,2016,Male,1135,283498,400.4,366,1.093867644983340
Massachusetts,2017,Female,625,341805,182.9,365,0.5009665648902990
Massachusetts,2017,Male,1165,294906,395.0,365,1.0823044705491900
Massachusetts,2018,Female,624,351458,177.5,365,0.486427692952185
Massachusetts,2018,Male,1178,302371,389.6,365,1.0673633583491700
Massachusetts,2019,Female,607,361834,167.8,365,0.45960680826847000
Massachusetts,2019,Male,1171,311471,376.0,365,1.0300217927454500
Massachusetts,2020,Female,643,372932,172.4,366,0.47108604278873800
Massachusetts,2020,Male,1275,320909,397.3,366,1.0855434273819200
Massachusetts,2021,Female,662,383536,172.6,365,0.4728887588484490
Massachusetts,2021,Male,1309,337515,387.8,365,1.0625605883777100
Massachusetts,2022,Female,710,385560,184.1,365,0.5045143374447700
Massachusetts,2022,Male,1322,339722,389.1,365,1.0661416711956200
Massachusetts,2023,Female,670,396480,169.0,365,0.4629783187944320
Massachusetts,2023,Male,1340,349598,383.3,365,1.0501298281776000
Massachusetts,2024,Female,695,404601,171.8,366,0.4693283268763880
Massachusetts,2024,Male,1323,358202,369.3,366,1.0091384465638500
Massachusetts,2025,Female,677,404601,167.3,365,0.4584255897904220
Massachusetts,2025,Male,1355,358202,378.3,365,1.0363785705058300
Michigan,1999,Female,2038,354509,574.9,365,1.5750126636659800
Michigan,1999,Male,3033,290962,1042.4,365,2.855901815733980
Michigan,2000,Female,1927,352273,547.0,366,1.4945872440988600
Michigan,2000,Male,2850,290607,980.7,366,2.679524321816630
Michigan,2001,Female,1748,348357,501.8,365,1.374750929618300
Michigan,2001,Male,2693,289528,930.1,365,2.548313873539290
Michigan,2002,Female,1731,344974,501.8,365,1.3747313575587300
Michigan,2002,Male,2515,287483,874.8,365,2.396806405562800
Michigan,2003,Female,1638,343494,476.9,365,1.3064773279523700
Michigan,2003,Male,2331,287975,809.4,365,2.2176582584818200
Michigan,2004,Female,1535,343967,446.3,366,1.219299837204810
Michigan,2004,Male,2199,290025,758.2,366,2.0716133855052100
Michigan,2005,Female,1425,343623,414.7,365,1.136160731103880
Michigan,2005,Male,2178,292491,744.6,365,2.0401049220903300
Michigan,2006,Female,1397,345995,403.8,365,1.106200164821450
Michigan,2006,Male,2012,297151,677.1,365,1.8550598070083200
Michigan,2007,Female,1335,353860,377.3,365,1.0336105370981000
Michigan,2007,Male,2066,306374,674.3,365,1.847504674875390
Michigan,2008,Female,1369,367420,372.6,366,1.0180276409748900
Michigan,2008,Male,2132,320984,664.2,366,1.8147747588733000
Michigan,2009,Female,1290,378303,341.0,365,0.9342369939816670
Michigan,2009,Male,2070,332723,622.1,365,1.7044907856422100
Michigan,2010,Female,1288,384673,334.8,365,0.9173420342180690
Michigan,2010,Male,2070,340036,608.8,365,1.6678330755309200
Michigan,2011,Female,1274,394906,322.6,365,0.8838586800160320
Michigan,2011,Male,2123,350647,605.5,365,1.6587731696447900
Michigan,2012,Female,1434,420254,341.2,366,0.9323011290517750
Michigan,2012,Male,2231,375600,594.0,366,1.6229042639245300
Michigan,2013,Female,1476,440599,335.0,365,0.917804084085156
Michigan,2013,Male,2349,394840,594.9,365,1.6299302092888700
Michigan,2014,Female,1464,460250,318.1,365,0.8714739606973580
Michigan,2014,Male,2503,411495,608.3,365,1.6664927269044200
Michigan,2015,Female,1511,478492,315.8,365,0.8651609697544080
Michigan,2015,Male,2650,428648,618.2,365,1.6937613082535600
Michigan,2016,Female,1633,496313,329.0,366,0.8989787964207630
Michigan,2016,Male,2852,444622,641.4,366,1.7525785334005000
Michigan,2017,Female,1645,516469,318.5,365,0.8726272661221670
Michigan,2017,Male,2877,462749,621.7,365,1.7033406405679800
Michigan,2018,Female,1670,530246,314.9,365,0.8628716606543800
Michigan,2018,Male,2858,474456,602.4,365,1.650339965413310
Michigan,2019,Female,1753,547810,320.0,365,0.8767163297543670
Michigan,2019,Male,2977,489770,607.8,365,1.6653050173676700
Michigan,2020,Female,1880,568326,330.8,366,0.9038143639140080
Michigan,2020,Male,3272,506436,646.1,366,1.76525576980754
Michigan,2021,Female,1865,580654,321.2,365,0.8799713841798890
Michigan,2021,Male,3374,528131,638.9,365,1.750292184408480
Michigan,2022,Female,1957,583717,335.3,365,0.9185348097822130
Michigan,2022,Male,3429,529791,647.2,365,1.773250309640070
Michigan,2023,Female,1952,599875,325.4,365,0.8915099321491060
Michigan,2023,Male,3252,544467,597.3,365,1.6363873368075400
Michigan,2024,Female,1867,612256,304.9,366,0.8331633983456040
Michigan,2024,Male,3325,555857,598.2,366,1.6343590983925600
Michigan,2025,Female,1860,612256,303.8,365,0.8323136745019900
Michigan,2025,Male,3327,555857,598.5,365,1.6398225610455
Minnesota,1999,Female,456,158866,287.0,365,0.7863954958853060
Minnesota,1999,Male,943,136569,690.5,365,1.8917628772529800
Minnesota,2000,Female,446,158472,281.4,366,0.7689555473349720
Minnesota,2000,Male,878,137353,639.2,366,1.746526907912560
Minnesota,2001,Female,438,157913,277.4,365,0.7599121035000290
Minnesota,2001,Male,821,137524,597.0,365,1.6355800213003900
Minnesota,2002,Female,386,157723,244.7,365,0.6705009710539000
Minnesota,2002,Male,778,137940,564.0,365,1.5452420250218000
Minnesota,2003,Female,383,158178,242.1,365,0.6633761132984050
Minnesota,2003,Male,706,139432,506.3,365,1.387232898719420
Minnesota,2004,Female,321,159452,201.3,366,0.5500396234151150
Minnesota,2004,Male,627,141398,443.4,366,1.2115551521933600
Minnesota,2005,Female,329,160814,204.6,365,0.5605045972450770
Minnesota,2005,Male,654,143369,456.2,365,1.2497686542542700
Minnesota,2006,Female,295,164284,179.6,365,0.49196463324620300
Minnesota,2006,Male,575,146755,391.8,365,1.0734506257050400
Minnesota,2007,Female,302,168503,179.2,365,0.4910282073755200
Minnesota,2007,Male,554,151140,366.5,365,1.0042399227061500
Minnesota,2008,Female,291,175447,165.9,366,0.45317501422829400
Minnesota,2008,Male,581,158118,367.4,366,1.0039538154979600
Minnesota,2009,Female,281,181919,154.5,365,0.42318999867997900
Minnesota,2009,Male,596,164064,363.3,365,0.9952681345869700
Minnesota,2010,Female,286,186054,153.7,365,0.4211474323774910
Minnesota,2010,Male,587,168373,348.6,365,0.9551526539778890
Minnesota,2011,Female,293,192392,152.3,365,0.417241738755976
Minnesota,2011,Male,596,175008,340.6,365,0.9330297542562440
Minnesota,2012,Female,301,204600,147.1,366,0.4019571708625120
Minnesota,2012,Male,617,187125,329.7,366,0.9008910352581300
Minnesota,2013,Female,300,215304,139.3,365,0.3817475793385990
Minnesota,2013,Male,648,197438,328.2,365,0.8991898549182150
Minnesota,2014,Female,301,224923,133.8,365,0.3666399319974280
Minnesota,2014,Male,662,206768,320.2,365,0.8771660170514710
Minnesota,2015,Female,326,234931,138.8,365,0.3801757473179390
Minnesota,2015,Male,688,216974,317.1,365,0.8687361190047260
Minnesota,2016,Female,358,245077,146.1,366,0.39911622735007000
Minnesota,2016,Male,728,227171,320.5,366,0.8755831678565340
Minnesota,2017,Female,346,255640,135.3,365,0.37081255104031100
Minnesota,2017,Male,758,237465,319.2,365,0.8745340697648590
Minnesota,2018,Female,348,264370,131.6,365,0.3606402608216690
Minnesota,2018,Male,818,245810,332.8,365,0.9117187626259950
Minnesota,2019,Female,394,275220,143.2,365,0.39221424852645900
Minnesota,2019,Male,825,255839,322.5,365,0.883475143587467
Minnesota,2020,Female,447,286077,156.3,366,0.4269170452045550
Minnesota,2020,Male,833,266131,313.0,366,0.855201492555548
Minnesota,2021,Female,453,293955,154.1,365,0.42220608270346100
Minnesota,2021,Male,881,279821,314.8,365,0.8625866643807960
Minnesota,2022,Female,452,297248,152.1,365,0.4166070635911970
Minnesota,2022,Male,908,283812,319.9,365,0.8765208070401220
Minnesota,2023,Female,418,307033,136.1,365,0.37299100730281600
Minnesota,2023,Male,922,292320,315.4,365,0.8641308830255450
Minnesota,2024,Female,441,314725,140.1,366,0.38284789349015300
Minnesota,2024,Male,884,299340,295.3,366,0.806875307826581
Minnesota,2025,Female,502,314725,159.5,365,0.43699816212675300
Minnesota,2025,Male,927,299340,309.7,365,0.8484419146780450
Mississippi,1999,Female,786,104499,752.2,365,2.060713171929150
Mississippi,1999,Male,1077,80924,1330.9,365,3.646242068492470
Mississippi,2000,Female,713,104180,684.4,366,1.8699245840794700
Mississippi,2000,Male,1040,81530,1275.6,366,3.4852570276521600
Mississippi,2001,Female,734,104325,703.6,365,1.9275906102176700
Mississippi,2001,Male,958,82261,1164.6,365,3.190646277393390
Mississippi,2002,Female,673,103776,648.5,365,1.7767456988497900
Mississippi,2002,Male,981,82726,1185.8,365,3.248883341243030
Mississippi,2003,Female,650,104368,622.8,365,1.706291121616030
Mississippi,2003,Male,916,83964,1090.9,365,2.9888869528558600
Mississippi,2004,Female,570,105075,542.5,366,1.4821575533479200
Mississippi,2004,Male,868,85709,1012.7,366,2.767019448895160
Mississippi,2005,Female,587,106493,551.2,365,1.5101642155655200
Mississippi,2005,Male,832,87735,948.3,365,2.5981102807255000
Mississippi,2006,Female,550,107389,512.2,365,1.403169146810650
Mississippi,2006,Male,836,88833,941.1,365,2.5783334559275400
Mississippi,2007,Female,603,109229,552.1,365,1.5124690279326400
Mississippi,2007,Male,832,90769,916.6,365,2.5112671229103800
Mississippi,2008,Female,520,111967,464.4,366,1.2689140794362700
Mississippi,2008,Male,863,93724,920.8,366,2.5158161167553200
Mississippi,2009,Female,553,114635,482.4,365,1.3216456519829800
Mississippi,2009,Male,848,96925,874.9,365,2.396995275968920
Mississippi,2010,Female,527,116041,454.1,365,1.2442460996013100
Mississippi,2010,Male,783,98428,795.5,365,2.179466695911790
Mississippi,2011,Female,505,118307,426.9,365,1.169467270605810
Mississippi,2011,Male,792,100869,785.2,365,2.1511693520294900
Mississippi,2012,Female,513,124931,410.6,366,1.121930781201060
Mississippi,2012,Male,815,107280,759.7,366,2.0756673716295200
Mississippi,2013,Female,585,128908,453.8,365,1.2433206054142500
Mississippi,2013,Male,908,111714,812.8,365,2.226821376798530
Mississippi,2014,Female,556,133639,416.0,365,1.1398526412446000
Mississippi,2014,Male,912,115796,787.6,365,2.157786224900950
Mississippi,2015,Female,628,138127,454.7,365,1.245627534953690
Mississippi,2015,Male,911,119895,759.8,365,2.0817301897150900
Mississippi,2016,Female,577,142610,404.6,366,1.10546436592135
Mississippi,2016,Male,984,123441,797.1,366,2.17798348212015
Mississippi,2017,Female,578,147181,392.7,365,1.07592803679525
Mississippi,2017,Male,1046,126809,824.9,365,2.259897503061720
Mississippi,2018,Female,619,150994,410.0,365,1.1231508609341500
Mississippi,2018,Male,1055,129591,814.1,365,2.230410259126100
Mississippi,2019,Female,615,155893,394.5,365,1.0808256347939400
Mississippi,2019,Male,1104,133062,829.7,365,2.2731189477435900
Mississippi,2020,Female,744,160978,462.2,366,1.262773102688510
Mississippi,2020,Male,1237,137231,901.4,366,2.462841064165550
Mississippi,2021,Female,719,161952,444.0,365,1.2163252159273300
Mississippi,2021,Male,1334,140238,951.2,365,2.6061370816383200
Mississippi,2022,Female,768,161629,475.2,365,1.3018143953381500
Mississippi,2022,Male,1198,139203,860.6,365,2.357845578631150
Mississippi,2023,Female,738,164896,447.6,365,1.226177595708310
Mississippi,2023,Male,1170,141749,825.4,365,2.261377118748490
Mississippi,2024,Female,753,167514,449.5,366,1.2281821514502200
Mississippi,2024,Male,1198,143687,833.8,366,2.278023790402640
Mississippi,2025,Female,721,167514,430.4,365,1.1792103739110900
Mississippi,2025,Male,1309,143687,911.0,365,2.495912204905810
Missouri,1999,Female,1183,216029,547.6,365,1.5003059267093600
Missouri,1999,Male,1908,177894,1072.5,365,2.9384899211181800
Missouri,2000,Female,1157,215139,537.8,366,1.4693766289665500
Missouri,2000,Male,1796,178087,1008.5,366,2.7554531353420600
Missouri,2001,Female,1087,213419,509.3,365,1.3954156807879400
Missouri,2001,Male,1626,178283,912.0,365,2.498720865448720
Missouri,2002,Female,998,212165,470.4,365,1.2887359250312100
Missouri,2002,Male,1691,178081,949.6,365,2.6015558719508400
Missouri,2003,Female,965,212039,455.1,365,1.2468628961834200
Missouri,2003,Male,1478,178812,826.6,365,2.2645656155588800
Missouri,2004,Female,926,213131,434.5,366,1.1870889944722900
Missouri,2004,Male,1453,180786,803.7,366,2.195936275591730
Missouri,2005,Female,875,214425,408.1,365,1.117994764590230
Missouri,2005,Male,1364,183215,744.5,365,2.0396726803863600
Missouri,2006,Female,837,217867,384.2,365,1.0525461336189100
Missouri,2006,Male,1342,187220,716.8,365,1.9638459185808800
Missouri,2007,Female,832,222373,374.1,365,1.025057922856880
Missouri,2007,Male,1284,192652,666.5,365,1.8259910196510200
Missouri,2008,Female,849,229847,369.4,366,1.0092244541575700
Missouri,2008,Male,1322,199366,663.1,366,1.8117541897432300
Missouri,2009,Female,799,236410,338.0,365,0.9259511424603070
Missouri,2009,Male,1338,205793,650.2,365,1.781281882599280
Missouri,2010,Female,813,240498,338.0,365,0.9261604089322870
Missouri,2010,Male,1304,209992,621.0,365,1.7013042114585400
Missouri,2011,Female,788,246150,320.1,365,0.8770684987158400
Missouri,2011,Male,1349,215154,627.0,365,1.7177883799320000
Missouri,2012,Female,800,259717,308.0,366,0.8416054204102070
Missouri,2012,Male,1376,227572,604.6,366,1.6520322542008900
Missouri,2013,Female,852,269602,316.0,365,0.8658120397261390
Missouri,2013,Male,1439,237105,606.9,365,1.6627509978383700
Missouri,2014,Female,886,279768,316.7,365,0.8676465000550360
Missouri,2014,Male,1513,245725,615.7,365,1.6869286720732700
Missouri,2015,Female,952,289140,329.3,365,0.9020610009276450
Missouri,2015,Male,1606,253822,632.7,365,1.7334982783210300
Missouri,2016,Female,1012,298411,339.1,366,0.9265835784888530
Missouri,2016,Male,1624,261562,620.9,366,1.6964079147373700
Missouri,2017,Female,996,309027,322.3,365,0.8830189994038290
Missouri,2017,Male,1775,270305,656.7,365,1.7990838862137700
Missouri,2018,Female,1020,316153,322.6,365,0.8839139745456170
Missouri,2018,Male,1724,276424,623.7,365,1.7087111362374000
Missouri,2019,Female,1090,325644,334.7,365,0.9170448004148750
Missouri,2019,Male,1932,284521,679.0,365,1.8603725858307500
Missouri,2020,Female,1187,336554,352.7,366,0.9636401287481660
Missouri,2020,Male,1999,293834,680.3,366,1.8587871498464400
Missouri,2021,Female,1167,340386,342.8,365,0.9393042821892210
Missouri,2021,Male,2080,303037,686.4,365,1.8805063860143500
Missouri,2022,Female,1307,341170,383.1,365,1.049571157431260
Missouri,2022,Male,2105,303655,693.2,365,1.8992354111314600
Missouri,2023,Female,1152,349877,329.3,365,0.9020782685234080
Missouri,2023,Male,2074,311328,666.2,365,1.825146398917510
Missouri,2024,Female,1159,356809,324.8,366,0.8874962982062300
Missouri,2024,Male,2073,318223,651.4,366,1.7798633116492200
Missouri,2025,Female,1228,356809,344.2,365,0.9429088284330930
Missouri,2025,Male,2032,318223,638.5,365,1.7494408913470200
Montana,1999,Female,130,32597,398.8,365,1.0926293326430200
Montana,1999,Male,270,29636,911.1,365,2.4960386941465100
Montana,2000,Female,104,32664,318.4,366,0.8699271536385040
Montana,2000,Male,214,29855,716.8,366,1.9584640882663300
Montana,2001,Female,102,32892,310.1,365,0.8496049337058270
Montana,2001,Male,208,30259,687.4,365,1.883284357376750
Montana,2002,Female,105,33093,317.3,365,0.8692812161989310
Montana,2002,Male,219,30798,711.1,365,1.948178453146310
Montana,2003,Female,117,33375,350.6,365,0.9604432815145450
Montana,2003,Male,226,31264,722.9,365,1.9804826068058500
Montana,2004,Female,110,33747,326.0,366,0.8905871576360320
Montana,2004,Male,168,31895,526.7,366,1.4391484353115600
Montana,2005,Female,99,34145,289.9,365,0.7943560600741800
Montana,2005,Male,176,32635,539.3,365,1.4775295873201100
Montana,2006,Female,83,35223,235.6,365,0.6455931075546450
Montana,2006,Male,160,33860,472.5,365,1.2946135982975800
Montana,2007,Female,86,36295,236.9,365,0.6491705148261870
Montana,2007,Male,178,35273,504.6,365,1.3825623929824900
Montana,2008,Female,98,38114,257.1,366,0.7025228599504910
Montana,2008,Male,233,37333,624.1,366,1.7052259980658500
Montana,2009,Female,96,39559,242.7,365,0.6648643763243180
Montana,2009,Male,186,39041,476.4,365,1.3052663638121200
Montana,2010,Female,86,40481,212.4,365,0.5820420403551410
Montana,2010,Male,194,40261,481.9,365,1.3201531241525800
Montana,2011,Female,104,42091,247.1,365,0.6769416427486040
Montana,2011,Male,209,42029,497.3,365,1.3623991523139400
Montana,2012,Female,98,44708,219.2,366,0.5989074949483990
Montana,2012,Male,203,45034,450.8,366,1.2316134670319500
Montana,2013,Female,116,47072,246.4,365,0.675153422795042
Montana,2013,Male,253,47780,529.5,365,1.4507130283204400
Montana,2014,Female,98,49495,198.0,365,0.5424651998887390
Montana,2014,Male,230,50240,457.8,365,1.254253555536170
Montana,2015,Female,115,52161,220.5,365,0.6040307761559110
Montana,2015,Male,262,52900,495.3,365,1.3569153481627300
Montana,2016,Female,104,54711,190.1,366,0.5193708860457330
Montana,2016,Male,262,55416,472.8,366,1.2917695151860800
Montana,2017,Female,146,57198,255.3,365,0.6993251512290640
Montana,2017,Male,273,57599,474.0,365,1.2985385258067900
Montana,2018,Female,128,59819,214.0,365,0.5862433867280450
Montana,2018,Male,306,59764,512.0,365,1.4027778669158000
Montana,2019,Female,138,62678,220.2,365,0.6032135546456840
Montana,2019,Male,307,61953,495.5,365,1.3576354501169600
Montana,2020,Female,158,65615,240.8,366,0.6579196663431200
Montana,2020,Male,339,63959,530.0,366,1.4481613349125600
Montana,2021,Female,190,67374,282.0,365,0.7726243732084770
Montana,2021,Male,354,66352,533.5,365,1.4616937148821900
Montana,2022,Female,159,68421,232.4,365,0.6366706688826010
Montana,2022,Male,374,66593,561.6,365,1.5386865500076200
Montana,2023,Female,193,70581,273.4,365,0.7491635472544610
Montana,2023,Male,344,68235,504.1,365,1.3812057645265000
Montana,2024,Female,173,72027,240.2,366,0.656250566632534
Montana,2024,Male,374,68892,542.9,366,1.483275160392020
Montana,2025,Female,198,72027,274.9,365,0.7531422291982970
Montana,2025,Male,346,68892,502.2,365,1.375987350460800
Nebraska,1999,Female,264,63038,418.8,365,1.1473835959784200
Nebraska,1999,Male,457,53382,856.1,365,2.3454625051900400
Nebraska,2000,Female,222,62634,354.4,366,0.9684155204029450
Nebraska,2000,Male,390,53065,734.9,366,2.0080538405574400
Nebraska,2001,Female,212,61824,342.9,365,0.9394764457301680
Nebraska,2001,Male,325,52549,618.5,365,1.6944393973322200
Nebraska,2002,Female,211,61445,343.4,365,0.9408124205074820
Nebraska,2002,Male,340,52211,651.2,365,1.7841199159469600
Nebraska,2003,Female,215,61032,352.3,365,0.9651348405597240
Nebraska,2003,Male,316,51942,608.4,365,1.6667695211149600
Nebraska,2004,Female,152,60512,251.2,366,0.6863110563988760
Nebraska,2004,Male,276,51969,531.1,366,1.451054206653460
Nebraska,2005,Female,177,60433,292.9,365,0.802428320370187
Nebraska,2005,Male,275,52303,525.8,365,1.4404998901291400
Nebraska,2006,Female,166,60892,272.6,365,0.7468871453523370
Nebraska,2006,Male,257,52593,488.7,365,1.3387895519196400
Nebraska,2007,Female,155,61596,251.6,365,0.6894238818211820
Nebraska,2007,Male,270,53615,503.6,365,1.379699762001790
Nebraska,2008,Female,147,62878,233.8,366,0.6387597319607730
Nebraska,2008,Male,245,55198,443.9,366,1.212723118779350
Nebraska,2009,Female,141,64207,219.6,365,0.6016499289221020
Nebraska,2009,Male,268,57100,469.4,365,1.2858959287959100
Nebraska,2010,Female,142,64962,218.6,365,0.5988748743733430
Nebraska,2010,Male,277,58164,476.2,365,1.304766022950690
Nebraska,2011,Female,147,66213,222.0,365,0.6082487215915260
Nebraska,2011,Male,245,59877,409.2,365,1.1210195512673100
Nebraska,2012,Female,148,69625,212.6,366,0.5807850408609750
Nebraska,2012,Male,256,63140,405.4,366,1.1077819954269400
Nebraska,2013,Female,137,72580,188.8,365,0.5171431051989870
Nebraska,2013,Male,260,66383,391.7,365,1.0730590168014200
Nebraska,2014,Female,151,75680,199.5,365,0.5466419531408380
Nebraska,2014,Male,295,69664,423.5,365,1.1601676304579000
Nebraska,2015,Female,160,79388,201.5,365,0.552169300629266
Nebraska,2015,Male,310,73093,424.1,365,1.1619649877459500
Nebraska,2016,Female,159,83153,191.2,366,0.5224420399843620
Nebraska,2016,Male,336,76408,439.7,366,1.2014877851602500
Nebraska,2017,Female,160,87065,183.8,365,0.5034814958749920
Nebraska,2017,Male,346,79915,433.0,365,1.1861918356747200
Nebraska,2018,Female,174,89900,193.5,365,0.5302695536897920
Nebraska,2018,Male,381,82627,461.1,365,1.263310560032870
Nebraska,2019,Female,181,93413,193.8,365,0.5308580293523430
Nebraska,2019,Male,364,85495,425.8,365,1.166454499061470
Nebraska,2020,Female,204,96577,211.2,366,0.5771322873772510
Nebraska,2020,Male,392,88438,443.2,366,1.2110611404216700
Nebraska,2021,Female,230,99632,230.8,365,0.632464455497601
Nebraska,2021,Male,402,93258,431.1,365,1.1809923684978200
Nebraska,2022,Female,214,100306,213.3,365,0.5845127608149200
Nebraska,2022,Male,427,94075,453.9,365,1.2435429324460600
Nebraska,2023,Female,229,103092,222.1,365,0.6085799676735080
Nebraska,2023,Male,426,96448,441.7,365,1.2101062621010600
Nebraska,2024,Female,216,105159,205.4,366,0.5612110560448740
Nebraska,2024,Male,385,98264,391.8,366,1.0704963855593200
Nebraska,2025,Female,219,105159,208.3,365,0.5705645736456220
Nebraska,2025,Male,430,98264,437.6,365,1.1988950091394800
Nevada,1999,Female,341,65697,519.0,365,1.4220536331072400
Nevada,1999,Male,631,64030,985.5,365,2.6999330365261100
Nevada,2000,Female,297,66610,445.9,366,1.2182486260862700
Nevada,2000,Male,653,65165,1002.1,366,2.737900721958840
Nevada,2001,Female,334,69517,480.5,365,1.316323335516040
Nevada,2001,Male,625,68638,910.6,365,2.4947241573520300
Nevada,2002,Female,335,72130,464.4,365,1.2724361835270800
Nevada,2002,Male,599,71238,840.8,365,2.3036804660587900
Nevada,2003,Female,324,75033,431.8,365,1.1830411057490900
Nevada,2003,Male,621,74665,831.7,365,2.278671215447260
Nevada,2004,Female,290,78485,369.5,366,1.0095556179855500
Nevada,2004,Male,635,77926,814.9,366,2.2264362056253700
Nevada,2005,Female,371,80751,459.4,365,1.2587316022889900
Nevada,2005,Male,682,79890,853.7,365,2.338832332813780
Nevada,2006,Female,364,83444,436.2,365,1.1951252024982100
Nevada,2006,Male,699,82714,845.1,365,2.3152894227708500
Nevada,2007,Female,338,87665,385.6,365,1.056325098112440
Nevada,2007,Male,605,85814,705.0,365,1.9315429260672400
Nevada,2008,Female,294,92510,317.8,366,0.8683155210513350
Nevada,2008,Male,620,90194,687.4,366,1.878161597266170
Nevada,2009,Female,358,97445,367.4,365,1.0065389889765700
Nevada,2009,Male,640,94217,679.3,365,1.8610491286437100
Nevada,2010,Female,302,100673,300.0,365,0.8218661014114730
Nevada,2010,Male,643,97108,662.1,365,1.8141078341809500
Nevada,2011,Female,358,105489,339.4,365,0.9297859661274820
Nevada,2011,Male,744,101468,733.2,365,2.0088660113371300
Nevada,2012,Female,367,113748,322.6,366,0.8815383483113180
Nevada,2012,Male,778,109213,712.4,366,1.946364498831910
Nevada,2013,Female,423,121291,348.7,365,0.9554741156302130
Nevada,2013,Male,784,115592,678.2,365,1.8582126838184800
Nevada,2014,Female,456,128745,354.2,365,0.9703794854115890
Nevada,2014,Male,935,122218,765.0,365,2.095962816947130
Nevada,2015,Female,489,136039,359.5,365,0.9848102583797740
Nevada,2015,Male,949,128072,741.0,365,2.03010806421388
Nevada,2016,Female,518,142557,363.4,366,0.9927962474295110
Nevada,2016,Male,972,133041,730.6,366,1.9961799031261300
Nevada,2017,Female,492,148720,330.8,365,0.9063644469334670
Nevada,2017,Male,972,137611,706.3,365,1.9351750213501400
Nevada,2018,Female,514,152842,336.3,365,0.9213561573927270
Nevada,2018,Male,986,140410,702.2,365,1.9239155779600400
Nevada,2019,Female,513,158621,323.4,365,0.8860613992187630
Nevada,2019,Male,1062,144742,733.7,365,2.0101898834449500
Nevada,2020,Female,569,165389,344.0,366,0.9399928705918590
Nevada,2020,Male,1153,150723,765.0,366,2.0901078296236900
Nevada,2021,Female,560,164325,340.8,365,0.9336659518286720
Nevada,2021,Male,1209,152139,794.7,365,2.1771726954451400
Nevada,2022,Female,583,164856,353.6,365,0.9688820995126670
Nevada,2022,Male,1181,151578,779.1,365,2.134621408354880
Nevada,2023,Female,542,169399,320.0,365,0.8765881184949820
Nevada,2023,Male,1082,155417,696.2,365,1.907374072105260
Nevada,2024,Female,542,172827,313.6,366,0.8568535685627190
Nevada,2024,Male,1075,158787,677.0,366,1.8497474415067700
Nevada,2025,Female,518,172827,299.7,365,0.8211553068628060
Nevada,2025,Male,1032,158787,649.9,365,1.7806226330077200
New Hampshire,1999,Female,158,41819,377.8,365,1.0351197119222500
New Hampshire,1999,Male,295,36180,815.4,365,2.2338838531846100
New Hampshire,2000,Female,152,41762,364.0,366,0.9944460189839740
New Hampshire,2000,Male,289,36565,790.4,366,2.1594899120437500
New Hampshire,2001,Female,163,41672,391.1,365,1.0716436515304100
New Hampshire,2001,Male,302,36725,822.3,365,2.252953737982230
New Hampshire,2002,Female,154,41462,371.4,365,1.0176011968047300
New Hampshire,2002,Male,243,36945,657.7,365,1.8020122470091600
New Hampshire,2003,Female,137,41409,330.8,365,0.90642726400885
New Hampshire,2003,Male,260,37407,695.1,365,1.904265958572690
New Hampshire,2004,Female,135,42251,319.5,366,0.8730029088456920
New Hampshire,2004,Male,240,38280,627.0,366,1.7130034088767800
New Hampshire,2005,Female,129,42428,304.0,365,0.8329986271666040
New Hampshire,2005,Male,232,38664,600.0,365,1.643948992230920
New Hampshire,2006,Female,100,43631,229.2,365,0.6279310644718800
New Hampshire,2006,Male,212,40019,529.7,365,1.4513653959574700
New Hampshire,2007,Female,112,45066,248.5,365,0.680888730014852
New Hampshire,2007,Male,222,41440,535.7,365,1.467710371819960
New Hampshire,2008,Female,97,47271,205.2,366,0.5606552059494650
New Hampshire,2008,Male,223,43613,511.3,366,1.3970367034745100
New Hampshire,2009,Female,114,49019,232.6,365,0.6371585856979700
New Hampshire,2009,Male,187,45383,412.0,365,1.1289001765491200
New Hampshire,2010,Female,117,50138,233.4,365,0.6393313359238090
New Hampshire,2010,Male,210,46624,450.4,365,1.2340049454217200
New Hampshire,2011,Female,120,52414,228.9,365,0.6272505881781040
New Hampshire,2011,Male,206,48874,421.5,365,1.1547726022912700
New Hampshire,2012,Female,102,56690,179.9,366,0.4916008548071330
New Hampshire,2012,Male,201,53049,378.9,366,1.0352321964011600
New Hampshire,2013,Female,145,60358,240.2,365,0.6581733555992620
New Hampshire,2013,Male,241,56790,424.4,365,1.16265887058063
New Hampshire,2014,Female,125,63917,195.6,365,0.5357976022414340
New Hampshire,2014,Male,256,59948,427.0,365,1.1699637402643900
New Hampshire,2015,Female,133,66810,199.1,365,0.5454027266035560
New Hampshire,2015,Male,278,62748,443.0,365,1.2138137241289600
New Hampshire,2016,Female,135,69903,193.1,366,0.5276632748471360
New Hampshire,2016,Male,264,65765,401.4,366,1.0968014527633800
New Hampshire,2017,Female,148,73112,202.4,365,0.5546004104043040
New Hampshire,2017,Male,312,68659,454.4,365,1.244985392370910
New Hampshire,2018,Female,123,75884,162.1,365,0.444080835709587
New Hampshire,2018,Male,295,71049,415.2,365,1.1375517995780300
New Hampshire,2019,Female,147,79028,186.0,365,0.5096164979847620
New Hampshire,2019,Male,316,73641,429.1,365,1.175640505503100
New Hampshire,2020,Female,151,82305,183.5,366,0.501267609514524
New Hampshire,2020,Male,343,76622,447.7,366,1.223093197704780
New Hampshire,2021,Female,155,84983,182.4,365,0.4996970385213220
New Hampshire,2021,Male,360,80597,446.7,365,1.2237445188568000
New Hampshire,2022,Female,179,86303,207.4,365,0.5682432347706450
New Hampshire,2022,Male,389,81786,475.6,365,1.3031000717207500
New Hampshire,2023,Female,181,89459,202.3,365,0.5543214332363480
New Hampshire,2023,Male,362,84746,427.2,365,1.1702980930283500
New Hampshire,2024,Female,178,92084,193.3,366,0.5281469069699490
New Hampshire,2024,Male,345,87257,395.4,366,1.0802834738985700
New Hampshire,2025,Female,168,92084,182.4,365,0.49984141935921500
New Hampshire,2025,Male,383,87257,438.9,365,1.202556893421900
New Jersey,1999,Female,1536,323435,474.9,365,1.3011019766204000
New Jersey,1999,Male,2420,255408,947.5,365,2.595900279670710
New Jersey,2000,Female,1555,320472,485.2,366,1.3257426170715100
New Jersey,2000,Male,2291,254197,901.3,366,2.4624849394485600
New Jersey,2001,Female,1425,315500,451.7,365,1.2374356859084300
New Jersey,2001,Male,2094,252259,830.1,365,2.2742444477183600
New Jersey,2002,Female,1309,311908,419.7,365,1.149794609263950
New Jersey,2002,Male,1968,250473,785.7,365,2.152639534767340
New Jersey,2003,Female,1181,309700,381.3,365,1.0447582945935300
New Jersey,2003,Male,1920,250117,767.6,365,2.103125326388350
New Jersey,2004,Female,1139,307741,370.1,366,1.01124707397568
New Jersey,2004,Male,1675,250019,669.9,366,1.8304619777858600
New Jersey,2005,Female,1014,306297,331.1,365,0.9069896837973670
New Jersey,2005,Male,1602,249460,642.2,365,1.759416778597940
New Jersey,2006,Female,973,306280,317.7,365,0.870364837618367
New Jersey,2006,Male,1584,250070,633.4,365,1.7354044976995500
New Jersey,2007,Female,928,310481,298.9,365,0.8188796587954360
New Jersey,2007,Male,1490,254328,585.9,365,1.6050894045570700
New Jersey,2008,Female,895,321307,278.5,366,0.7610650223172330
New Jersey,2008,Male,1401,264972,528.7,366,1.444631452553110
New Jersey,2009,Female,845,328854,257.0,365,0.7039806397826040
New Jersey,2009,Male,1421,271966,522.5,365,1.4314843344136800
New Jersey,2010,Female,820,334164,245.4,365,0.6722972380225740
New Jersey,2010,Male,1471,277270,530.5,365,1.4535063246299200
New Jersey,2011,Female,847,343845,246.3,365,0.6748819803124900
New Jersey,2011,Male,1451,286891,505.8,365,1.3856630099074000
New Jersey,2012,Female,838,365311,229.4,366,0.6267584294857800
New Jersey,2012,Male,1545,305839,505.2,366,1.3802397586343900
New Jersey,2013,Female,899,380719,236.1,365,0.6469374259309720
New Jersey,2013,Male,1593,320435,497.1,365,1.362018369292940
New Jersey,2014,Female,945,394916,239.3,365,0.6555928592132030
New Jersey,2014,Male,1620,332175,487.7,365,1.3361499704624300
New Jersey,2015,Female,935,408758,228.7,365,0.6266895903239660
New Jersey,2015,Male,1695,344679,491.8,365,1.3472928772679400
New Jersey,2016,Female,1049,421230,249.0,366,0.6804169262823720
New Jersey,2016,Male,1733,355389,487.6,366,1.3323351813352800
New Jersey,2017,Female,1026,434530,236.1,365,0.6468963947505560
New Jersey,2017,Male,1769,367914,480.8,365,1.3173120192397600
New Jersey,2018,Female,1066,437649,243.6,365,0.6673265436926580
New Jersey,2018,Male,1914,372449,513.9,365,1.407933869184330
New Jersey,2019,Female,1099,449468,244.5,365,0.669893942196016
New Jersey,2019,Male,1835,383398,478.6,365,1.3112737312855000
New Jersey,2020,Female,1179,463291,254.5,366,0.6953106094031260
New Jersey,2020,Male,2110,396118,532.7,366,1.455381306177550
New Jersey,2021,Female,1163,486298,239.2,365,0.6552158079743310
New Jersey,2021,Male,2018,426033,473.7,365,1.2977321295035100
New Jersey,2022,Female,1128,486861,231.7,365,0.6347624802364760
New Jersey,2022,Male,1958,426378,459.2,365,1.258128599891140
New Jersey,2023,Female,1087,499941,217.4,365,0.5956867293902320
New Jersey,2023,Male,1865,439966,423.9,365,1.161359978065550
New Jersey,2024,Female,1031,513082,200.9,366,0.549023331691695
New Jersey,2024,Male,1864,453411,411.1,366,1.1232405422152100
New Jersey,2025,Female,1046,513082,203.9,365,0.5585371197308680
New Jersey,2025,Male,1975,453411,435.6,365,1.1933894202190900
New Mexico,1999,Female,242,61882,391.1,365,1.0714160800073300
New Mexico,1999,Male,430,54502,789.0,365,2.161539377969290
New Mexico,2000,Female,211,62521,337.5,366,0.9220945478166330
New Mexico,2000,Male,387,55224,700.8,366,1.9147056518548600
New Mexico,2001,Female,187,63269,295.6,365,0.8097627070497210
New Mexico,2001,Male,386,56355,684.9,365,1.87655797458139
New Mexico,2002,Female,218,64191,339.6,365,0.9304423890772890
New Mexico,2002,Male,371,57348,646.9,365,1.7724041922375400
New Mexico,2003,Female,211,65232,323.5,365,0.8861941865661360
New Mexico,2003,Male,396,58564,676.2,365,1.8525570433189600
New Mexico,2004,Female,197,66779,295.0,366,0.8060189073214910
New Mexico,2004,Male,327,59816,546.7,366,1.4936515697318800
New Mexico,2005,Female,206,68701,299.9,365,0.8215070546918320
New Mexico,2005,Male,367,61550,596.3,365,1.6335978099996700
New Mexico,2006,Female,189,70892,266.6,365,0.7304184099448210
New Mexico,2006,Male,337,63856,527.7,365,1.4458902393398800
New Mexico,2007,Female,179,72975,245.3,365,0.6720259799987800
New Mexico,2007,Male,304,65587,463.5,365,1.2698807878524200
New Mexico,2008,Female,186,75765,245.5,366,0.6707539382452000
New Mexico,2008,Male,316,68370,462.2,366,1.2628169930409200
New Mexico,2009,Female,174,78878,220.6,365,0.6043666532710300
New Mexico,2009,Male,329,70916,463.9,365,1.27103878252256
New Mexico,2010,Female,198,80953,244.6,365,0.6700996299391720
New Mexico,2010,Male,300,72841,411.9,365,1.128372493814170
New Mexico,2011,Female,183,84176,217.4,365,0.595620916904698
New Mexico,2011,Male,346,75972,455.4,365,1.2477560225865500
New Mexico,2012,Female,200,89388,223.7,366,0.6113215279810420
New Mexico,2012,Male,359,80611,445.3,366,1.2167995893115000
New Mexico,2013,Female,196,93894,208.7,365,0.5719069390694430
New Mexico,2013,Male,390,84602,461.0,365,1.2629644106344200
New Mexico,2014,Female,204,98167,207.8,365,0.5693401138763950
New Mexico,2014,Male,397,88673,447.7,365,1.2266092642368200
New Mexico,2015,Female,216,102586,210.6,365,0.5768631410892400
New Mexico,2015,Male,413,92576,446.1,365,1.2222464238194200
New Mexico,2016,Female,229,107055,213.9,366,0.584450105188258
New Mexico,2016,Male,478,96243,496.7,366,1.3569931620603600
New Mexico,2017,Female,273,111165,245.6,365,0.6728243651144260
New Mexico,2017,Male,513,99631,514.9,365,1.4106848792592600
New Mexico,2018,Female,284,115432,246.0,365,0.6740610851244210
New Mexico,2018,Male,513,102452,500.7,365,1.3718418889380300
New Mexico,2019,Female,283,119057,237.7,365,0.6512363538081970
New Mexico,2019,Male,540,105426,512.2,365,1.4033085337530800
New Mexico,2020,Female,306,123180,248.4,366,0.6787348382614810
New Mexico,2020,Male,582,108566,536.1,366,1.4646979113407800
New Mexico,2021,Female,303,124361,243.6,365,0.6675219613072990
New Mexico,2021,Male,595,111082,535.6,365,1.4675077747082100
New Mexico,2022,Female,322,124362,258.9,365,0.7093740699103570
New Mexico,2022,Male,642,110789,579.5,365,1.5876161979881000
New Mexico,2023,Female,324,128339,252.5,365,0.6916613288842150
New Mexico,2023,Male,660,113788,580.0,365,1.589112365172240
New Mexico,2024,Female,356,129626,274.6,366,0.7503722984805640
New Mexico,2024,Male,680,114330,594.8,366,1.6250533519354100
New Mexico,2025,Female,333,129626,256.9,365,0.7038161843482690
New Mexico,2025,Male,631,114330,551.9,365,1.5120852998230300
New York,1999,Female,4066,713235,570.1,365,1.561859138628540
New York,1999,Male,5850,562652,1039.7,365,2.848545328244450
New York,2000,Female,3747,714784,524.2,366,1.432279530324240
New York,2000,Male,5512,561262,982.1,366,2.6832583160123900
New York,2001,Female,3654,707269,516.6,365,1.4154386667745400
New York,2001,Male,5068,559869,905.2,365,2.4800322051853800
New York,2002,Female,3592,702308,511.5,365,1.401250717692370
New York,2002,Male,5043,558397,903.1,365,2.4743038297419900
New York,2003,Female,3299,698871,472.0,365,1.2932796130306700
New York,2003,Male,4702,557751,843.0,365,2.3096671777947400
New York,2004,Female,2938,695928,422.2,366,1.1534702446764000
New York,2004,Male,4230,558295,757.7,366,2.070120106606780
New York,2005,Female,2926,692967,422.2,365,1.1568282986295700
New York,2005,Male,4115,557964,737.5,365,2.0205555560465800
New York,2006,Female,2693,690199,390.2,365,1.068978974437930
New York,2006,Male,3891,556750,698.9,365,1.9147326398927200
New York,2007,Female,2588,699507,370.0,365,1.013629736214810
New York,2007,Male,3845,566634,678.6,365,1.8590918609441800
New York,2008,Female,2645,721522,366.6,366,1.0016016083063500
New York,2008,Male,3939,585610,672.6,366,1.837792230659860
New York,2009,Female,2498,738585,338.2,365,0.926614488032976
New York,2009,Male,3810,600819,634.1,365,1.737354538452270
New York,2010,Female,2331,749731,310.9,365,0.8518123660170130
New York,2010,Male,3589,610871,587.5,365,1.6096486348719700
New York,2011,Female,2291,768544,298.1,365,0.8167017540657560
New York,2011,Male,3635,628683,578.2,365,1.5840899323807100
New York,2012,Female,2234,812223,275.0,366,0.7514962192171390
New York,2012,Male,3633,668834,543.2,366,1.4841095859655300
New York,2013,Female,2354,843665,279.0,365,0.7644402776567890
New York,2013,Male,3837,700457,547.8,365,1.500781456552410
New York,2014,Female,2384,874256,272.7,365,0.7470931682842400
New York,2014,Male,3830,727641,526.4,365,1.4420779869374500
New York,2015,Female,2422,904214,267.9,365,0.7338546448469240
New York,2015,Male,4059,755834,537.0,365,1.471295012556390
New York,2016,Female,2516,931678,270.1,366,0.7378425743540910
New York,2016,Male,4235,781362,542.0,366,1.4808805971324600
New York,2017,Female,2542,968302,262.5,365,0.7192367217710830
New York,2017,Male,4329,816646,530.1,365,1.4523151980910600
New York,2018,Female,2648,979307,270.4,365,0.7408090129599750
New York,2018,Male,4402,829813,530.5,365,1.4533725035161800
New York,2019,Female,2562,1004677,255.0,365,0.69865022113493
New York,2019,Male,4682,855245,547.4,365,1.49985059956784
New York,2020,Female,3025,1031356,293.3,366,0.8013748232816190
New York,2020,Male,5260,881366,596.8,366,1.6306034836212800
New York,2021,Female,2811,1073247,261.9,365,0.7175766494584840
New York,2021,Male,4910,940654,522.0,365,1.4300746921312800
New York,2022,Female,2737,1067640,256.4,365,0.7023556757883090
New York,2022,Male,4921,935951,525.8,365,1.4404805145591900
New York,2023,Female,2599,1090892,238.2,365,0.6527271210353990
New York,2023,Male,4807,960718,500.4,365,1.3708354599058900
New York,2024,Female,2615,1113027,234.9,366,0.6419259140316810
New York,2024,Male,4782,983827,486.1,366,1.3280356983993900
New York,2025,Female,2536,1113027,227.8,365,0.6242386937135800
New York,2025,Male,4819,983827,489.8,365,1.3419777792261600
North Carolina,1999,Female,1487,296328,501.8,365,1.37481864782934
North Carolina,1999,Male,2297,235613,974.9,365,2.6709692100739400
North Carolina,2000,Female,1483,296306,500.5,366,1.3674757069738800
North Carolina,2000,Male,2366,237471,996.3,366,2.7222190812002100
North Carolina,2001,Female,1412,299198,471.9,365,1.2929542144950600
North Carolina,2001,Male,2265,241373,938.4,365,2.570908698178670
North Carolina,2002,Female,1365,301056,453.4,365,1.2422027886497100
North Carolina,2002,Male,2147,244623,877.7,365,2.404594735908690
North Carolina,2003,Female,1350,304301,443.6,365,1.2154511937148700
North Carolina,2003,Male,2070,249031,831.2,365,2.2773200431722700
North Carolina,2004,Female,1178,308171,382.3,366,1.0444134052109600
North Carolina,2004,Male,1933,253955,761.2,366,2.0796679589011100
North Carolina,2005,Female,1215,314174,386.7,365,1.0595297902715300
North Carolina,2005,Male,1852,260982,709.6,365,1.9441848873637700
North Carolina,2006,Female,1049,326218,321.6,365,0.8809975546228980
North Carolina,2006,Male,1859,272808,681.4,365,1.8669359714273400
North Carolina,2007,Female,1095,337350,324.6,365,0.8892841262783460
North Carolina,2007,Male,1805,283837,635.9,365,1.7422694995550500
North Carolina,2008,Female,1032,352820,292.5,366,0.7991814894698550
North Carolina,2008,Male,1797,299018,601.0,366,1.6419867919569300
North Carolina,2009,Female,1108,367089,301.8,365,0.8269429044063330
North Carolina,2009,Male,1880,312416,601.8,365,1.6486623385187900
North Carolina,2010,Female,1086,376421,288.5,365,0.7904294568457730
North Carolina,2010,Male,1923,321146,598.8,365,1.6405289652323000
North Carolina,2011,Female,1042,391318,266.3,365,0.7295331470946760
North Carolina,2011,Male,1907,335332,568.7,365,1.558055161525470
North Carolina,2012,Female,1164,420407,276.9,366,0.7564878484070100
North Carolina,2012,Male,1902,361714,525.8,366,1.4366934405290900
North Carolina,2013,Female,1197,443912,269.6,365,0.7387617489039540
North Carolina,2013,Male,2113,382971,551.7,365,1.5116134370201400
North Carolina,2014,Female,1205,466033,258.6,365,0.7083983029128190
North Carolina,2014,Male,2096,401750,521.7,365,1.429362975339060
North Carolina,2015,Female,1331,486735,273.5,365,0.7491911086044260
North Carolina,2015,Male,2152,418691,514.0,365,1.4081722346453400
North Carolina,2016,Female,1374,507240,270.9,366,0.740102980966749
North Carolina,2016,Male,2380,434573,547.7,366,1.4963498055418000
North Carolina,2017,Female,1377,529589,260.0,365,0.7123642560034340
North Carolina,2017,Male,2395,451892,530.0,365,1.452038061221810
North Carolina,2018,Female,1365,546755,249.7,365,0.6839857024439210
North Carolina,2018,Male,2497,463703,538.5,365,1.4753184453003200
North Carolina,2019,Female,1419,567132,250.2,365,0.685496715557703
North Carolina,2019,Male,2516,479376,524.8,365,1.4379423844605300
North Carolina,2020,Female,1482,588723,251.7,366,0.6877904087098440
North Carolina,2020,Male,2768,495759,558.3,366,1.525507662000010
North Carolina,2021,Female,1639,588351,278.6,365,0.7632197376912950
North Carolina,2021,Male,2927,504480,580.2,365,1.589592864373570
North Carolina,2022,Female,1705,591283,288.4,365,0.7900164348902860
North Carolina,2022,Male,2888,506270,570.4,365,1.5628673962753600
North Carolina,2023,Female,1580,605374,261.0,365,0.7150566630360190
North Carolina,2023,Male,2818,518690,543.3,365,1.4884705595260100
North Carolina,2024,Female,1632,619136,263.6,366,0.7201998257963720
North Carolina,2024,Male,2807,530325,529.3,366,1.446169595456340
North Carolina,2025,Female,1747,619136,282.2,365,0.7730613903670620
North Carolina,2025,Male,2917,530325,550.0,365,1.506959095256270
North Dakota,1999,Female,102,24631,414.1,365,1.134554239756890
North Dakota,1999,Male,178,21431,830.6,365,2.275541192089550
North Dakota,2000,Female,89,24567,362.3,366,0.9898213005540110
North Dakota,2000,Male,146,21334,684.4,366,1.8698186173485400
North Dakota,2001,Female,77,24270,317.3,365,0.8692167454041580
North Dakota,2001,Male,157,21019,746.9,365,2.0464198406269100
North Dakota,2002,Female,73,24167,302.1,365,0.8275747920718340
North Dakota,2002,Male,179,20771,861.8,365,2.3610368249198900
North Dakota,2003,Female,69,23913,288.5,365,0.7905369292452260
North Dakota,2003,Male,144,20620,698.4,365,1.913290727183340
North Dakota,2004,Female,77,23699,324.9,366,0.8877273879117350
North Dakota,2004,Male,132,20595,640.9,366,1.751181052221020
North Dakota,2005,Female,50,23391,213.8,365,0.5856367892345900
North Dakota,2005,Male,111,20471,542.2,365,1.485562938015220
North Dakota,2006,Female,73,23496,310.7,365,0.8512087163772560
North Dakota,2006,Male,131,20628,635.1,365,1.739888062774100
North Dakota,2007,Female,55,23468,234.4,365,0.6420868054663770
North Dakota,2007,Male,114,20982,543.3,365,1.4885557483714000
North Dakota,2008,Female,44,23899,184.1,366,0.5030276548599220
North Dakota,2008,Male,95,21440,443.1,366,1.2106475817633100
North Dakota,2009,Female,63,24132,261.1,365,0.7152442388779520
North Dakota,2009,Male,122,22142,551.0,365,1.5095590973826500
North Dakota,2010,Female,52,24336,213.7,365,0.585411544315654
North Dakota,2010,Male,117,22537,519.1,365,1.4223186103096200
North Dakota,2011,Female,47,24785,189.6,365,0.5195365071118470
North Dakota,2011,Male,125,23040,542.5,365,1.4863964992389600
North Dakota,2012,Female,61,25728,237.1,366,0.6478026533996680
North Dakota,2012,Male,118,24240,486.8,366,1.3300510378906700
North Dakota,2013,Female,63,26468,238.0,365,0.652118557223921
North Dakota,2013,Male,119,25517,466.4,365,1.2776870214377600
North Dakota,2014,Female,61,27407,222.6,365,0.609783222064556
North Dakota,2014,Male,118,26802,440.3,365,1.206207265252130
North Dakota,2015,Female,63,28442,221.5,365,0.6068586587653030
North Dakota,2015,Male,130,28154,461.7,365,1.2650578374712100
North Dakota,2016,Female,70,29746,235.3,366,0.6429665521451390
North Dakota,2016,Male,138,29464,468.4,366,1.2796944757258600
North Dakota,2017,Female,60,30822,194.7,365,0.5333319111149040
North Dakota,2017,Male,124,30928,400.9,365,1.0984416302291100
North Dakota,2018,Female,72,32041,224.7,365,0.6156495551718200
North Dakota,2018,Male,169,32181,525.2,365,1.4387797104817700
North Dakota,2019,Female,78,33321,234.1,365,0.6413331836889240
North Dakota,2019,Male,156,33343,467.9,365,1.281820053006550
North Dakota,2020,Female,58,34866,166.4,366,0.45451140181033500
North Dakota,2020,Male,192,34792,551.9,366,1.5077896181145800
North Dakota,2021,Female,90,36295,248.0,365,0.6793644922599630
North Dakota,2021,Male,169,36943,457.5,365,1.2533191636579000
North Dakota,2022,Female,94,36927,254.6,365,0.6974144841859410
North Dakota,2022,Male,189,37482,504.2,365,1.3814850306229200
North Dakota,2023,Female,82,38289,214.2,365,0.5867417123627550
North Dakota,2023,Male,175,38799,451.0,365,1.2357330209400300
North Dakota,2024,Female,91,39411,230.9,366,0.6308743238725760
North Dakota,2024,Male,184,39644,464.1,366,1.268116840977600
North Dakota,2025,Female,82,39411,208.1,365,0.5700376398634270
North Dakota,2025,Male,188,39644,474.2,365,1.2992344192076600
Ohio,1999,Female,2430,441793,550.0,365,1.5069352041737500
Ohio,1999,Male,3713,354275,1048.1,365,2.871385996676600
Ohio,2000,Female,2376,437442,543.2,366,1.4840374903846700
Ohio,2000,Male,3424,352810,970.5,366,2.6516230426661900
Ohio,2001,Female,2217,430853,514.6,365,1.4097552071680400
Ohio,2001,Male,3407,350420,972.3,365,2.6637311156162500
Ohio,2002,Female,2094,425454,492.2,365,1.3484386799442200
Ohio,2002,Male,3084,347813,886.7,365,2.4292694834561000
Ohio,2003,Female,1987,423079,469.7,365,1.2867184654493300
Ohio,2003,Male,2928,347991,841.4,365,2.305208412924240
Ohio,2004,Female,1875,421862,444.5,366,1.2143665036604700
Ohio,2004,Male,2686,348669,770.4,366,2.1048036430562100
Ohio,2005,Female,1693,420786,402.3,365,1.1023076253448500
Ohio,2005,Male,2637,348875,755.9,365,2.0708441517009200
Ohio,2006,Female,1646,424003,388.2,365,1.0635747957198200
Ohio,2006,Male,2469,352937,699.6,365,1.9165980222090200
Ohio,2007,Female,1498,431240,347.4,365,0.951699654262382
Ohio,2007,Male,2306,361391,638.1,365,1.748191908259500
Ohio,2008,Female,1577,444600,354.7,366,0.9691280183083460
Ohio,2008,Male,2478,375161,660.5,366,1.8046896674437600
Ohio,2009,Female,1539,454442,338.7,365,0.9278276119206380
Ohio,2009,Male,2182,385239,566.4,365,1.5517853051692100
Ohio,2010,Female,1492,459295,324.8,365,0.8899881846910400
Ohio,2010,Male,2354,390939,602.1,365,1.649698563840690
Ohio,2011,Female,1500,467780,320.7,365,0.8785303008029180
Ohio,2011,Male,2328,401492,579.8,365,1.5885950882659700
Ohio,2012,Female,1500,495471,302.7,366,0.8271645879855140
Ohio,2012,Male,2537,428399,592.2,366,1.6180462580610700
Ohio,2013,Female,1624,516338,314.5,365,0.8617059113396940
Ohio,2013,Male,2658,448724,592.3,365,1.622866568496880
Ohio,2014,Female,1618,537609,301.0,365,0.8245540369169350
Ohio,2014,Male,2812,468149,600.7,365,1.6456533259797800
Ohio,2015,Female,1765,557570,316.6,365,0.8672662514762570
Ohio,2015,Male,2944,487159,604.3,365,1.6556716440951600
Ohio,2016,Female,1751,576294,303.8,366,0.8301583923248340
Ohio,2016,Male,3005,504736,595.4,366,1.6266686968358100
Ohio,2017,Female,1871,596863,313.5,365,0.8588281393318520
Ohio,2017,Male,3045,523728,581.4,365,1.5929004661627100
Ohio,2018,Female,1917,611989,313.2,365,0.858194313054736
Ohio,2018,Male,3412,538386,633.7,365,1.7362905434910000
Ohio,2019,Female,1980,632609,313.0,365,0.8575055894314770
Ohio,2019,Male,3418,556634,614.0,365,1.6823233150766600
Ohio,2020,Female,2186,656291,333.1,366,0.9100654428642810
Ohio,2020,Male,3791,576945,657.1,366,1.7953051845960600
Ohio,2021,Female,2304,669110,344.3,365,0.9433917841794750
Ohio,2021,Male,4043,600268,673.5,365,1.8452944899223600
Ohio,2022,Female,2283,671242,340.1,365,0.9318240694932600
Ohio,2022,Male,3972,600784,661.1,365,1.8113318232213100
Ohio,2023,Female,2043,687822,297.0,365,0.8137658106272560
Ohio,2023,Male,3679,615969,597.3,365,1.6363570333563100
Ohio,2024,Female,2232,698721,319.4,366,0.8727890897422150
Ohio,2024,Male,3740,625708,597.7,366,1.6331226762280000
Ohio,2025,Female,2162,698721,309.4,365,0.8477328821135870
Ohio,2025,Male,3846,625708,614.7,365,1.6840101615082200
Oklahoma,1999,Female,819,132390,618.6,365,1.6948679027406600
Oklahoma,1999,Male,1249,109473,1140.9,365,3.125809841896340
Oklahoma,2000,Female,736,132406,555.9,366,1.5187596949901300
Oklahoma,2000,Male,1196,110093,1086.4,366,2.9681810495140700
Oklahoma,2001,Female,703,131858,533.1,365,1.460683005399960
Oklahoma,2001,Male,1125,110732,1016.0,365,2.7834698017031400
Oklahoma,2002,Female,762,131560,579.2,365,1.5868586446311300
Oklahoma,2002,Male,1164,111095,1047.8,365,2.8705532165177600
Oklahoma,2003,Female,705,131986,534.1,365,1.463417975630040
Oklahoma,2003,Male,1152,112159,1027.1,365,2.814009026080510
Oklahoma,2004,Female,642,133138,482.2,366,1.317503913725410
Oklahoma,2004,Male,1044,113618,918.9,366,2.5105696424804500
Oklahoma,2005,Female,644,134472,478.9,365,1.312082486795640
Oklahoma,2005,Male,985,114930,857.0,365,2.3480641581713200
Oklahoma,2006,Female,605,137127,441.2,365,1.2087584841609200
Oklahoma,2006,Male,991,117825,841.1,365,2.3043229307453300
Oklahoma,2007,Female,658,139702,471.0,365,1.2904179797192600
Oklahoma,2007,Male,931,120523,772.5,365,2.116347030448010
Oklahoma,2008,Female,617,143212,430.8,366,1.177130652268510
Oklahoma,2008,Male,977,124583,784.2,366,2.1426670630052500
Oklahoma,2009,Female,587,147016,399.3,365,1.0939075869852200
Oklahoma,2009,Male,979,128774,760.2,365,2.0828674894170500
Oklahoma,2010,Female,650,149352,435.2,365,1.1923656313997900
Oklahoma,2010,Male,893,131115,681.1,365,1.86597669409736
Oklahoma,2011,Female,622,152774,407.1,365,1.115444767461150
Oklahoma,2011,Male,1000,134530,743.3,365,2.0365167824256700
Oklahoma,2012,Female,640,160765,398.1,366,1.0876956301318200
Oklahoma,2012,Male,994,141681,701.6,366,1.9168745241320400
Oklahoma,2013,Female,690,166606,414.2,365,1.1346595914337500
Oklahoma,2013,Male,1091,146913,742.6,365,2.0345654202762300
Oklahoma,2014,Female,657,171530,383.0,365,1.0493791173555600
Oklahoma,2014,Male,1124,151168,743.5,365,2.037105772911280
Oklahoma,2015,Female,742,176501,420.4,365,1.1517649828209300
Oklahoma,2015,Male,1167,155676,749.6,365,2.0537913833684100
Oklahoma,2016,Female,786,181736,432.5,366,1.1816816610944200
Oklahoma,2016,Male,1235,160154,771.1,366,2.106920176761560
Oklahoma,2017,Female,808,186529,433.2,365,1.1867852345410000
Oklahoma,2017,Male,1288,164202,784.4,365,2.1490402816577600
Oklahoma,2018,Female,869,190891,455.2,365,1.2472153835477900
Oklahoma,2018,Male,1362,167755,811.9,365,2.2243789152723100
Oklahoma,2019,Female,946,195854,483.0,365,1.3233228945632000
Oklahoma,2019,Male,1470,172196,853.7,365,2.3388448397604900
Oklahoma,2020,Female,996,202751,491.2,366,1.3421938611448700
Oklahoma,2020,Male,1663,177796,935.3,366,2.5555782171671700
Oklahoma,2021,Female,1045,198827,525.6,365,1.4399521687849900
Oklahoma,2021,Male,1647,178229,924.1,365,2.531759010667900
Oklahoma,2022,Female,1098,199074,551.6,365,1.511106009866780
Oklahoma,2022,Male,1690,177870,950.1,365,2.6031016957898300
Oklahoma,2023,Female,964,203991,472.6,365,1.2947119678863100
Oklahoma,2023,Male,1635,181914,898.8,365,2.462400944839060
Oklahoma,2024,Female,1057,207545,509.3,366,1.3914949249928900
Oklahoma,2024,Male,1700,185252,917.7,366,2.507292090325290
Oklahoma,2025,Female,1132,207545,545.4,365,1.4943120108958100
Oklahoma,2025,Male,1780,185252,960.9,365,2.6324748606045400
Oregon,1999,Female,441,118376,372.5,365,1.0206622778960200
Oregon,1999,Male,768,101726,755.0,365,2.0684088522512400
Oregon,2000,Female,377,117639,320.5,366,0.87560642712769
Oregon,2000,Male,729,101703,716.8,366,1.9584508605336400
Oregon,2001,Female,406,117053,346.9,365,0.9502778802109200
Oregon,2001,Male,665,102448,649.1,365,1.778382992561280
Oregon,2002,Female,412,117668,350.1,365,0.9592813027226360
Oregon,2002,Male,692,103625,667.8,365,1.8295685509856700
Oregon,2003,Female,359,119218,301.1,365,0.8250110250428770
Oregon,2003,Male,682,105473,646.6,365,1.7715369342722100
Oregon,2004,Female,365,121229,301.1,366,0.8226313502238260
Oregon,2004,Male,578,108161,534.4,366,1.4600780065620700
Oregon,2005,Female,358,123579,289.7,365,0.7936800895040570
Oregon,2005,Male,539,111748,482.3,365,1.3214664501978800
Oregon,2006,Female,311,127700,243.5,365,0.6672316323575160
Oregon,2006,Male,606,116242,521.3,365,1.4282909555950000
Oregon,2007,Female,312,132650,235.2,365,0.6443984323768900
Oregon,2007,Male,597,120976,493.5,365,1.3520172913273400
Oregon,2008,Female,296,139424,212.3,366,0.5800602259287550
Oregon,2008,Male,604,127738,472.8,366,1.291920355762350
Oregon,2009,Female,315,146322,215.3,365,0.5898044713919560
Oregon,2009,Male,586,134419,436.0,365,1.1943843147581800
Oregon,2010,Female,319,150991,211.3,365,0.5788243026006360
Oregon,2010,Male,576,139050,414.2,365,1.1349026909606800
Oregon,2011,Female,272,158873,171.2,365,0.4690573473479160
Oregon,2011,Male,613,146392,418.7,365,1.1472293942254500
Oregon,2012,Female,269,172089,156.3,366,0.42708870270361800
Oregon,2012,Male,586,158668,369.3,366,1.0090836817599400
Oregon,2013,Female,352,183437,191.9,365,0.5257301207738000
Oregon,2013,Male,700,169566,412.8,365,1.1310098835722300
Oregon,2014,Female,339,194525,174.3,365,0.4774538610912070
Oregon,2014,Male,654,179483,364.4,365,0.9983011326520110
Oregon,2015,Female,363,206050,176.2,365,0.482659814581512
Oregon,2015,Male,712,189056,376.6,365,1.031802710047210
Oregon,2016,Female,364,216975,167.8,366,0.4583641060609210
Oregon,2016,Male,773,198672,389.1,366,1.0630697118484200
Oregon,2017,Female,407,225816,180.2,365,0.49379516648540600
Oregon,2017,Male,764,205907,371.0,365,1.0165514940878700
Oregon,2018,Female,374,235245,159.0,365,0.4355703773710710
Oregon,2018,Male,753,212947,353.6,365,0.9687920931640910
Oregon,2019,Female,421,244571,172.1,365,0.4716113756472540
Oregon,2019,Male,849,220027,385.9,365,1.057155438769000
Oregon,2020,Female,434,252888,171.6,366,0.46890020472571900
Oregon,2020,Male,889,225664,393.9,366,1.0763620908225900
Oregon,2021,Female,523,252702,207.0,365,0.5670223078284960
Oregon,2021,Male,1023,229339,446.1,365,1.222094683428200
Oregon,2022,Female,512,251023,204.0,365,0.5588092429886490
Oregon,2022,Male,1006,227106,443.0,365,1.2136026276547700
Oregon,2023,Female,428,254309,168.3,365,0.4610936851334510
Oregon,2023,Male,991,228384,433.9,365,1.1888172959360900
Oregon,2024,Female,420,255730,164.2,366,0.44873146819167000
Oregon,2024,Male,963,228353,421.7,366,1.1522281472035000
Oregon,2025,Female,496,255730,194.0,365,0.5313823601411810
Oregon,2025,Male,908,228353,397.6,365,1.0893972196015400
Pennsylvania,1999,Female,2841,548864,517.6,365,1.4181220928746700
Pennsylvania,1999,Male,4408,433220,1017.5,365,2.787662695343500
Pennsylvania,2000,Female,2664,539758,493.6,366,1.3485096144179700
Pennsylvania,2000,Male,4053,429514,943.6,366,2.5782094394602500
Pennsylvania,2001,Female,2430,525680,462.3,365,1.2664613922111100
Pennsylvania,2001,Male,3793,421876,899.1,365,2.463231096795700
Pennsylvania,2002,Female,2394,515216,464.7,365,1.273039678424010
Pennsylvania,2002,Male,3560,415767,856.2,365,2.3458871573583900
Pennsylvania,2003,Female,2154,506036,425.7,365,1.1661956586119800
Pennsylvania,2003,Male,3486,411575,847.0,365,2.3205211520395700
Pennsylvania,2004,Female,2006,499133,401.9,366,1.098078932256510
Pennsylvania,2004,Male,3172,409229,775.1,366,2.1178036421335400
Pennsylvania,2005,Female,1953,492779,396.3,365,1.0858183752771200
Pennsylvania,2005,Male,3016,407849,739.5,365,2.0259982735350900
Pennsylvania,2006,Female,1806,491401,367.5,365,1.006905807167560
Pennsylvania,2006,Male,2802,410100,683.2,365,1.8719122967001000
Pennsylvania,2007,Female,1610,496007,324.6,365,0.8892936801516090
Pennsylvania,2007,Male,2637,416314,633.4,365,1.7353866394708300
Pennsylvania,2008,Female,1691,510289,331.4,366,0.9054121447326850
Pennsylvania,2008,Male,2698,431247,625.6,366,1.7093648650201700
Pennsylvania,2009,Female,1573,522663,301.0,365,0.8245445040295350
Pennsylvania,2009,Male,2696,443377,608.1,365,1.6659189290069200
Pennsylvania,2010,Female,1642,528698,310.6,365,0.8508884347938330
Pennsylvania,2010,Male,2701,450840,599.1,365,1.6413805341141000
Pennsylvania,2011,Female,1568,538036,291.4,365,0.7984392142828560
Pennsylvania,2011,Male,2561,461900,554.4,365,1.5190383970912300
Pennsylvania,2012,Female,1551,569822,272.2,366,0.7436892429623260
Pennsylvania,2012,Male,2718,493174,551.1,366,1.5058031259143300
Pennsylvania,2013,Female,1600,593822,269.4,365,0.7381945505278710
Pennsylvania,2013,Male,2790,516679,540.0,365,1.4794167396852500
Pennsylvania,2014,Female,1674,615354,272.0,365,0.7453110518275680
Pennsylvania,2014,Male,2941,537315,547.4,365,1.4995922776351600
Pennsylvania,2015,Female,1812,637707,284.1,365,0.7784740580931110
Pennsylvania,2015,Male,3044,558921,544.6,365,1.4921117702496900
Pennsylvania,2016,Female,1892,658411,287.4,366,0.7851325246850110
Pennsylvania,2016,Male,3171,578595,548.1,366,1.4974091421857300
Pennsylvania,2017,Female,1875,679516,275.9,365,0.755977239883956
Pennsylvania,2017,Male,3296,599768,549.5,365,1.5056049983162400
Pennsylvania,2018,Female,1893,695329,272.2,365,0.7458773285542550
Pennsylvania,2018,Male,3510,615421,570.3,365,1.562578845402480
Pennsylvania,2019,Female,1944,718132,270.7,365,0.7416501976322280
Pennsylvania,2019,Male,3460,635961,544.1,365,1.490571285785530
Pennsylvania,2020,Female,2101,742941,282.8,366,0.7726639340768580
Pennsylvania,2020,Male,3818,658317,580.0,366,1.5846004264011200
Pennsylvania,2021,Female,2123,764329,277.8,365,0.7609862187833230
Pennsylvania,2021,Male,3974,692105,574.2,365,1.5731241983335900
Pennsylvania,2022,Female,2173,766003,283.7,365,0.7772064414283290
Pennsylvania,2022,Male,3880,693682,559.3,365,1.5324222030125300
Pennsylvania,2023,Female,1977,786078,251.5,365,0.689045916075044
Pennsylvania,2023,Male,3728,711341,524.1,365,1.435837190621230
Pennsylvania,2024,Female,1990,800165,248.7,366,0.6795046609068570
Pennsylvania,2024,Male,3706,725359,510.9,366,1.3959547010665500
Pennsylvania,2025,Female,2051,800165,256.3,365,0.7022524207122010
Pennsylvania,2025,Male,3897,725359,537.3,365,1.471921121646950
Rhode Island,1999,Female,158,41993,376.3,365,1.0308306439853500
Rhode Island,1999,Male,318,33009,963.4,365,2.639379795547670
Rhode Island,2000,Female,174,41133,423.0,366,1.1557869254991700
Rhode Island,2000,Male,296,32551,909.3,366,2.484541701941280
Rhode Island,2001,Female,163,40006,407.4,365,1.1162709155270500
Rhode Island,2001,Male,264,31712,832.5,365,2.280801183252010
Rhode Island,2002,Female,156,39017,399.8,365,1.0954129232744000
Rhode Island,2002,Male,280,31007,903.0,365,2.4740325980302300
Rhode Island,2003,Female,141,38190,369.2,365,1.0115249276329200
Rhode Island,2003,Male,234,30681,762.7,365,2.0895534383200000
Rhode Island,2004,Female,137,37638,364.0,366,0.9945186776415070
Rhode Island,2004,Male,242,30364,797.0,366,2.1775859102633000
Rhode Island,2005,Female,138,36903,374.0,365,1.0245296907590800
Rhode Island,2005,Male,209,30244,691.0,365,1.8932771449743000
Rhode Island,2006,Female,123,36734,334.8,365,0.9173689262532340
Rhode Island,2006,Male,188,30162,623.3,365,1.7076735400526700
Rhode Island,2007,Female,107,37189,287.7,365,0.788272566972779
Rhode Island,2007,Male,194,30688,632.2,365,1.7319696601768400
Rhode Island,2008,Female,109,38352,284.2,366,0.776528493038885
Rhode Island,2008,Male,195,32063,608.2,366,1.6616875689919900
Rhode Island,2009,Female,104,39433,263.7,365,0.7225712140829130
Rhode Island,2009,Male,167,33085,504.8,365,1.3829053848431100
Rhode Island,2010,Female,106,40075,264.5,365,0.7246686435536110
Rhode Island,2010,Male,190,33804,562.1,365,1.5399004413840900
Rhode Island,2011,Female,121,41227,293.5,365,0.8041013154366520
Rhode Island,2011,Male,153,35258,433.9,365,1.1888878614549300
Rhode Island,2012,Female,97,43941,220.8,366,0.6031435843616930
Rhode Island,2012,Male,203,38094,532.9,366,1.455989942623960
Rhode Island,2013,Female,108,46083,234.4,365,0.6420814854911880
Rhode Island,2013,Male,171,40054,426.9,365,1.1696538440229000
Rhode Island,2014,Female,127,47837,265.5,365,0.7273558239008550
Rhode Island,2014,Male,192,41814,459.2,365,1.2580174038845200
Rhode Island,2015,Female,113,49666,227.5,365,0.6233420067971860
Rhode Island,2015,Male,198,43688,453.2,365,1.2416813619864900
Rhode Island,2016,Female,121,51409,235.4,366,0.6430801861467350
Rhode Island,2016,Male,204,45524,448.1,366,1.2243586881212700
Rhode Island,2017,Female,124,53289,232.7,365,0.6375162367416550
Rhode Island,2017,Male,245,47121,519.9,365,1.4244877585627000
Rhode Island,2018,Female,120,54472,220.3,365,0.6035525100742970
Rhode Island,2018,Male,255,48123,529.9,365,1.4517593188003700
Rhode Island,2019,Female,124,56460,219.6,365,0.6017109943274180
Rhode Island,2019,Male,231,49699,464.8,365,1.2734194095027400
Rhode Island,2020,Female,119,58804,202.4,366,0.5529158084855760
Rhode Island,2020,Male,240,51528,465.8,366,1.272585205942460
Rhode Island,2021,Female,120,62014,193.5,365,0.5301498424350490
Rhode Island,2021,Male,246,55341,444.5,365,1.217854037223260
Rhode Island,2022,Female,142,62584,226.9,365,0.6216302823252120
Rhode Island,2022,Male,269,55792,482.1,365,1.3209533649445500
Rhode Island,2023,Female,143,64655,221.2,365,0.6059559537820870
Rhode Island,2023,Male,274,57580,475.9,365,1.3037251328705300
Rhode Island,2024,Female,134,66423,201.7,366,0.5511949453942690
Rhode Island,2024,Male,282,58854,479.2,366,1.3091579217702900
Rhode Island,2025,Female,153,66423,230.3,365,0.6310736976525920
Rhode Island,2025,Male,269,58854,457.1,365,1.2522280581946200
South Carolina,1999,Female,832,149480,556.6,365,1.5249210963302900
South Carolina,1999,Male,1303,119916,1086.6,365,2.976969723555350
South Carolina,2000,Female,771,149235,516.6,366,1.4115705947325900
South Carolina,2000,Male,1215,120813,1005.7,366,2.7477772517424000
South Carolina,2001,Female,722,150436,479.9,365,1.314899486679270
South Carolina,2001,Male,1114,123165,904.5,365,2.4780211866362600
South Carolina,2002,Female,721,151643,475.5,365,1.3026268708436400
South Carolina,2002,Male,1123,125163,897.2,365,2.4581644166144300
South Carolina,2003,Female,713,153465,464.6,365,1.272879586573000
South Carolina,2003,Male,1037,127709,812.0,365,2.2246637984879400
South Carolina,2004,Female,687,156234,439.7,366,1.2014345023028700
South Carolina,2004,Male,1014,131406,771.7,366,2.108344979132380
South Carolina,2005,Female,646,160784,401.8,365,1.10077060758448
South Carolina,2005,Male,1053,136355,772.2,365,2.11575043588377
South Carolina,2006,Female,628,168494,372.7,365,1.0211330642073200
South Carolina,2006,Male,1019,143873,708.3,365,1.9404480492641500
South Carolina,2007,Female,625,174844,357.5,365,0.9793465987527670
South Carolina,2007,Male,1036,150792,687.0,365,1.8822989047055300
South Carolina,2008,Female,628,183649,342.0,366,0.9343078342574800
South Carolina,2008,Male,994,159174,624.5,366,1.7062126946206800
South Carolina,2009,Female,582,191692,303.6,365,0.8318138200578040
South Carolina,2009,Male,1041,167032,623.2,365,1.7074900585040900
South Carolina,2010,Female,660,196976,335.1,365,0.9179895916671020
South Carolina,2010,Male,1072,172067,623.0,365,1.7068852838544700
South Carolina,2011,Female,654,206452,316.8,365,0.8678922083185480
South Carolina,2011,Male,1048,180757,579.8,365,1.5884490651605900
South Carolina,2012,Female,665,222167,299.3,366,0.8178261806255580
South Carolina,2012,Male,1099,194898,563.9,366,1.5406685755816700
South Carolina,2013,Female,695,234564,296.3,365,0.8117654836381950
South Carolina,2013,Male,1229,206360,595.6,365,1.631674397979860
South Carolina,2014,Female,672,248047,270.9,365,0.7422367093377300
South Carolina,2014,Male,1307,218124,599.2,365,1.6416450816087300
South Carolina,2015,Female,752,260734,288.4,365,0.7901823209104830
South Carolina,2015,Male,1337,228749,584.5,365,1.6013244642075500
South Carolina,2016,Female,834,274109,304.3,366,0.8313074450638850
South Carolina,2016,Male,1399,239177,584.9,366,1.5981488067768600
South Carolina,2017,Female,797,286151,278.5,365,0.7630802072456910
South Carolina,2017,Male,1451,247399,586.5,365,1.6068547026275100
South Carolina,2018,Female,810,295984,273.7,365,0.7497628527865630
South Carolina,2018,Male,1504,253847,592.5,365,1.6232407494299600
South Carolina,2019,Female,818,308489,265.2,365,0.7264751386308620
South Carolina,2019,Male,1392,262111,531.1,365,1.4549937355307400
South Carolina,2020,Female,923,321507,287.1,366,0.7843866303058000
South Carolina,2020,Male,1556,271541,573.0,366,1.565644274794080
South Carolina,2021,Female,1027,321374,319.6,365,0.8755215512570980
South Carolina,2021,Male,1736,275635,629.8,365,1.7255299158530800
South Carolina,2022,Female,922,324010,284.6,365,0.7796140234129420
South Carolina,2022,Male,1657,276492,599.3,365,1.6419014030775800
South Carolina,2023,Female,979,332572,294.4,365,0.8064995792856640
South Carolina,2023,Male,1732,282830,612.4,365,1.6777588938415500
South Carolina,2024,Female,983,340882,288.4,366,0.7878950339785540
South Carolina,2024,Male,1759,289532,607.5,366,1.6599239216949200
South Carolina,2025,Female,1015,340882,297.8,365,0.8157725892855060
South Carolina,2025,Male,1824,289532,630.0,365,1.7259785702349300
South Dakota,1999,Female,104,28517,364.7,365,0.9991636807844970
South Dakota,1999,Male,211,24722,853.5,365,2.338331007931490
South Dakota,2000,Female,100,28499,350.9,366,0.9587144942483840
South Dakota,2000,Male,220,24630,893.2,366,2.4404908492686300
South Dakota,2001,Female,98,28092,348.9,365,0.9557637430048820
South Dakota,2001,Male,206,24448,842.6,365,2.3085060603887300
South Dakota,2002,Female,92,27730,331.8,365,0.9089606726308980
South Dakota,2002,Male,170,24259,700.8,365,1.9199201313225400
South Dakota,2003,Female,93,27619,336.7,365,0.9225334753175180
South Dakota,2003,Male,169,24060,702.4,365,1.92441271251096
South Dakota,2004,Female,65,27637,235.2,366,0.6426009639805350
South Dakota,2004,Male,186,24065,772.9,366,2.111766969920950
South Dakota,2005,Female,75,27571,272.0,365,0.7452738459061860
South Dakota,2005,Male,143,24193,591.1,365,1.619397436935510
South Dakota,2006,Female,74,27748,266.7,365,0.7306462664963140
South Dakota,2006,Male,132,24672,535.0,365,1.465806726720320
South Dakota,2007,Female,70,28088,249.2,365,0.6827856092203370
South Dakota,2007,Male,145,25351,572.0,365,1.5670398563078500
South Dakota,2008,Female,69,28788,239.7,366,0.6548721347920470
South Dakota,2008,Male,148,26254,563.7,366,1.5402284783250300
South Dakota,2009,Female,72,29532,243.8,365,0.6679543341886860
South Dakota,2009,Male,142,27114,523.7,365,1.4348347565479500
South Dakota,2010,Female,72,29999,240.0,365,0.6575561651141800
South Dakota,2010,Male,113,27628,409.0,365,1.1205626216008800
South Dakota,2011,Female,68,30634,222.0,365,0.6081522813312450
South Dakota,2011,Male,161,28392,567.1,365,1.5535921752992400
South Dakota,2012,Female,87,32010,271.8,366,0.7425958076625650
South Dakota,2012,Male,155,30124,514.5,366,1.4058467260641400
South Dakota,2013,Female,73,33372,218.7,365,0.5993048064245480
South Dakota,2013,Male,174,32215,540.1,365,1.479783730458240
South Dakota,2014,Female,87,35023,248.4,365,0.6805703805600940
South Dakota,2014,Male,153,34325,445.7,365,1.2212034441129800
South Dakota,2015,Female,98,36788,266.4,365,0.7298389439081540
South Dakota,2015,Male,163,36343,448.5,365,1.228779524160780
South Dakota,2016,Female,91,38885,234.0,366,0.6394082031153940
South Dakota,2016,Male,191,38579,495.1,366,1.3526994569513700
South Dakota,2017,Female,86,40841,210.6,365,0.5769115309521420
South Dakota,2017,Male,214,40388,529.9,365,1.4516722042760600
South Dakota,2018,Female,102,42618,239.3,365,0.6557136768373000
South Dakota,2018,Male,209,42432,492.6,365,1.3494596995805700
South Dakota,2019,Female,97,44657,217.2,365,0.5950991438241130
South Dakota,2019,Male,231,44559,518.4,365,1.4203117492061500
South Dakota,2020,Female,102,47006,217.0,366,0.5928786210061780
South Dakota,2020,Male,253,47035,537.9,366,1.469664782823630
South Dakota,2021,Female,95,48202,197.1,365,0.5399650898359820
South Dakota,2021,Male,236,48850,483.1,365,1.3235933315573300
South Dakota,2022,Female,109,49316,221.0,365,0.6055441175000030
South Dakota,2022,Male,249,49887,499.1,365,1.3674740530036200
South Dakota,2023,Female,130,51161,254.1,365,0.6961638426958890
South Dakota,2023,Male,244,51629,472.6,365,1.2948016631833500
South Dakota,2024,Female,98,52405,187.0,366,0.5109427780584490
South Dakota,2024,Male,243,52602,462.0,366,1.2621847576698800
South Dakota,2025,Female,127,52405,242.3,365,0.663954213299212
South Dakota,2025,Male,257,52602,488.6,365,1.3385604901735600
Tennessee,1999,Female,1250,211999,589.6,365,1.6154121171546000
Tennessee,1999,Male,1852,168714,1097.7,365,3.007440166636870
Tennessee,2000,Female,1235,212378,581.5,366,1.5888260271265000
Tennessee,2000,Male,1780,170474,1044.1,366,2.8528620071929300
Tennessee,2001,Female,1072,213353,502.5,365,1.3765854247982700
Tennessee,2001,Male,1703,173553,981.3,365,2.6883738250894700
Tennessee,2002,Female,1133,214247,528.8,365,1.4488462331052900
Tennessee,2002,Male,1715,175462,977.4,365,2.677861951297890
Tennessee,2003,Female,1126,216313,520.5,365,1.4261424449059100
Tennessee,2003,Male,1663,178952,929.3,365,2.546025964259490
Tennessee,2004,Female,992,219379,452.2,366,1.235479473268270
Tennessee,2004,Male,1540,182974,841.6,366,2.299589161970580
Tennessee,2005,Female,1033,223934,461.3,365,1.2638263891599200
Tennessee,2005,Male,1533,188029,815.3,365,2.2336979933946400
Tennessee,2006,Female,936,231129,405.0,365,1.109503161283890
Tennessee,2006,Male,1559,195803,796.2,365,2.1813929698280100
Tennessee,2007,Female,972,237440,409.4,365,1.1215522652586500
Tennessee,2007,Male,1454,202967,716.4,365,1.9626646912235100
Tennessee,2008,Female,955,246817,386.9,366,1.0571758093998100
Tennessee,2008,Male,1595,213063,748.6,366,2.0453685047463700
Tennessee,2009,Female,937,254620,368.0,365,1.0082174564728700
Tennessee,2009,Male,1553,221462,701.2,365,1.921230062289670
Tennessee,2010,Female,1008,259823,388.0,365,1.0628942917357000
Tennessee,2010,Male,1572,227251,691.7,365,1.8951948792605900
Tennessee,2011,Female,934,267796,348.8,365,0.9555423193733440
Tennessee,2011,Male,1574,235205,669.2,365,1.833434139207620
Tennessee,2012,Female,1023,284545,359.5,366,0.9822987461431810
Tennessee,2012,Male,1708,251615,678.8,366,1.8546853989892000
Tennessee,2013,Female,1034,297830,347.2,365,0.9511723843564340
Tennessee,2013,Male,1750,264093,662.6,365,1.8154667287452500
Tennessee,2014,Female,1117,311118,359.0,365,0.9836377106444310
Tennessee,2014,Male,1906,275180,692.6,365,1.8976371132419400
Tennessee,2015,Female,1168,322452,362.2,365,0.9923957674320520
Tennessee,2015,Male,2016,285240,706.8,365,1.9363650509160300
Tennessee,2016,Female,1186,333917,355.2,366,0.9704319212468800
Tennessee,2016,Male,2104,294492,714.5,366,1.9520509486782100
Tennessee,2017,Female,1201,344499,348.6,365,0.9551293208119940
Tennessee,2017,Male,2165,301650,717.7,365,1.9663540027565300
Tennessee,2018,Female,1219,353704,344.6,365,0.9442149445291150
Tennessee,2018,Male,2211,307898,718.1,365,1.9673834343111500
Tennessee,2019,Female,1264,365024,346.3,365,0.9487084955044430
Tennessee,2019,Male,2286,316372,722.6,365,1.9796359028707100
Tennessee,2020,Female,1429,378540,377.5,366,1.0314290655411500
Tennessee,2020,Male,2519,326330,771.9,366,2.1090655659002200
Tennessee,2021,Female,1580,385465,409.9,365,1.1229987478208600
Tennessee,2021,Male,2592,337047,769.0,365,2.1069375674649800
Tennessee,2022,Female,1463,386632,378.4,365,1.036701353763320
Tennessee,2022,Male,2614,336654,776.5,365,2.127300978338720
Tennessee,2023,Female,1474,393401,374.7,365,1.0265241228119800
Tennessee,2023,Male,2474,342650,722.0,365,1.978135762959530
Tennessee,2024,Female,1476,400823,368.2,366,1.0061266157994700
Tennessee,2024,Male,2568,348610,736.6,366,2.0126770438664800
Tennessee,2025,Female,1573,400823,392.4,365,1.075185066998620
Tennessee,2025,Male,2620,348610,751.6,365,2.059058028106140
Texas,1999,Female,3234,621211,520.6,365,1.4262905796263700
Texas,1999,Male,4980,512505,971.7,365,2.6621858550528000
Texas,2000,Female,3045,624126,487.9,366,1.3330116244392200
Texas,2000,Male,4810,518482,927.7,366,2.5347218423652600
Texas,2001,Female,3059,628964,486.4,365,1.3324803832664900
Texas,2001,Male,4774,527065,905.8,365,2.481563384932510
Texas,2002,Female,3043,633486,480.4,365,1.3160490210312200
Texas,2002,Male,4744,533930,888.5,365,2.4342629696725400
Texas,2003,Female,2907,642387,452.5,365,1.239810824572080
Texas,2003,Male,4546,543891,835.8,365,2.2899431173797600
Texas,2004,Female,2729,652120,418.5,366,1.14339142381854
Texas,2004,Male,4159,555185,749.1,366,2.046775035013930
Texas,2005,Female,2595,662386,391.8,365,1.0733302094391900
Texas,2005,Male,4026,567998,708.8,365,1.9419323635473000
Texas,2006,Female,2467,685443,359.9,365,0.986063627404327
Texas,2006,Male,3797,588469,645.2,365,1.7677634210174900
Texas,2007,Female,2414,705110,342.4,365,0.9379669314202020
Texas,2007,Male,3838,609348,629.9,365,1.7256261599530500
Texas,2008,Female,2370,733835,323.0,366,0.8824067857305220
Texas,2008,Male,3934,638797,615.8,366,1.6826368752172300
Texas,2009,Female,2352,764335,307.7,365,0.8430643129568000
Texas,2009,Male,3947,667915,590.9,365,1.6190231736279300
Texas,2010,Female,2366,785122,301.4,365,0.8256286005005490
Texas,2010,Male,3854,687134,560.9,365,1.536658658949930
Texas,2011,Female,2403,818398,293.6,365,0.8044449820057740
Texas,2011,Male,4109,720163,570.6,365,1.563192533714640
Texas,2012,Female,2521,872738,288.9,366,0.7892377943983770
Texas,2012,Male,4343,771211,563.1,366,1.5386347210528900
Texas,2013,Female,2638,922023,286.1,365,0.7838630121237730
Texas,2013,Male,4601,815700,564.1,365,1.545357294600320
Texas,2014,Female,2837,973507,291.4,365,0.7984126195010440
Texas,2014,Male,4959,859994,576.6,365,1.5798135068224900
Texas,2015,Female,3052,1022229,298.6,365,0.817981473389665
Texas,2015,Male,5224,901067,579.8,365,1.5883756443331400
Texas,2016,Female,3131,1068617,293.0,366,0.8005342240244330
Texas,2016,Male,5517,939832,587.0,366,1.6038792562716800
Texas,2017,Female,3415,1112045,307.1,365,0.8413476418275920
Texas,2017,Male,5777,977191,591.2,365,1.619683077338410
Texas,2018,Female,3429,1154813,296.9,365,0.8135101135807450
Texas,2018,Male,6128,1011716,605.7,365,1.6594618545017000
Texas,2019,Female,3412,1198057,284.8,365,0.7802588028348780
Texas,2019,Male,6056,1046971,578.4,365,1.5847412031391300
Texas,2020,Female,3855,1250181,308.4,366,0.8425009566811450
Texas,2020,Male,6755,1089731,619.9,366,1.6936550536788900
Texas,2021,Female,4079,1263535,322.8,365,0.8844505665259310
Texas,2021,Male,7217,1122779,642.8,365,1.7610413749924100
Texas,2022,Female,4032,1280853,314.8,365,0.8624389639143410
Texas,2022,Male,7148,1133448,630.6,365,1.727786510173880
Texas,2023,Female,3965,1330256,298.1,365,0.8166107650429790
Texas,2023,Male,6894,1178501,585.0,365,1.602686059059490
Texas,2024,Female,4017,1371609,292.9,366,0.8001850262039380
Texas,2024,Male,7182,1217341,590.0,366,1.6119518540550400
Texas,2025,Female,4019,1371609,293.0,365,0.8027768047679470
Texas,2025,Male,7144,1217341,586.9,365,1.6078159480150600
Utah,1999,Female,186,53503,347.6,365,0.952449472171449
Utah,1999,Male,295,47223,624.7,365,1.7114947760248000
Utah,2000,Female,163,53832,302.8,366,0.8273056755402560
Utah,2000,Male,288,47716,603.6,366,1.6491014458496900
Utah,2001,Female,183,54636,334.9,365,0.9176547752648410
Utah,2001,Male,259,48549,533.5,365,1.461593526325750
Utah,2002,Female,166,55426,299.5,365,0.8205436447658960
Utah,2002,Male,257,49484,519.4,365,1.4229035426422600
Utah,2003,Female,157,56701,276.9,365,0.7586056441709490
Utah,2003,Male,227,50637,448.3,365,1.2281884950119000
Utah,2004,Female,131,57960,226.0,366,0.6175353645061410
Utah,2004,Male,225,51872,433.8,366,1.185136679442970
Utah,2005,Female,144,59925,240.3,365,0.6583571930666760
Utah,2005,Male,203,53827,377.1,365,1.0332442520698600
Utah,2006,Female,155,62371,248.5,365,0.6808573443532660
Utah,2006,Male,264,55945,471.9,365,1.292854895402410
Utah,2007,Female,162,64208,252.3,365,0.6912465992374100
Utah,2007,Male,258,58052,444.4,365,1.217614061649030
Utah,2008,Female,141,67297,209.5,366,0.5724562783472430
Utah,2008,Male,241,61015,395.0,366,1.0791935513483400
Utah,2009,Female,143,70527,202.8,365,0.5555047314047220
Utah,2009,Male,242,63720,379.8,365,1.0405111403486100
Utah,2010,Female,160,72588,220.4,365,0.6038961872259350
Utah,2010,Male,249,65636,379.4,365,1.039356116798580
Utah,2011,Female,145,75696,191.6,365,0.5248101273153180
Utah,2011,Male,224,68622,326.4,365,0.8943176097126090
Utah,2012,Female,153,80734,189.5,366,0.5177902579895040
Utah,2012,Male,286,73526,389.0,366,1.062781553501240
Utah,2013,Female,185,85361,216.7,365,0.593771529232897
Utah,2013,Male,288,78083,368.8,365,1.010515856063950
Utah,2014,Female,166,89873,184.7,365,0.5060413255904950
Utah,2014,Male,274,82527,332.0,365,0.9096234341571240
Utah,2015,Female,192,94507,203.2,365,0.5566015186814460
Utah,2015,Male,324,87055,372.2,365,1.019667144766770
Utah,2016,Female,209,99495,210.1,366,0.5739366313544600
Utah,2016,Male,346,91707,377.3,366,1.0308430013595800
Utah,2017,Female,198,104962,188.6,365,0.5168210908944740
Utah,2017,Male,326,96299,338.5,365,0.9274765936629740
Utah,2018,Female,205,109473,187.3,365,0.5130432486699350
Utah,2018,Male,339,100398,337.7,365,0.9250852838579170
Utah,2019,Female,229,114222,200.5,365,0.5492788256850460
Utah,2019,Male,371,105244,352.5,365,0.9657922125388470
Utah,2020,Female,250,119523,209.2,366,0.5714884242276530
Utah,2020,Male,402,110529,363.7,366,0.9937307455398180
Utah,2021,Female,262,123608,212.0,365,0.5807133997622180
Utah,2021,Male,423,116894,361.9,365,0.9914145376059000
Utah,2022,Female,250,125489,199.2,365,0.5458099967720800
Utah,2022,Male,481,118401,406.2,365,1.1130042982560000
Utah,2023,Female,260,129504,200.8,365,0.5500438342624840
Utah,2023,Male,464,122107,380.0,365,1.0410810819300500
Utah,2024,Female,283,133326,212.3,366,0.5799499300330370
Utah,2024,Male,471,125977,373.9,366,1.0215239654076800
Utah,2025,Female,269,133326,201.8,365,0.5527701283844580
Utah,2025,Male,494,125977,392.1,365,1.0743426637673900
Vermont,1999,Female,81,21788,371.8,365,1.0185322572938200
Vermont,1999,Male,141,18607,757.8,365,2.0761077544097000
Vermont,2000,Female,79,21849,361.6,366,0.9879033115269310
Vermont,2000,Male,160,18834,849.5,366,2.3211132523380900
Vermont,2001,Female,78,21598,361.1,365,0.9894371244420150
Vermont,2001,Male,153,18942,807.7,365,2.2129557712584800
Vermont,2002,Female,91,21613,421.0,365,1.1535421667198000
Vermont,2002,Male,121,19021,636.1,365,1.7428465870094600
Vermont,2003,Female,75,21627,346.8,365,0.9501061268543700
Vermont,2003,Male,127,19141,663.5,365,1.8178005615143000
Vermont,2004,Female,63,21677,290.6,366,0.794072738575373
Vermont,2004,Male,118,19464,606.2,366,1.6564137463250100
Vermont,2005,Female,58,21851,265.4,365,0.7272166472428770
Vermont,2005,Male,101,19771,510.8,365,1.399586914000930
Vermont,2006,Female,60,22299,269.1,365,0.737179073697635
Vermont,2006,Male,114,20305,561.4,365,1.538186491619250
Vermont,2007,Female,55,22874,240.4,365,0.658760739297234
Vermont,2007,Male,93,21010,442.6,365,1.2127297503471900
Vermont,2008,Female,48,23958,200.4,366,0.5474060480157220
Vermont,2008,Male,104,22284,466.7,366,1.2751436253118000
Vermont,2009,Female,63,24889,253.1,365,0.6934900547471870
Vermont,2009,Male,101,23251,434.4,365,1.190109366337460
Vermont,2010,Female,48,25618,187.4,365,0.5133376895740050
Vermont,2010,Male,127,23920,530.9,365,1.454620424245200
Vermont,2011,Female,55,26786,205.3,365,0.5625510770807490
Vermont,2011,Male,103,25103,410.3,365,1.124135684268490
Vermont,2012,Female,62,28744,215.7,366,0.5893365819086600
Vermont,2012,Male,131,27070,483.9,366,1.3222146186470600
Vermont,2013,Female,72,30432,236.6,365,0.6482001642107080
Vermont,2013,Male,143,28843,495.8,365,1.3583220258565600
Vermont,2014,Female,68,31949,212.8,365,0.5831211301230510
Vermont,2014,Male,129,30368,424.8,365,1.1638061694357400
Vermont,2015,Female,75,33472,224.1,365,0.6138845962440090
Vermont,2015,Male,160,31755,503.9,365,1.3804319457835400
Vermont,2016,Female,78,34805,224.1,366,0.6123107429919860
Vermont,2016,Male,147,32871,447.2,366,1.2218653045611500
Vermont,2017,Female,65,36381,178.7,365,0.48949229482648100
Vermont,2017,Male,173,34285,504.6,365,1.3824488923427900
Vermont,2018,Female,63,37743,166.9,365,0.45731059991528900
Vermont,2018,Male,179,35150,509.2,365,1.3951947621738500
Vermont,2019,Female,82,38979,210.4,365,0.5763553047707110
Vermont,2019,Male,184,36227,507.9,365,1.3915300440033600
Vermont,2020,Female,91,40097,226.9,366,0.6200810030212260
Vermont,2020,Male,188,37516,501.1,366,1.3691790227790600
Vermont,2021,Female,121,41916,288.7,365,0.7908837897582510
Vermont,2021,Male,194,39795,487.5,365,1.3356121354820200
Vermont,2022,Female,88,42433,207.4,365,0.5681801673484290
Vermont,2022,Male,204,40178,507.7,365,1.3910700124173500
Vermont,2023,Female,69,43453,158.8,365,0.43504728301937900
Vermont,2023,Male,180,41144,437.5,365,1.1985968426295600
Vermont,2024,Female,79,44091,179.2,366,0.4895488751344250
Vermont,2024,Male,191,41596,459.2,366,1.254586795598780
Vermont,2025,Female,84,44091,190.5,365,0.5219590989121810
Vermont,2025,Male,178,41596,427.9,365,1.1723993481986500
Virginia,1999,Female,1193,238587,500.0,365,1.3699376540569800
Virginia,1999,Male,1789,193861,922.8,365,2.528290818170600
Virginia,2000,Female,1163,237662,489.4,366,1.3370230110052500
Virginia,2000,Male,1756,194794,901.5,366,2.4630195014478200
Virginia,2001,Female,1112,238671,465.9,365,1.276474872299420
Virginia,2001,Male,1600,198385,806.5,365,2.209623531938210
Virginia,2002,Female,980,239639,408.9,365,1.1204067396581200
Virginia,2002,Male,1555,201573,771.4,365,2.113514197140860
Virginia,2003,Female,993,242131,410.1,365,1.1235851440771600
Virginia,2003,Male,1526,205193,743.7,365,2.0375070873802800
Virginia,2004,Female,922,245105,376.2,366,1.0277740899043700
Virginia,2004,Male,1473,209307,703.8,366,1.9228168020823100
Virginia,2005,Female,922,249893,369.0,365,1.0108435999648900
Virginia,2005,Male,1381,214575,643.6,365,1.7632816702018500
Virginia,2006,Female,857,255363,335.6,365,0.9194539559291880
Virginia,2006,Male,1360,220008,618.2,365,1.6935872319462400
Virginia,2007,Female,815,262710,310.2,365,0.8499397481362600
Virginia,2007,Male,1344,227502,590.8,365,1.6185316088746100
Virginia,2008,Female,813,274963,295.7,366,0.8078583210867780
Virginia,2008,Male,1315,239365,549.4,366,1.5010114991178300
Virginia,2009,Female,818,286122,285.9,365,0.7832658412883170
Virginia,2009,Male,1359,249336,545.0,365,1.4932812234225600
Virginia,2010,Female,794,293349,270.7,365,0.7415544166686860
Virginia,2010,Male,1409,256455,549.4,365,1.5052441842049200
Virginia,2011,Female,824,305190,270.0,365,0.73971435714648
Virginia,2011,Male,1310,268105,488.6,365,1.3386699598628900
Virginia,2012,Female,827,327611,252.4,366,0.6897090883792230
Virginia,2012,Male,1412,288251,489.9,366,1.3383903255384200
Virginia,2013,Female,895,345077,259.4,365,0.7105819265035190
Virginia,2013,Male,1517,303390,500.0,365,1.3699081655828000
Virginia,2014,Female,919,361838,254.0,365,0.6958385297227160
Virginia,2014,Male,1551,317044,489.2,365,1.3402919053800600
Virginia,2015,Female,915,377423,242.4,365,0.6642015232427520
Virginia,2015,Male,1636,330280,495.3,365,1.357088464582150
Virginia,2016,Female,960,392283,244.7,366,0.6686373917993210
Virginia,2016,Male,1687,342241,492.9,366,1.3467964438762000
Virginia,2017,Female,1049,406157,258.3,365,0.7076013961940150
Virginia,2017,Male,1757,353361,497.2,365,1.362260869234860
Virginia,2018,Female,961,417101,230.4,365,0.6312324142902480
Virginia,2018,Male,1834,361937,506.7,365,1.3882685479093300
Virginia,2019,Female,1043,429939,242.6,365,0.6646371337737080
Virginia,2019,Male,1817,372352,488.0,365,1.3369290863969600
Virginia,2020,Female,1138,443742,256.5,366,0.7006976165173320
Virginia,2020,Male,1970,383824,513.3,366,1.4023390046485300
Virginia,2021,Female,1221,449111,271.9,365,0.7448504889553040
Virginia,2021,Male,2046,395424,517.4,365,1.4175870589683000
Virginia,2022,Female,1231,451353,272.7,365,0.7472206321274100
Virginia,2022,Male,2181,397301,549.0,365,1.5039837467696800
Virginia,2023,Female,1237,461467,268.1,365,0.7344059479638660
Virginia,2023,Male,2036,405532,502.1,365,1.3754974186453400
Virginia,2024,Female,1258,470530,267.4,366,0.7304865725767440
Virginia,2024,Male,2087,413089,505.2,366,1.3803770597497700
Virginia,2025,Female,1254,470530,266.5,365,0.7301588503084110
Virginia,2025,Male,2258,413089,546.6,365,1.4975710730285800
Washington,1999,Female,686,180586,379.9,365,1.0407518051202900
Washington,1999,Male,1237,155983,793.0,365,2.1726990094371900
Washington,2000,Female,663,180244,367.8,366,1.005012876898020
Washington,2000,Male,1209,156922,770.4,366,2.1050449831920300
Washington,2001,Female,652,179837,362.6,365,0.9932891284124030
Washington,2001,Male,1173,158396,740.5,365,2.028901380171840
Washington,2002,Female,593,180740,328.1,365,0.8988920738334490
Washington,2002,Male,1107,160719,688.8,365,1.8870679336785100
Washington,2003,Female,562,183154,306.8,365,0.8406728913358490
Washington,2003,Male,1068,164298,650.0,365,1.7809269724891800
Washington,2004,Female,589,186506,315.8,366,0.862862115688685
Washington,2004,Male,922,168605,546.8,366,1.4940990380238500
Washington,2005,Female,544,191037,284.8,365,0.7801687416071810
Washington,2005,Male,1017,174097,584.2,365,1.6004304323813800
Washington,2006,Female,516,197762,260.9,365,0.714848469441544
Washington,2006,Male,971,181065,536.3,365,1.4692369992007000
Washington,2007,Female,512,205202,249.5,365,0.6835896950455640
Washington,2007,Male,981,188923,519.3,365,1.4226278604916900
Washington,2008,Female,541,216136,250.3,366,0.6838944352179800
Washington,2008,Male,1012,200342,505.1,366,1.3801535985486700
Washington,2009,Female,554,228553,242.4,365,0.6640946385206420
Washington,2009,Male,1001,211813,472.6,365,1.2947579956965100
Washington,2010,Female,484,237396,203.9,365,0.5585719208665160
Washington,2010,Male,957,219824,435.3,365,1.192735009925750
Washington,2011,Female,543,251525,215.9,365,0.5914605835907810
Washington,2011,Male,1048,232867,450.0,365,1.2329925995148900
Washington,2012,Female,543,271468,200.0,366,0.5465125014281790
Washington,2012,Male,1062,251251,422.7,366,1.1548767345253500
Washington,2013,Female,554,290361,190.8,365,0.5227314340349020
Washington,2013,Male,1066,267544,398.4,365,1.0916140691645000
Washington,2014,Female,573,307490,186.3,365,0.5105411602649290
Washington,2014,Male,1197,282829,423.2,365,1.159517607739840
Washington,2015,Female,649,324896,199.8,365,0.5472773416049510
Washington,2015,Male,1162,298408,389.4,365,1.0668486246466600
Washington,2016,Female,652,343325,189.9,366,0.5188730110033710
Washington,2016,Male,1333,313182,425.6,366,1.1629265100587600
Washington,2017,Female,669,357398,187.2,365,0.5128391071938760
Washington,2017,Male,1478,324365,455.7,365,1.248382244845510
Washington,2018,Female,735,372307,197.4,365,0.5408704725232100
Washington,2018,Male,1467,336501,436.0,365,1.1944030128266400
Washington,2019,Female,747,387277,192.9,365,0.5284525914179650
Washington,2019,Male,1481,348247,425.3,365,1.1651311415677200
Washington,2020,Female,825,400347,206.1,366,0.5630361562983460
Washington,2020,Male,1576,358158,440.0,366,1.202265739970000
Washington,2021,Female,904,402495,224.6,365,0.6153398995682240
Washington,2021,Male,1762,367500,479.5,365,1.3135774857888400
Washington,2022,Female,886,403539,219.6,365,0.6015273022617330
Washington,2022,Male,1734,367853,471.4,365,1.2914628755255100
Washington,2023,Female,790,411547,192.0,365,0.5259140661075980
Washington,2023,Male,1559,375080,415.6,365,1.138752499923300
Washington,2024,Female,870,417955,208.2,366,0.5687332799770000
Washington,2024,Male,1590,380548,417.8,366,1.141580640308700
Washington,2025,Female,783,417955,187.3,365,0.5132623080121200
Washington,2025,Male,1649,380548,433.3,365,1.1871848542570400
West Virginia,1999,Female,534,82901,644.1,365,1.76477207588586
West Virginia,1999,Male,727,66570,1092.1,365,2.9920096468646700
West Virginia,2000,Female,495,82055,603.3,366,1.648234740592830
West Virginia,2000,Male,744,66408,1120.3,366,3.061057229920950
West Virginia,2001,Female,465,81052,573.7,365,1.5717966277694900
West Virginia,2001,Male,610,66479,917.6,365,2.5139260168058000
West Virginia,2002,Female,435,80614,539.6,365,1.4783794650033600
West Virginia,2002,Male,588,66444,885.0,365,2.424536307431200
West Virginia,2003,Female,425,80431,528.4,365,1.4476800756472400
West Virginia,2003,Male,641,67026,956.3,365,2.620124106408920
West Virginia,2004,Female,369,80250,459.8,366,1.2563199019457600
West Virginia,2004,Male,589,67898,867.5,366,2.370157615079000
West Virginia,2005,Female,351,79977,438.9,365,1.2024004846598900
West Virginia,2005,Male,540,68614,787.0,365,2.156195608468420
West Virginia,2006,Female,357,80483,443.6,365,1.2152655738240600
West Virginia,2006,Male,548,69995,782.9,365,2.14496730196971
West Virginia,2007,Female,334,81605,409.3,365,1.1213387576137300
West Virginia,2007,Male,520,71893,723.3,365,1.9816359509918600
West Virginia,2008,Female,355,83524,425.0,366,1.1612774234845800
West Virginia,2008,Male,494,74549,662.7,366,1.8105229794581900
West Virginia,2009,Female,306,84995,360.0,365,0.9863593910036610
West Virginia,2009,Male,524,76718,683.0,365,1.8712902296151700
West Virginia,2010,Female,319,85624,372.6,365,1.020709850905970
West Virginia,2010,Male,538,77896,690.7,365,1.8922314403046700
West Virginia,2011,Female,317,86891,364.8,365,0.9995202618049410
West Virginia,2011,Male,505,79682,633.8,365,1.7363540621917300
West Virginia,2012,Female,305,91655,332.8,366,0.9092066262978930
West Virginia,2012,Male,533,84659,629.6,366,1.720176417162340
West Virginia,2013,Female,329,95078,346.0,365,0.9480319979529420
West Virginia,2013,Male,532,88268,602.7,365,1.6512600790494200
West Virginia,2014,Female,304,98945,307.2,365,0.8417572513303020
West Virginia,2014,Male,533,91819,580.5,365,1.5903832241722700
West Virginia,2015,Female,329,102249,321.8,365,0.8815439398074300
West Virginia,2015,Male,544,95115,571.9,365,1.566956798511390
West Virginia,2016,Female,332,105381,315.0,366,0.8607849850889740
West Virginia,2016,Male,604,97646,618.6,366,1.6900571698213100
West Virginia,2017,Female,363,108259,335.3,365,0.9186493020859290
West Virginia,2017,Male,628,100275,626.3,365,1.7158294143161100
West Virginia,2018,Female,363,110766,327.7,365,0.8978572377310780
West Virginia,2018,Male,615,102071,602.5,365,1.6507445864636500
West Virginia,2019,Female,381,113196,336.6,365,0.9221488537036260
West Virginia,2019,Male,663,104127,636.7,365,1.7444451066144100
West Virginia,2020,Female,407,116238,350.1,366,0.9566766960232430
West Virginia,2020,Male,714,105938,674.0,366,1.841473005088970
West Virginia,2021,Female,472,116709,404.4,365,1.108012822431440
West Virginia,2021,Male,779,107639,723.7,365,1.9827818684143000
West Virginia,2022,Female,471,115370,408.3,365,1.1184978407767300
West Virginia,2022,Male,741,105582,701.8,365,1.9228059577403100
West Virginia,2023,Female,396,116194,340.8,365,0.9337242085213650
West Virginia,2023,Male,769,106087,724.9,365,1.9859637043827200
West Virginia,2024,Female,393,115923,339.0,366,0.9262790747334680
West Virginia,2024,Male,728,106132,685.9,366,1.874148266546720
West Virginia,2025,Female,450,115923,388.2,365,1.0635307163623800
West Virginia,2025,Male,834,106132,785.8,365,2.1529147729707500
Wisconsin,1999,Female,822,192272,427.5,365,1.1712858838107200
Wisconsin,1999,Male,1522,164267,926.5,365,2.538466651061160
Wisconsin,2000,Female,776,190926,406.4,366,1.1104923264694000
Wisconsin,2000,Male,1358,164381,826.1,366,2.2571845369362700
Wisconsin,2001,Female,736,189519,388.4,365,1.0639768868368800
Wisconsin,2001,Male,1310,163916,799.2,365,2.18956117516924
Wisconsin,2002,Female,657,188453,348.6,365,0.955145314746913
Wisconsin,2002,Male,1210,163703,739.1,365,2.0250505446758400
Wisconsin,2003,Female,619,188087,329.1,365,0.9016521136276850
Wisconsin,2003,Male,1170,164602,710.8,365,1.9474122137366500
Wisconsin,2004,Female,592,188555,314.0,366,0.8578326423578340
Wisconsin,2004,Male,1065,166065,641.3,366,1.7522271794621200
Wisconsin,2005,Female,566,188801,299.8,365,0.8213330075088850
Wisconsin,2005,Male,1018,167237,608.7,365,1.6677177274708400
Wisconsin,2006,Female,519,190298,272.7,365,0.7472058603974700
Wisconsin,2006,Male,984,169243,581.4,365,1.5929110279059700
Wisconsin,2007,Female,475,194078,244.7,365,0.6705396093393890
Wisconsin,2007,Male,963,173316,555.6,365,1.522280784453580
Wisconsin,2008,Female,546,200849,271.8,366,0.7427486712348700
Wisconsin,2008,Male,953,179957,529.6,366,1.446915172297840
Wisconsin,2009,Female,541,206582,261.9,365,0.7174835081574960
Wisconsin,2009,Male,950,186156,510.3,365,1.3981497915873800
Wisconsin,2010,Female,543,210261,258.3,365,0.7075355072394370
Wisconsin,2010,Male,962,190235,505.7,365,1.3854529599475200
Wisconsin,2011,Female,513,215590,238.0,365,0.6519223767590310
Wisconsin,2011,Male,1016,196369,517.4,365,1.4175158216600500
Wisconsin,2012,Female,554,229497,241.4,366,0.659555986433719
Wisconsin,2012,Male,1009,210664,479.0,366,1.3086386858186000
Wisconsin,2013,Female,531,240448,220.8,365,0.6050349849231210
Wisconsin,2013,Male,1073,222183,482.9,365,1.3231102412863500
Wisconsin,2014,Female,592,251177,235.7,365,0.6457270403815550
Wisconsin,2014,Male,1100,233055,472.0,365,1.2931276437480400
Wisconsin,2015,Female,597,262707,227.2,365,0.6226010111478430
Wisconsin,2015,Male,1116,244959,455.6,365,1.2481820413111300
Wisconsin,2016,Female,592,274005,216.1,366,0.5903127091833410
Wisconsin,2016,Male,1161,256666,452.3,366,1.2358984624145700
Wisconsin,2017,Female,631,284619,221.7,365,0.6073969493560410
Wisconsin,2017,Male,1335,267790,498.5,365,1.3658218180571900
Wisconsin,2018,Female,686,294201,233.2,365,0.6388326534561480
Wisconsin,2018,Male,1327,277422,478.3,365,1.3105004067291600
Wisconsin,2019,Female,667,306271,217.8,365,0.5966602323674040
Wisconsin,2019,Male,1400,288477,485.3,365,1.3296090982491400
Wisconsin,2020,Female,712,319437,222.9,366,0.6089949477539640
Wisconsin,2020,Male,1505,300987,500.0,366,1.3661792229975000
Wisconsin,2021,Female,776,329557,235.5,365,0.6451167468026090
Wisconsin,2021,Male,1565,316408,494.6,365,1.3551083515197800
Wisconsin,2022,Female,788,334337,235.7,365,0.6457269490331730
Wisconsin,2022,Male,1584,320854,493.7,365,1.3525547530644000
Wisconsin,2023,Female,789,345467,228.4,365,0.6257164463223520
Wisconsin,2023,Male,1583,331135,478.1,365,1.3097335833934400
Wisconsin,2024,Female,775,353859,219.0,366,0.5983983278079160
Wisconsin,2024,Male,1553,338940,458.2,366,1.2518939632109200
Wisconsin,2025,Female,818,353859,231.2,365,0.6333301937808450
Wisconsin,2025,Male,1580,338940,466.2,365,1.277148499229270
Wyoming,1999,Female,74,16237,455.7,365,1.248627985634030
Wyoming,1999,Male,97,14867,652.5,365,1.787539010274660
Wyoming,2000,Female,63,16324,385.9,366,1.0544667210302800
Wyoming,2000,Male,117,15019,779.0,366,2.128451502413880
Wyoming,2001,Female,63,16489,382.1,365,1.0467750605011100
Wyoming,2001,Male,88,15150,580.9,365,1.5913920159139200
Wyoming,2002,Female,55,16709,329.2,365,0.901818968860191
Wyoming,2002,Male,113,15321,737.5,365,2.0206842966901000
Wyoming,2003,Female,69,16872,409.0,365,1.1204427210195100
Wyoming,2003,Male,97,15621,621.0,365,1.7012574397127900
Wyoming,2004,Female,62,16931,366.2,366,1.0005251143099900
Wyoming,2004,Male,107,15942,671.2,366,1.833833438564520
Wyoming,2005,Female,73,17159,425.4,365,1.1655690891077600
Wyoming,2005,Male,96,16273,589.9,365,1.6162582107179800
Wyoming,2006,Female,64,17487,366.0,365,1.0027018113651600
Wyoming,2006,Male,109,16804,648.7,365,1.7771372112967200
Wyoming,2007,Female,53,17959,295.1,365,0.808538779731916
Wyoming,2007,Male,100,17408,574.4,365,1.5738315874294900
Wyoming,2008,Female,51,18689,272.9,366,0.7455950681956340
Wyoming,2008,Male,104,18277,569.0,366,1.5547026616210600
Wyoming,2009,Female,72,19336,372.4,365,1.0201710486791600
Wyoming,2009,Male,107,19221,556.7,365,1.525158342081610
Wyoming,2010,Female,53,19887,266.5,365,0.730152760356287
Wyoming,2010,Male,97,19681,492.9,365,1.3503044797395200
Wyoming,2011,Female,46,20509,224.3,365,0.6144980118985520
Wyoming,2011,Male,111,20569,539.6,365,1.4784850456565500
Wyoming,2012,Female,64,21797,293.6,366,0.8022360323812550
Wyoming,2012,Male,139,21717,640.1,366,1.7487747882535700
Wyoming,2013,Female,46,22932,200.6,365,0.5495700211942870
Wyoming,2013,Male,117,22882,511.3,365,1.4008738100055900
Wyoming,2014,Female,64,24087,265.7,365,0.7279547712601180
Wyoming,2014,Male,110,24295,452.8,365,1.2404604363601500
Wyoming,2015,Female,72,25176,286.0,365,0.7835250793319140
Wyoming,2015,Male,129,25626,503.4,365,1.379164354695410
Wyoming,2016,Female,77,26442,291.2,366,0.7956376736298400
Wyoming,2016,Male,139,26798,518.7,366,1.4172006148407600
Wyoming,2017,Female,74,27711,267.0,365,0.7316218325841630
Wyoming,2017,Male,132,28233,467.5,365,1.2809259930451500
Wyoming,2018,Female,66,28793,229.2,365,0.6280065217525760
Wyoming,2018,Male,158,29375,537.9,365,1.4736228504809100
Wyoming,2019,Female,81,29971,270.3,365,0.740441787792126
Wyoming,2019,Male,155,30619,506.2,365,1.3869085673816100
Wyoming,2020,Female,90,31617,284.7,366,0.7777513342324140
Wyoming,2020,Male,186,32197,577.7,366,1.5783977429930600
Wyoming,2021,Female,77,32205,239.1,365,0.6550501602533430
Wyoming,2021,Male,185,33212,557.0,365,1.5261029599798100
Wyoming,2022,Female,67,32821,204.1,365,0.5592810817330870
Wyoming,2022,Male,195,33604,580.3,365,1.5898303039592500
Wyoming,2023,Female,75,33773,222.1,365,0.6084133836342480
Wyoming,2023,Male,169,34610,488.3,365,1.3378032321009400
Wyoming,2024,Female,97,34639,280.0,366,0.7651125101890110
Wyoming,2024,Male,187,35211,531.1,366,1.451049279340640
Wyoming,2025,Female,83,34639,239.6,365,0.6564775549928480
Wyoming,2025,Male,175,35211,497.0,365,1.3616541841882400