state,year,age_group,deaths,population,crude_rate,days_in_year,average_daily_crude_rate,source_file
Alabama,1999,65-74 years,2633,315928,833.4,365,2.2833362760302935,1999_2020.csv
Alabama,2000,65-74 years,2599,316748,820.5,366,2.2418745804787603,1999_2020.csv
Alabama,2001,65-74 years,2528,318262,794.3,365,2.1762030645381083,1999_2020.csv
Alabama,2002,65-74 years,2321,318459,728.8,365,1.996773245406486,1999_2020.csv
Alabama,2003,65-74 years,2226,320967,693.5,365,1.9000801132160943,1999_2020.csv
Alabama,2004,65-74 years,2168,323711,669.7,366,1.82987209818621,1999_2020.csv
Alabama,2005,65-74 years,2114,329027,642.5,365,1.7602752424323254,1999_2020.csv
Alabama,2006,65-74 years,2100,336048,624.9,365,1.712084183668478,1999_2020.csv
Alabama,2007,65-74 years,2021,342611,589.9,365,1.6161145734870925,1999_2020.csv
Alabama,2008,65-74 years,2024,354234,571.4,366,1.5611303953908273,1999_2020.csv
Alabama,2009,65-74 years,2091,364755,573.3,365,1.570579463828507,1999_2020.csv
Alabama,2010,65-74 years,2153,370501,581.1,365,1.5920686143860072,1999_2020.csv
Alabama,2011,65-74 years,2013,380180,529.5,365,1.4506466655664907,1999_2020.csv
Alabama,2012,65-74 years,2197,402571,545.7,366,1.4910990211508426,1999_2020.csv
Alabama,2013,65-74 years,2410,418704,575.6,365,1.5769468947102003,1999_2020.csv
Alabama,2014,65-74 years,2378,435428,546.1,365,1.4962447277507844,1999_2020.csv
Alabama,2015,65-74 years,2387,450273,530.1,365,1.4523913331239626,1999_2020.csv
Alabama,2016,65-74 years,2556,464669,550.1,366,1.50292069352099,1999_2020.csv
Alabama,2017,65-74 years,2627,477332,550.4,365,1.5078101350784365,1999_2020.csv
Alabama,2018,65-74 years,2772,487721,568.4,365,1.5571444633192348,1999_2020.csv
Alabama,2019,65-74 years,2929,501447,584.1,365,1.6003002379606568,1999_2020.csv
Alabama,2020,65-74 years,3155,517717,609.4,366,1.6650445280404107,1999_2020.csv
Alabama,2021,65-74 years,3363,541944,620.5,365,1.7001200548648914,2021_2025.csv
Alabama,2022,65-74 years,3167,540882,585.5,365,1.6041784213131745,2021_2025.csv
Alabama,2023,65-74 years,3167,550923,574.9,365,1.5749410223873617,2021_2025.csv
Alabama,2024,65-74 years,3218,560133,574.5,366,1.569689649918137,2021_2025.csv
Alabama,2025,65-74 years,3289,560133,587.2,365,1.608717733843496,2021_2025.csv
Alaska,1999,65-74 years,150,21731,690.3,365,1.891118237124794,1999_2020.csv
Alaska,2000,65-74 years,124,22507,550.9,366,1.50529974766806,1999_2020.csv
Alaska,2001,65-74 years,130,23338,557.0,365,1.5261135639799632,1999_2020.csv
Alaska,2002,65-74 years,102,24115,423.0,365,1.1588308305806367,1999_2020.csv
Alaska,2003,65-74 years,124,25031,495.4,365,1.357221155356399,1999_2020.csv
Alaska,2004,65-74 years,126,25949,485.6,366,1.326688100049972,1999_2020.csv
Alaska,2005,65-74 years,114,26825,425.0,365,1.1643197283253968,1999_2020.csv
Alaska,2006,65-74 years,129,27990,460.9,365,1.2626818775785873,1999_2020.csv
Alaska,2007,65-74 years,119,29703,400.6,365,1.0976244731517826,1999_2020.csv
Alaska,2008,65-74 years,134,31798,421.4,366,1.1513938567810398,1999_2020.csv
Alaska,2009,65-74 years,131,33759,388.0,365,1.0631360810125925,1999_2020.csv
Alaska,2010,65-74 years,112,35350,316.8,365,0.8680320086803202,1999_2020.csv
Alaska,2011,65-74 years,144,37702,381.9,365,1.0464180890807,1999_2020.csv
Alaska,2012,65-74 years,137,41000,334.1,366,0.9129681460749033,1999_2020.csv
Alaska,2013,65-74 years,132,43810,301.3,365,0.8254823912723999,1999_2020.csv
Alaska,2014,65-74 years,144,46606,309.0,365,0.8465016262824647,1999_2020.csv
Alaska,2015,65-74 years,172,49155,349.9,365,0.9586672296049817,1999_2020.csv
Alaska,2016,65-74 years,196,52387,374.1,366,1.0222366726154581,1999_2020.csv
Alaska,2017,65-74 years,199,55904,356.0,365,0.9752530757227655,1999_2020.csv
Alaska,2018,65-74 years,183,58555,312.5,365,0.8562374912709395,1999_2020.csv
Alaska,2019,65-74 years,191,61300,311.6,365,0.8536503609019195,1999_2020.csv
Alaska,2020,65-74 years,197,64158,307.1,366,0.83894661011911,1999_2020.csv
Alaska,2021,65-74 years,252,66426,379.4,365,1.039368558853626,2021_2025.csv
Alaska,2022,65-74 years,256,67276,380.5,365,1.0425261059125077,2021_2025.csv
Alaska,2023,65-74 years,238,69294,343.5,365,0.9409974810525412,2021_2025.csv
Alaska,2024,65-74 years,214,70578,303.2,366,0.8284443502960023,2021_2025.csv
Alaska,2025,65-74 years,249,70578,352.8,365,0.9665785100483405,2021_2025.csv
Arizona,1999,65-74 years,2170,362714,598.3,365,1.6390890562404692,1999_2020.csv
Arizona,2000,65-74 years,2027,363841,557.1,366,1.5221625287200227,1999_2020.csv
Arizona,2001,65-74 years,1994,368912,540.5,365,1.4808446726130182,1999_2020.csv
Arizona,2002,65-74 years,1915,375319,510.2,365,1.3978976130880008,1999_2020.csv
Arizona,2003,65-74 years,1872,383311,488.4,365,1.3380172035990805,1999_2020.csv
Arizona,2004,65-74 years,1793,394895,454.0,366,1.240559415496559,1999_2020.csv
Arizona,2005,65-74 years,1791,408816,438.1,365,1.2002586285929349,1999_2020.csv
Arizona,2006,65-74 years,1707,423965,402.6,365,1.1030892476424052,1999_2020.csv
Arizona,2007,65-74 years,1596,439585,363.1,365,0.9947115437801626,1999_2020.csv
Arizona,2008,65-74 years,1680,461986,363.6,366,0.9935720853935465,1999_2020.csv
Arizona,2009,65-74 years,1674,483182,346.5,365,0.9491871323565475,1999_2020.csv
Arizona,2010,65-74 years,1641,497892,329.6,365,0.9029850672352447,1999_2020.csv
Arizona,2011,65-74 years,1727,521580,331.1,365,0.9071488265108072,1999_2020.csv
Arizona,2012,65-74 years,1862,558589,333.3,366,0.910764747245125,1999_2020.csv
Arizona,2013,65-74 years,1910,590110,323.7,365,0.8867629276454843,1999_2020.csv
Arizona,2014,65-74 years,1903,622486,305.7,365,0.8375607853248085,1999_2020.csv
Arizona,2015,65-74 years,2017,653014,308.9,365,0.8462341385116205,1999_2020.csv
Arizona,2016,65-74 years,2211,682820,323.8,366,0.8847109936084733,1999_2020.csv
Arizona,2017,65-74 years,2293,701409,326.9,365,0.8956531468546763,1999_2020.csv
Arizona,2018,65-74 years,2325,726162,320.2,365,0.8771958617634399,1999_2020.csv
Arizona,2019,65-74 years,2331,751699,310.1,365,0.8495822622968786,1999_2020.csv
Arizona,2020,65-74 years,2806,786905,356.6,366,0.9742810970405152,1999_2020.csv
Arizona,2021,65-74 years,2813,783000,359.3,365,0.9842719431760527,2021_2025.csv
Arizona,2022,65-74 years,2859,780707,366.2,365,1.0033055566721916,2021_2025.csv
Arizona,2023,65-74 years,2865,804936,355.9,365,0.9751477221161869,2021_2025.csv
Arizona,2024,65-74 years,2837,822752,344.8,366,0.9421266821859537,2021_2025.csv
Arizona,2025,65-74 years,2809,822752,341.4,365,0.9353839809515995,2021_2025.csv
Arkansas,1999,65-74 years,1561,197936,788.6,365,2.1606541148488017,1999_2020.csv
Arkansas,2000,65-74 years,1464,198334,738.1,366,2.016799943529602,1999_2020.csv
Arkansas,2001,65-74 years,1500,198248,756.6,365,2.0729535940316626,1999_2020.csv
Arkansas,2002,65-74 years,1408,198262,710.2,365,1.9456750393798823,1999_2020.csv
Arkansas,2003,65-74 years,1326,200441,661.5,365,1.8124419217269756,1999_2020.csv
Arkansas,2004,65-74 years,1294,202755,638.2,366,1.743739550532939,1999_2020.csv
Arkansas,2005,65-74 years,1271,206253,616.2,365,1.6883108516346028,1999_2020.csv
Arkansas,2006,65-74 years,1212,212125,571.4,365,1.565373221075064,1999_2020.csv
Arkansas,2007,65-74 years,1170,217281,538.5,365,1.4752690994862847,1999_2020.csv
Arkansas,2008,65-74 years,1251,224652,556.9,366,1.5214789037645986,1999_2020.csv
Arkansas,2009,65-74 years,1266,230814,548.5,365,1.502722170529054,1999_2020.csv
Arkansas,2010,65-74 years,1242,234602,529.4,365,1.45043082583584,1999_2020.csv
Arkansas,2011,65-74 years,1266,240264,526.9,365,1.4436175002018328,1999_2020.csv
Arkansas,2012,65-74 years,1333,252770,527.4,366,1.440865807940911,1999_2020.csv
Arkansas,2013,65-74 years,1392,261551,532.2,365,1.4581089845334125,1999_2020.csv
Arkansas,2014,65-74 years,1462,270213,541.1,365,1.4823415054252735,1999_2020.csv
Arkansas,2015,65-74 years,1595,277411,575.0,365,1.5752306194414174,1999_2020.csv
Arkansas,2016,65-74 years,1732,283580,610.8,366,1.668749713364296,1999_2020.csv
Arkansas,2017,65-74 years,1771,290509,609.6,365,1.6701908699973316,1999_2020.csv
Arkansas,2018,65-74 years,1663,296011,561.8,365,1.5391875246398423,1999_2020.csv
Arkansas,2019,65-74 years,1851,302829,611.2,365,1.6746192989153381,1999_2020.csv
Arkansas,2020,65-74 years,1788,310489,575.9,366,1.5734038570253195,1999_2020.csv
Arkansas,2021,65-74 years,1855,315422,588.1,365,1.6112356718370684,2021_2025.csv
Arkansas,2022,65-74 years,1873,314714,595.1,365,1.630530211339524,2021_2025.csv
Arkansas,2023,65-74 years,1798,320139,561.6,365,1.5387151822365515,2021_2025.csv
Arkansas,2024,65-74 years,1804,324479,556.0,366,1.5190387509311478,2021_2025.csv
Arkansas,2025,65-74 years,1961,324479,604.4,365,1.6557628505160664,2021_2025.csv
California,1999,65-74 years,11996,1888004,635.4,365,1.740767150104424,1999_2020.csv
California,2000,65-74 years,11103,1887823,588.1,366,1.6069337842462188,1999_2020.csv
California,2001,65-74 years,10734,1897877,565.6,365,1.549532407952791,1999_2020.csv
California,2002,65-74 years,10550,1907462,553.1,365,1.5153177147980457,1999_2020.csv
California,2003,65-74 years,10080,1929662,522.4,365,1.4311541791341895,1999_2020.csv
California,2004,65-74 years,9469,1950335,485.5,366,1.3265200439644242,1999_2020.csv
California,2005,65-74 years,9048,1972493,458.7,365,1.2567365813663425,1999_2020.csv
California,2006,65-74 years,8914,1992873,447.3,365,1.2254628271956707,1999_2020.csv
California,2007,65-74 years,8426,2046051,411.8,365,1.1282676485996348,1999_2020.csv
California,2008,65-74 years,8467,2132744,397.0,366,1.084700263201808,1999_2020.csv
California,2009,65-74 years,8238,2216229,371.7,365,1.0183903835613843,1999_2020.csv
California,2010,65-74 years,7993,2275336,351.3,365,0.9624350046316809,1999_2020.csv
California,2011,65-74 years,8262,2377066,347.6,365,0.9522502294154291,1999_2020.csv
California,2012,65-74 years,8354,2539119,329.0,366,0.898939223093595,1999_2020.csv
California,2013,65-74 years,8845,2688985,328.9,365,0.9011904756749766,1999_2020.csv
California,2014,65-74 years,8933,2834360,315.2,365,0.8634743858486476,1999_2020.csv
California,2015,65-74 years,9702,2977403,325.9,365,0.8927519021713963,1999_2020.csv
California,2016,65-74 years,10078,3089002,326.3,366,0.8914050274387346,1999_2020.csv
California,2017,65-74 years,10542,3195800,329.9,365,0.9037546711565779,1999_2020.csv
California,2018,65-74 years,10665,3285414,324.6,365,0.8893606127627076,1999_2020.csv
California,2019,65-74 years,10784,3386670,318.4,365,0.8723969409317134,1999_2020.csv
California,2020,65-74 years,12045,3469545,347.2,366,0.9485346368349099,1999_2020.csv
California,2021,65-74 years,12242,3558013,344.1,365,0.9426532738187651,2021_2025.csv
California,2022,65-74 years,12491,3560888,350.8,365,0.9610501034634951,2021_2025.csv
California,2023,65-74 years,12041,3660975,328.9,365,0.90109987355528,2021_2025.csv
California,2024,65-74 years,11595,3745476,309.6,366,0.8458291514577174,2021_2025.csv
California,2025,65-74 years,11848,3745476,316.3,365,0.8666528359173238,2021_2025.csv
Colorado,1999,65-74 years,1152,224419,513.3,365,1.4063712892231246,1999_2020.csv
Colorado,2000,65-74 years,1102,226310,486.9,366,1.3304445060972268,1999_2020.csv
Colorado,2001,65-74 years,1053,229542,458.7,365,1.2568207590982543,1999_2020.csv
Colorado,2002,65-74 years,985,231951,424.7,365,1.1634483735729966,1999_2020.csv
Colorado,2003,65-74 years,998,236052,422.8,365,1.158323833452996,1999_2020.csv
Colorado,2004,65-74 years,922,241146,382.3,366,1.0446475094175767,1999_2020.csv
Colorado,2005,65-74 years,921,247777,371.7,365,1.0183704182522497,1999_2020.csv
Colorado,2006,65-74 years,900,257920,348.9,365,0.9560148203541929,1999_2020.csv
Colorado,2007,65-74 years,871,268696,324.2,365,0.888104538163208,1999_2020.csv
Colorado,2008,65-74 years,855,283469,301.6,366,0.8240991338631356,1999_2020.csv
Colorado,2009,65-74 years,899,298945,300.7,365,0.8239019547509198,1999_2020.csv
Colorado,2010,65-74 years,872,309960,281.3,365,0.7707578706576369,1999_2020.csv
Colorado,2011,65-74 years,872,327889,265.9,365,0.7286127609924125,1999_2020.csv
Colorado,2012,65-74 years,959,358320,267.6,366,0.7312509988934396,1999_2020.csv
Colorado,2013,65-74 years,1067,385152,277.0,365,0.7589958435196693,1999_2020.csv
Colorado,2014,65-74 years,1132,409949,276.1,365,0.7565257783318653,1999_2020.csv
Colorado,2015,65-74 years,1142,433698,263.3,365,0.7214160829166081,1999_2020.csv
Colorado,2016,65-74 years,1244,457780,271.7,366,0.742476102893341,1999_2020.csv
Colorado,2017,65-74 years,1299,479220,271.1,365,0.7426451545405118,1999_2020.csv
Colorado,2018,65-74 years,1357,500798,271.0,365,0.7423768104461443,1999_2020.csv
Colorado,2019,65-74 years,1379,522131,264.1,365,0.7235889444949298,1999_2020.csv
Colorado,2020,65-74 years,1557,543363,286.5,366,0.7829201400639605,1999_2020.csv
Colorado,2021,65-74 years,1637,558844,292.9,365,0.8025372924911629,2021_2025.csv
Colorado,2022,65-74 years,1700,560039,303.6,365,0.8316446259234344,2021_2025.csv
Colorado,2023,65-74 years,1663,575044,289.2,365,0.7923157851506396,2021_2025.csv
Colorado,2024,65-74 years,1580,585678,269.8,366,0.7370841811900708,2021_2025.csv
Colorado,2025,65-74 years,1535,585678,262.1,365,0.7180531712058154,2021_2025.csv
Connecticut,1999,65-74 years,1380,233337,591.4,365,1.6203267882111365,1999_2020.csv
Connecticut,2000,65-74 years,1378,231565,595.1,366,1.6259051766909385,1999_2020.csv
Connecticut,2001,65-74 years,1212,228547,530.3,365,1.4528950041809692,1999_2020.csv
Connecticut,2002,65-74 years,1207,225976,534.1,365,1.4633630629219445,1999_2020.csv
Connecticut,2003,65-74 years,1037,225226,460.4,365,1.261442235981174,1999_2020.csv
Connecticut,2004,65-74 years,979,224434,436.2,366,1.191826277648726,1999_2020.csv
Connecticut,2005,65-74 years,892,223702,398.7,365,1.0924513935674942,1999_2020.csv
Connecticut,2006,65-74 years,874,223995,390.2,365,1.0690062492221726,1999_2020.csv
Connecticut,2007,65-74 years,805,229388,350.9,365,0.9614624357223545,1999_2020.csv
Connecticut,2008,65-74 years,769,240580,319.6,366,0.8733447901632985,1999_2020.csv
Connecticut,2009,65-74 years,824,249207,330.6,365,0.9058871727420748,1999_2020.csv
Connecticut,2010,65-74 years,840,254944,329.5,365,0.9026962246664753,1999_2020.csv
Connecticut,2011,65-74 years,794,263470,301.4,365,0.8256509150011101,1999_2020.csv
Connecticut,2012,65-74 years,870,281617,308.9,366,0.8440716222131012,1999_2020.csv
Connecticut,2013,65-74 years,940,294803,318.9,365,0.8735808203286346,1999_2020.csv
Connecticut,2014,65-74 years,857,304917,281.1,365,0.770027648664867,1999_2020.csv
Connecticut,2015,65-74 years,950,314730,301.8,365,0.8269754157618902,1999_2020.csv
Connecticut,2016,65-74 years,983,323968,303.4,366,0.8290301356080774,1999_2020.csv
Connecticut,2017,65-74 years,1014,338263,299.8,365,0.8212787658658565,1999_2020.csv
Connecticut,2018,65-74 years,980,343570,285.2,365,0.7814801952584088,1999_2020.csv
Connecticut,2019,65-74 years,1062,352819,301.0,365,0.8246690345746375,1999_2020.csv
Connecticut,2020,65-74 years,1121,363764,308.2,366,0.8419858837198417,1999_2020.csv
Connecticut,2021,65-74 years,1118,378532,295.4,365,0.8091822352218931,2021_2025.csv
Connecticut,2022,65-74 years,1138,379930,299.5,365,0.8206270152865218,2021_2025.csv
Connecticut,2023,65-74 years,1121,394715,284.0,365,0.7780887163427609,2021_2025.csv
Connecticut,2024,65-74 years,1119,405911,275.7,366,0.7532136476174156,2021_2025.csv
Connecticut,2025,65-74 years,1186,405911,292.2,365,0.8004993874256057,2021_2025.csv
Delaware,1999,65-74 years,427,56195,759.9,365,2.0817919987519,1999_2020.csv
Delaware,2000,65-74 years,335,56415,593.8,366,1.6224418088240493,1999_2020.csv
Delaware,2001,65-74 years,367,56816,645.9,365,1.7697117925492722,1999_2020.csv
Delaware,2002,65-74 years,332,57130,581.1,365,1.5921390532047794,1999_2020.csv
Delaware,2003,65-74 years,335,58090,576.7,365,1.579976276774113,1999_2020.csv
Delaware,2004,65-74 years,355,59275,598.9,366,1.6363481319127067,1999_2020.csv
Delaware,2005,65-74 years,295,60675,486.2,365,1.3320464410089687,1999_2020.csv
Delaware,2006,65-74 years,286,62780,455.6,365,1.2481071102829187,1999_2020.csv
Delaware,2007,65-74 years,280,64947,431.1,365,1.1811527671350992,1999_2020.csv
Delaware,2008,65-74 years,256,68174,375.5,366,1.0259828555058648,1999_2020.csv
Delaware,2009,65-74 years,285,70760,402.8,365,1.1034792507182294,1999_2020.csv
Delaware,2010,65-74 years,270,72453,372.7,365,1.0209736344903044,1999_2020.csv
Delaware,2011,65-74 years,284,75312,377.1,365,1.0331450390121388,1999_2020.csv
Delaware,2012,65-74 years,278,81042,343.0,366,0.9372459237556511,1999_2020.csv
Delaware,2013,65-74 years,296,86059,344.0,365,0.9423289883795873,1999_2020.csv
Delaware,2014,65-74 years,336,90855,369.8,365,1.0132055970562759,1999_2020.csv
Delaware,2015,65-74 years,325,95467,340.4,365,0.9326897869463895,1999_2020.csv
Delaware,2016,65-74 years,370,99961,370.1,366,1.0113233778660016,1999_2020.csv
Delaware,2017,65-74 years,424,104547,405.6,365,1.1111211566247128,1999_2020.csv
Delaware,2018,65-74 years,361,108194,333.7,365,0.9141367320650045,1999_2020.csv
Delaware,2019,65-74 years,403,112858,357.1,365,0.9783175220552339,1999_2020.csv
Delaware,2020,65-74 years,445,118462,375.6,366,1.0263603472299294,1999_2020.csv
Delaware,2021,65-74 years,468,124397,376.2,365,1.0307256451698334,2021_2025.csv
Delaware,2022,65-74 years,448,127275,352.0,365,0.964366340816321,2021_2025.csv
Delaware,2023,65-74 years,424,132163,320.8,365,0.8789478413901307,2021_2025.csv
Delaware,2024,65-74 years,457,136512,334.8,366,0.9146696845562446,2021_2025.csv
Delaware,2025,65-74 years,522,136512,382.4,365,1.0476273047800706,2021_2025.csv
District of Columbia,1999,65-74 years,310,36561,847.9,365,2.323008310749571,1999_2020.csv
District of Columbia,2000,65-74 years,327,35919,910.4,366,2.4873816725154367,1999_2020.csv
District of Columbia,2001,65-74 years,317,34944,907.2,365,2.4853856189472627,1999_2020.csv
District of Columbia,2002,65-74 years,300,34176,877.8,365,2.4049561336001233,1999_2020.csv
District of Columbia,2003,65-74 years,298,33901,879.0,365,2.408301690700521,1999_2020.csv
District of Columbia,2004,65-74 years,274,33569,816.2,366,2.2301345878084566,1999_2020.csv
District of Columbia,2005,65-74 years,250,33542,745.3,365,2.042011528380285,1999_2020.csv
District of Columbia,2006,65-74 years,279,33599,830.4,365,2.2750187852133563,1999_2020.csv
District of Columbia,2007,65-74 years,265,34252,773.7,365,2.119664245183563,1999_2020.csv
District of Columbia,2008,65-74 years,246,35144,700.0,366,1.9125061106902561,1999_2020.csv
District of Columbia,2009,65-74 years,257,36170,710.5,365,1.9466673736275804,1999_2020.csv
District of Columbia,2010,65-74 years,226,36969,611.3,365,1.674857535209989,1999_2020.csv
District of Columbia,2011,65-74 years,213,38073,559.5,365,1.532744054410255,1999_2020.csv
District of Columbia,2012,65-74 years,229,39698,576.9,366,1.57610726008688,1999_2020.csv
District of Columbia,2013,65-74 years,261,41016,636.3,365,1.743389148504693,1999_2020.csv
District of Columbia,2014,65-74 years,256,42438,603.2,365,1.6526930180821404,1999_2020.csv
District of Columbia,2015,65-74 years,249,44137,564.2,365,1.545623356417332,1999_2020.csv
District of Columbia,2016,65-74 years,294,45559,645.3,366,1.7631613699260085,1999_2020.csv
District of Columbia,2017,65-74 years,291,48219,603.5,365,1.6534151972720352,1999_2020.csv
District of Columbia,2018,65-74 years,280,49104,570.2,365,1.5622419511062906,1999_2020.csv
District of Columbia,2019,65-74 years,263,50219,523.7,365,1.4348114164070958,1999_2020.csv
District of Columbia,2020,65-74 years,329,51557,638.1,366,1.7435209648062078,1999_2020.csv
District of Columbia,2021,65-74 years,352,50717,694.0,365,1.9014996187547284,2021_2025.csv
District of Columbia,2022,65-74 years,325,49975,650.3,365,1.781712774195317,2021_2025.csv
District of Columbia,2023,65-74 years,280,50695,552.3,365,1.5132129158126697,2021_2025.csv
District of Columbia,2024,65-74 years,263,51215,513.5,366,1.4030640143955435,2021_2025.csv
District of Columbia,2025,65-74 years,279,51215,544.8,365,1.4924993881554929,2021_2025.csv
Florida,1999,65-74 years,8628,1462865,589.8,365,1.6158945743034088,1999_2020.csv
Florida,2000,65-74 years,8347,1452176,574.8,366,1.5704715495202888,1999_2020.csv
Florida,2001,65-74 years,8003,1455796,549.7,365,1.5061194973238197,1999_2020.csv
Florida,2002,65-74 years,7608,1460535,520.9,365,1.427137015986495,1999_2020.csv
Florida,2003,65-74 years,7211,1472006,489.9,365,1.3421252619596418,1999_2020.csv
Florida,2004,65-74 years,6964,1492947,466.5,366,1.27448076886665,1999_2020.csv
Florida,2005,65-74 years,6519,1519618,429.0,365,1.1753133993281693,1999_2020.csv
Florida,2006,65-74 years,6163,1535177,401.5,365,1.0998687126532847,1999_2020.csv
Florida,2007,65-74 years,5826,1570448,371.0,365,1.0163751894756425,1999_2020.csv
Florida,2008,65-74 years,5965,1632942,365.3,366,0.9980644877558588,1999_2020.csv
Florida,2009,65-74 years,5928,1689688,350.8,365,0.9611890414331496,1999_2020.csv
Florida,2010,65-74 years,5856,1727940,338.9,365,0.9284949486925678,1999_2020.csv
Florida,2011,65-74 years,5977,1778432,336.1,365,0.92077416880451,1999_2020.csv
Florida,2012,65-74 years,6281,1894785,331.5,366,0.9057070953059239,1999_2020.csv
Florida,2013,65-74 years,6581,1985925,331.4,365,0.9078961686016024,1999_2020.csv
Florida,2014,65-74 years,6900,2082701,331.3,365,0.9076727571092105,1999_2020.csv
Florida,2015,65-74 years,7364,2181202,337.6,365,0.9249644217157981,1999_2020.csv
Florida,2016,65-74 years,7580,2277584,332.8,366,0.9093136636743674,1999_2020.csv
Florida,2017,65-74 years,7942,2342516,339.0,365,0.9288689643780039,1999_2020.csv
Florida,2018,65-74 years,8354,2397902,348.4,365,0.9544873490608338,1999_2020.csv
Florida,2019,65-74 years,8341,2465369,338.3,365,0.9269222901123746,1999_2020.csv
Florida,2020,65-74 years,8861,2539576,348.9,366,0.9533238034089628,1999_2020.csv
Florida,2021,65-74 years,9366,2591258,361.4,365,0.990263183851347,2021_2025.csv
Florida,2022,65-74 years,9209,2602139,353.9,365,0.9695922080373635,2021_2025.csv
Florida,2023,65-74 years,9035,2673263,338.0,365,0.9259629395811129,2021_2025.csv
Florida,2024,65-74 years,8902,2743555,324.5,366,0.8865287691183411,2021_2025.csv
Florida,2025,65-74 years,9199,2743555,335.3,365,0.9186161650131816,2021_2025.csv
Georgia,1999,65-74 years,3498,431276,811.1,365,2.2221411912175997,1999_2020.csv
Georgia,2000,65-74 years,3312,435695,760.2,366,2.0769529895612417,1999_2020.csv
Georgia,2001,65-74 years,3240,443110,731.2,365,2.00327510748282,1999_2020.csv
Georgia,2002,65-74 years,3175,449889,705.7,365,1.9335058507734801,1999_2020.csv
Georgia,2003,65-74 years,3060,459640,665.7,365,1.823940832789926,1999_2020.csv
Georgia,2004,65-74 years,2973,469577,633.1,366,1.729844268282333,1999_2020.csv
Georgia,2005,65-74 years,2929,486637,601.9,365,1.6490027544651509,1999_2020.csv
Georgia,2006,65-74 years,2828,511687,552.7,365,1.5141962186804536,1999_2020.csv
Georgia,2007,65-74 years,2803,532333,526.6,365,1.44260304260576,1999_2020.csv
Georgia,2008,65-74 years,2814,561722,501.0,366,1.368741938212129,1999_2020.csv
Georgia,2009,65-74 years,2826,588106,480.5,365,1.3165085466607478,1999_2020.csv
Georgia,2010,65-74 years,2779,606429,458.3,365,1.2554971200481815,1999_2020.csv
Georgia,2011,65-74 years,2857,637062,448.5,365,1.2286711906021661,1999_2020.csv
Georgia,2012,65-74 years,2929,686935,426.4,366,1.164991191369949,1999_2020.csv
Georgia,2013,65-74 years,3217,729059,441.3,365,1.2089143169670749,1999_2020.csv
Georgia,2014,65-74 years,3312,769062,430.7,365,1.1798753029976423,1999_2020.csv
Georgia,2015,65-74 years,3648,804987,453.2,365,1.2415753978567612,1999_2020.csv
Georgia,2016,65-74 years,3787,839325,451.2,366,1.2327756870722457,1999_2020.csv
Georgia,2017,65-74 years,3863,870879,443.6,365,1.2152734930840696,1999_2020.csv
Georgia,2018,65-74 years,4035,895419,450.6,365,1.2345945887397904,1999_2020.csv
Georgia,2019,65-74 years,4269,926001,461.0,365,1.2630537559850263,1999_2020.csv
Georgia,2020,65-74 years,4686,959264,488.5,366,1.334698131955811,1999_2020.csv
Georgia,2021,65-74 years,4934,987987,499.4,365,1.3682172153255137,2021_2025.csv
Georgia,2022,65-74 years,4973,994257,500.2,365,1.370335590722175,2021_2025.csv
Georgia,2023,65-74 years,4677,1020844,458.2,365,1.2552063420206208,2021_2025.csv
Georgia,2024,65-74 years,4800,1046673,458.6,366,1.2529944021065467,2021_2025.csv
Georgia,2025,65-74 years,4963,1046673,474.2,365,1.2990934393045968,2021_2025.csv
Hawaii,1999,65-74 years,463,85462,541.8,365,1.4842773989433098,1999_2020.csv
Hawaii,2000,65-74 years,468,85262,548.9,366,1.4997167842534351,1999_2020.csv
Hawaii,2001,65-74 years,411,84840,484.4,365,1.327236441843793,1999_2020.csv
Hawaii,2002,65-74 years,439,84326,520.6,365,1.4262976140542623,1999_2020.csv
Hawaii,2003,65-74 years,366,84452,433.4,365,1.1873487022538216,1999_2020.csv
Hawaii,2004,65-74 years,397,84795,468.2,366,1.2792021387486439,1999_2020.csv
Hawaii,2005,65-74 years,352,86066,409.0,365,1.1205163033530494,1999_2020.csv
Hawaii,2006,65-74 years,337,87180,386.6,365,1.059059040184534,1999_2020.csv
Hawaii,2007,65-74 years,343,88928,385.7,365,1.0567268210206688,1999_2020.csv
Hawaii,2008,65-74 years,353,92378,382.1,366,1.04405905552939,1999_2020.csv
Hawaii,2009,65-74 years,352,97066,362.6,365,0.9935338446457416,1999_2020.csv
Hawaii,2010,65-74 years,323,100523,321.3,365,0.8803273945756842,1999_2020.csv
Hawaii,2011,65-74 years,381,105442,361.3,365,0.9899618903647088,1999_2020.csv
Hawaii,2012,65-74 years,378,112147,337.1,366,0.9209224368426276,1999_2020.csv
Hawaii,2013,65-74 years,427,120537,354.2,365,0.9705426663170895,1999_2020.csv
Hawaii,2014,65-74 years,396,126697,312.6,365,0.8563198077691777,1999_2020.csv
Hawaii,2015,65-74 years,448,133272,336.2,365,0.9209715921378628,1999_2020.csv
Hawaii,2016,65-74 years,453,139010,325.9,366,0.8903711373518357,1999_2020.csv
Hawaii,2017,65-74 years,482,144936,332.6,365,0.9111248724992269,1999_2020.csv
Hawaii,2018,65-74 years,490,148933,329.0,365,0.9013890497234712,1999_2020.csv
Hawaii,2019,65-74 years,468,152092,307.7,365,0.8430369650092824,1999_2020.csv
Hawaii,2020,65-74 years,544,154706,351.6,366,0.9607505835676752,1999_2020.csv
Hawaii,2021,65-74 years,585,162622,359.7,365,0.985561440658335,2021_2025.csv
Hawaii,2022,65-74 years,569,162235,350.7,365,0.9608925999870811,2021_2025.csv
Hawaii,2023,65-74 years,571,165877,344.2,365,0.9430985378586758,2021_2025.csv
Hawaii,2024,65-74 years,629,166481,377.8,366,1.032297520421356,2021_2025.csv
Hawaii,2025,65-74 years,547,166481,328.6,365,0.9001808836962184,2021_2025.csv
Idaho,1999,65-74 years,439,75364,582.5,365,1.5959074969844982,1999_2020.csv
Idaho,2000,65-74 years,424,75970,558.1,366,1.5249044956630133,1999_2020.csv
Idaho,2001,65-74 years,413,77319,534.2,365,1.4634266471566735,1999_2020.csv
Idaho,2002,65-74 years,401,78987,507.7,365,1.3908999417452257,1999_2020.csv
Idaho,2003,65-74 years,379,80802,469.0,365,1.2850624543743492,1999_2020.csv
Idaho,2004,65-74 years,380,83501,455.1,366,1.2433999187078222,1999_2020.csv
Idaho,2005,65-74 years,347,86774,399.9,365,1.095587308994456,1999_2020.csv
Idaho,2006,65-74 years,350,91478,382.6,365,1.0482346679956285,1999_2020.csv
Idaho,2007,65-74 years,373,95658,389.9,365,1.068303548285745,1999_2020.csv
Idaho,2008,65-74 years,347,101214,342.8,366,0.9367157030588547,1999_2020.csv
Idaho,2009,65-74 years,360,106133,339.2,365,0.9293069731968508,1999_2020.csv
Idaho,2010,65-74 years,401,109534,366.1,365,1.0030037586377758,1999_2020.csv
Idaho,2011,65-74 years,392,115006,340.9,365,0.9338404976607534,1999_2020.csv
Idaho,2012,65-74 years,415,123343,336.5,366,0.919289932481588,1999_2020.csv
Idaho,2013,65-74 years,422,131211,321.6,365,0.8811489765047473,1999_2020.csv
Idaho,2014,65-74 years,431,138693,310.8,365,0.8513925849236942,1999_2020.csv
Idaho,2015,65-74 years,444,145744,304.6,365,0.8346404353965746,1999_2020.csv
Idaho,2016,65-74 years,513,153740,333.7,366,0.911694643074213,1999_2020.csv
Idaho,2017,65-74 years,542,160852,337.0,365,0.9231663310678853,1999_2020.csv
Idaho,2018,65-74 years,558,168241,331.7,365,0.9086769118631435,1999_2020.csv
Idaho,2019,65-74 years,539,175866,306.5,365,0.8396803980116244,1999_2020.csv
Idaho,2020,65-74 years,575,185942,309.2,366,0.8449076870024633,1999_2020.csv
Idaho,2021,65-74 years,671,197346,340.0,365,0.9315396128543582,2021_2025.csv
Idaho,2022,65-74 years,656,199485,328.8,365,0.9009500834511882,2021_2025.csv
Idaho,2023,65-74 years,622,205013,303.4,365,0.8312202587353466,2021_2025.csv
Idaho,2024,65-74 years,648,210493,307.8,366,0.8411167132772531,2021_2025.csv
Idaho,2025,65-74 years,631,210493,299.8,365,0.8212943533930682,2021_2025.csv
Illinois,1999,65-74 years,5826,778076,748.8,365,2.051424775422509,1999_2020.csv
Illinois,2000,65-74 years,5306,772247,687.1,366,1.8772837912692237,1999_2020.csv
Illinois,2001,65-74 years,4935,764773,645.3,365,1.7679164857030099,1999_2020.csv
Illinois,2002,65-74 years,4804,758352,633.5,365,1.7355586634724294,1999_2020.csv
Illinois,2003,65-74 years,4603,759295,606.2,365,1.6608773802158041,1999_2020.csv
Illinois,2004,65-74 years,4228,761628,555.1,366,1.516739480206349,1999_2020.csv
Illinois,2005,65-74 years,4038,762354,529.7,365,1.4511649048381905,1999_2020.csv
Illinois,2006,65-74 years,3840,766400,501.0,365,1.3727228529756628,1999_2020.csv
Illinois,2007,65-74 years,3669,783737,468.1,365,1.2825800995130445,1999_2020.csv
Illinois,2008,65-74 years,3783,811991,465.9,366,1.2729285883427885,1999_2020.csv
Illinois,2009,65-74 years,3713,835601,444.4,365,1.2173995411357845,1999_2020.csv
Illinois,2010,65-74 years,3640,849535,428.5,365,1.1738895677901473,1999_2020.csv
Illinois,2011,65-74 years,3691,872945,422.8,365,1.1584153374065134,1999_2020.csv
Illinois,2012,65-74 years,3754,923499,406.5,366,1.1106488042859706,1999_2020.csv
Illinois,2013,65-74 years,3812,964779,395.1,365,1.0825106699501497,1999_2020.csv
Illinois,2014,65-74 years,4208,1002122,419.9,365,1.1504354882227585,1999_2020.csv
Illinois,2015,65-74 years,4278,1038829,411.8,365,1.128246125705528,1999_2020.csv
Illinois,2016,65-74 years,4301,1072843,400.9,366,1.0953481655953927,1999_2020.csv
Illinois,2017,65-74 years,4605,1116989,412.3,365,1.129504261560712,1999_2020.csv
Illinois,2018,65-74 years,4569,1142253,400.0,365,1.095887532725069,1999_2020.csv
Illinois,2019,65-74 years,4722,1176033,401.5,365,1.1000530003299112,1999_2020.csv
Illinois,2020,65-74 years,5390,1211741,444.8,366,1.2153402382426735,1999_2020.csv
Illinois,2021,65-74 years,5352,1259846,424.8,365,1.1638734971282312,2021_2025.csv
Illinois,2022,65-74 years,5454,1261263,432.4,365,1.1847224372255951,2021_2025.csv
Illinois,2023,65-74 years,5218,1291887,403.9,365,1.1065898496508522,2021_2025.csv
Illinois,2024,65-74 years,5213,1318035,395.5,366,1.0806366597933368,2021_2025.csv
Illinois,2025,65-74 years,5264,1318035,399.4,365,1.0941983944446982,2021_2025.csv
Indiana,1999,65-74 years,3152,397080,793.8,365,2.174780003615434,1999_2020.csv
Indiana,2000,65-74 years,2902,395393,734.0,366,2.0053369049613625,1999_2020.csv
Indiana,2001,65-74 years,2649,393026,674.0,365,1.846578660591244,1999_2020.csv
Indiana,2002,65-74 years,2628,390579,672.8,365,1.8434170807954346,1999_2020.csv
Indiana,2003,65-74 years,2566,392040,654.5,365,1.793219310861486,1999_2020.csv
Indiana,2004,65-74 years,2313,394470,586.4,366,1.602066603581398,1999_2020.csv
Indiana,2005,65-74 years,2283,397604,574.2,365,1.5731216286928564,1999_2020.csv
Indiana,2006,65-74 years,2290,404944,565.5,365,1.5493432678937646,1999_2020.csv
Indiana,2007,65-74 years,2073,414954,499.6,365,1.3686943745076612,1999_2020.csv
Indiana,2008,65-74 years,1995,430610,463.3,366,1.2658367599756501,1999_2020.csv
Indiana,2009,65-74 years,2077,443494,468.3,365,1.2830863459041408,1999_2020.csv
Indiana,2010,65-74 years,2067,452335,457.0,365,1.2519512526402194,1999_2020.csv
Indiana,2011,65-74 years,2089,464789,449.5,365,1.231373305141231,1999_2020.csv
Indiana,2012,65-74 years,2239,493554,453.6,366,1.239476600087896,1999_2020.csv
Indiana,2013,65-74 years,2251,514523,437.5,365,1.1986098362310786,1999_2020.csv
Indiana,2014,65-74 years,2277,536111,424.7,365,1.163631442813813,1999_2020.csv
Indiana,2015,65-74 years,2473,556692,444.2,365,1.2170720013496557,1999_2020.csv
Indiana,2016,65-74 years,2512,576378,435.8,366,1.1907789641766473,1999_2020.csv
Indiana,2017,65-74 years,2725,598944,455.0,365,1.2464860528960193,1999_2020.csv
Indiana,2018,65-74 years,2758,615581,448.0,365,1.2274849911809564,1999_2020.csv
Indiana,2019,65-74 years,2757,636737,433.0,365,1.1862707299142734,1999_2020.csv
Indiana,2020,65-74 years,3034,658882,460.5,366,1.258133851939922,1999_2020.csv
Indiana,2021,65-74 years,3310,681528,485.7,365,1.330611970555125,2021_2025.csv
Indiana,2022,65-74 years,3210,687211,467.1,365,1.2797409453494204,2021_2025.csv
Indiana,2023,65-74 years,3070,703004,436.7,365,1.196431158871015,2021_2025.csv
Indiana,2024,65-74 years,3241,716763,452.2,366,1.2354420159565438,2021_2025.csv
Indiana,2025,65-74 years,3280,716763,457.6,365,1.2537339915513237,2021_2025.csv
Iowa,1999,65-74 years,1341,213277,628.8,365,1.7226295393969937,1999_2020.csv
Iowa,2000,65-74 years,1269,211935,598.8,366,1.6359794818005984,1999_2020.csv
Iowa,2001,65-74 years,1196,209379,571.2,365,1.564967035264818,1999_2020.csv
Iowa,2002,65-74 years,1132,207371,545.9,365,1.4955658520302735,1999_2020.csv
Iowa,2003,65-74 years,1030,206365,499.1,365,1.3674401222199393,1999_2020.csv
Iowa,2004,65-74 years,959,206385,464.7,366,1.2695780115972441,1999_2020.csv
Iowa,2005,65-74 years,923,206964,446.0,365,1.2218391233681565,1999_2020.csv
Iowa,2006,65-74 years,895,208649,429.0,365,1.1752056297995908,1999_2020.csv
Iowa,2007,65-74 years,867,211971,409.0,365,1.1205978486460055,1999_2020.csv
Iowa,2008,65-74 years,936,217316,430.7,366,1.176801086519321,1999_2020.csv
Iowa,2009,65-74 years,894,222198,402.3,365,1.1023119328225954,1999_2020.csv
Iowa,2010,65-74 years,925,224656,411.7,365,1.1280564842881853,1999_2020.csv
Iowa,2011,65-74 years,876,228350,383.6,365,1.051018173855923,1999_2020.csv
Iowa,2012,65-74 years,890,240544,370.0,366,1.0109144227546887,1999_2020.csv
Iowa,2013,65-74 years,984,250275,393.2,365,1.0771712759799836,1999_2020.csv
Iowa,2014,65-74 years,953,259948,366.6,365,1.0044158462883304,1999_2020.csv
Iowa,2015,65-74 years,986,270456,364.6,365,0.9988204598950287,1999_2020.csv
Iowa,2016,65-74 years,1058,281046,376.5,366,1.028554180637213,1999_2020.csv
Iowa,2017,65-74 years,1094,291511,375.3,365,1.0281808487407347,1999_2020.csv
Iowa,2018,65-74 years,1159,300873,385.2,365,1.055376343425108,1999_2020.csv
Iowa,2019,65-74 years,1233,311447,395.9,365,1.08464110804754,1999_2020.csv
Iowa,2020,65-74 years,1339,323349,414.1,366,1.1314307282085891,1999_2020.csv
Iowa,2021,65-74 years,1457,336104,433.5,365,1.1876623967336921,2021_2025.csv
Iowa,2022,65-74 years,1444,337487,427.9,365,1.172242007414106,2021_2025.csv
Iowa,2023,65-74 years,1431,345975,413.6,365,1.133188220306519,2021_2025.csv
Iowa,2024,65-74 years,1417,352879,401.6,366,1.097142278076494,2021_2025.csv
Iowa,2025,65-74 years,1535,352879,435.0,365,1.1917624602356032,2021_2025.csv
Kansas,1999,65-74 years,1108,177263,625.1,365,1.7124929840723468,1999_2020.csv
Kansas,2000,65-74 years,1074,175916,610.5,366,1.6680837612884543,1999_2020.csv
Kansas,2001,65-74 years,993,173913,571.0,365,1.5643154595720157,1999_2020.csv
Kansas,2002,65-74 years,971,172173,564.0,365,1.5451168142523737,1999_2020.csv
Kansas,2003,65-74 years,865,171498,504.4,365,1.381860437846873,1999_2020.csv
Kansas,2004,65-74 years,804,171760,468.1,366,1.278948131972176,1999_2020.csv
Kansas,2005,65-74 years,775,172127,450.2,365,1.2335587509413846,1999_2020.csv
Kansas,2006,65-74 years,772,173676,444.5,365,1.2178242780526296,1999_2020.csv
Kansas,2007,65-74 years,732,176402,415.0,365,1.1368802236112936,1999_2020.csv
Kansas,2008,65-74 years,755,181532,415.9,366,1.1363514587260897,1999_2020.csv
Kansas,2009,65-74 years,698,186880,373.5,365,1.0232923625445673,1999_2020.csv
Kansas,2010,65-74 years,686,190389,360.3,365,0.9871642031811295,1999_2020.csv
Kansas,2011,65-74 years,693,195260,354.9,365,0.9723600005051222,1999_2020.csv
Kansas,2012,65-74 years,773,206830,373.7,366,1.0211390310513453,1999_2020.csv
Kansas,2013,65-74 years,757,216544,349.6,365,0.9577603640552156,1999_2020.csv
Kansas,2014,65-74 years,840,225583,372.4,365,1.0201876307229263,1999_2020.csv
Kansas,2015,65-74 years,834,235268,354.5,365,0.9712036940209953,1999_2020.csv
Kansas,2016,65-74 years,896,244996,365.7,366,0.9992356739269168,1999_2020.csv
Kansas,2017,65-74 years,975,255057,382.3,365,1.0473082004070968,1999_2020.csv
Kansas,2018,65-74 years,1013,262857,385.4,365,1.0558373814482493,1999_2020.csv
Kansas,2019,65-74 years,1102,272236,404.8,365,1.1090296956287122,1999_2020.csv
Kansas,2020,65-74 years,1175,282458,416.0,366,1.136587568297305,1999_2020.csv
Kansas,2021,65-74 years,1247,294178,423.9,365,1.1613507319256993,2021_2025.csv
Kansas,2022,65-74 years,1320,295510,446.7,365,1.2237955927597657,2021_2025.csv
Kansas,2023,65-74 years,1140,302607,376.7,365,1.0321267093070803,2021_2025.csv
Kansas,2024,65-74 years,1133,308702,367.0,366,1.0027885842335154,2021_2025.csv
Kansas,2025,65-74 years,1210,308702,392.0,365,1.0738733448927071,2021_2025.csv
Kentucky,1999,65-74 years,2391,274018,872.6,365,2.390603876937591,1999_2020.csv
Kentucky,2000,65-74 years,2272,273943,829.4,366,2.266037195045701,1999_2020.csv
Kentucky,2001,65-74 years,2105,274350,767.3,365,2.102104351256145,1999_2020.csv
Kentucky,2002,65-74 years,2177,274094,794.3,365,2.1760357985376677,1999_2020.csv
Kentucky,2003,65-74 years,1905,276867,688.1,365,1.8850849260445561,1999_2020.csv
Kentucky,2004,65-74 years,1863,280681,663.7,366,1.8135049876643696,1999_2020.csv
Kentucky,2005,65-74 years,1876,285541,657.0,365,1.7999958070460147,1999_2020.csv
Kentucky,2006,65-74 years,1793,292586,612.8,365,1.6789350027421983,1999_2020.csv
Kentucky,2007,65-74 years,1705,300454,567.5,365,1.5547248086936198,1999_2020.csv
Kentucky,2008,65-74 years,1755,311179,564.0,366,1.5409400914628286,1999_2020.csv
Kentucky,2009,65-74 years,1766,319714,552.4,365,1.5133388479652319,1999_2020.csv
Kentucky,2010,65-74 years,1701,325314,522.9,365,1.43254639290124,1999_2020.csv
Kentucky,2011,65-74 years,1778,334546,531.5,365,1.456072670637918,1999_2020.csv
Kentucky,2012,65-74 years,1851,355298,521.0,366,1.423418383773713,1999_2020.csv
Kentucky,2013,65-74 years,1908,370128,515.5,365,1.412321483452744,1999_2020.csv
Kentucky,2014,65-74 years,1987,385387,515.6,365,1.4125633756297842,1999_2020.csv
Kentucky,2015,65-74 years,2076,398866,520.5,365,1.4259604059701034,1999_2020.csv
Kentucky,2016,65-74 years,2201,411687,534.6,366,1.460736239469741,1999_2020.csv
Kentucky,2017,65-74 years,2212,425393,520.0,365,1.4246294538468522,1999_2020.csv
Kentucky,2018,65-74 years,2374,435205,545.5,365,1.4944933052334177,1999_2020.csv
Kentucky,2019,65-74 years,2313,447876,516.4,365,1.4148974942550758,1999_2020.csv
Kentucky,2020,65-74 years,2511,462362,543.1,366,1.4838277664913895,1999_2020.csv
Kentucky,2021,65-74 years,2744,476140,576.3,365,1.5789070901789564,2021_2025.csv
Kentucky,2022,65-74 years,2717,476723,569.9,365,1.5614592995174041,2021_2025.csv
Kentucky,2023,65-74 years,2528,484327,522.0,365,1.430031238659062,2021_2025.csv
Kentucky,2024,65-74 years,2663,491266,542.1,366,1.4810624558086671,2021_2025.csv
Kentucky,2025,65-74 years,2711,491266,551.8,365,1.5118891314021268,2021_2025.csv
Louisiana,1999,65-74 years,2407,283633,848.6,365,2.3250187911650637,1999_2020.csv
Louisiana,2000,65-74 years,2273,282925,803.4,366,2.1950631841163566,1999_2020.csv
Louisiana,2001,65-74 years,2074,281746,736.1,365,2.0167781550836277,1999_2020.csv
Louisiana,2002,65-74 years,2068,281415,734.9,365,2.013308965285267,1999_2020.csv
Louisiana,2003,65-74 years,2066,282858,730.4,365,2.00110089606896,1999_2020.csv
Louisiana,2004,65-74 years,1960,284469,689.0,366,1.8825219116426046,1999_2020.csv
Louisiana,2005,65-74 years,1894,287810,658.1,365,1.8029398199820752,1999_2020.csv
Louisiana,2006,65-74 years,1728,279518,618.2,365,1.6937179628297518,1999_2020.csv
Louisiana,2007,65-74 years,1677,285766,586.8,365,1.6077911815769566,1999_2020.csv
Louisiana,2008,65-74 years,1671,295792,564.9,366,1.543508198494822,1999_2020.csv
Louisiana,2009,65-74 years,1807,305564,591.4,365,1.6201793835356422,1999_2020.csv
Louisiana,2010,65-74 years,1766,311994,566.0,365,1.5507850036806994,1999_2020.csv
Louisiana,2011,65-74 years,1784,321914,554.2,365,1.5183158336936924,1999_2020.csv
Louisiana,2012,65-74 years,1891,341656,553.5,366,1.5122423334191897,1999_2020.csv
Louisiana,2013,65-74 years,1967,355158,553.8,365,1.5173644113015645,1999_2020.csv
Louisiana,2014,65-74 years,2057,370732,554.8,365,1.5201321812943487,1999_2020.csv
Louisiana,2015,65-74 years,2109,385971,546.4,365,1.4970249557041388,1999_2020.csv
Louisiana,2016,65-74 years,2231,401909,555.1,366,1.5166688019677455,1999_2020.csv
Louisiana,2017,65-74 years,2311,416419,555.0,365,1.5204654084744136,1999_2020.csv
Louisiana,2018,65-74 years,2370,427946,553.8,365,1.5172827143918874,1999_2020.csv
Louisiana,2019,65-74 years,2355,442534,532.2,365,1.4579794534477684,1999_2020.csv
Louisiana,2020,65-74 years,2724,458282,594.4,366,1.624026898464193,1999_2020.csv
Louisiana,2021,65-74 years,2799,471409,593.8,365,1.6267175956939584,2021_2025.csv
Louisiana,2022,65-74 years,2802,470868,595.1,365,1.630332137407325,2021_2025.csv
Louisiana,2023,65-74 years,2695,478781,562.9,365,1.5421584490269282,2021_2025.csv
Louisiana,2024,65-74 years,2856,486302,587.3,366,1.6046157919409318,2021_2025.csv
Louisiana,2025,65-74 years,2781,486302,571.9,365,1.5667585332142953,2021_2025.csv
Maine,1999,65-74 years,615,95974,640.8,365,1.7556124646772198,1999_2020.csv
Maine,2000,65-74 years,556,96196,578.0,366,1.5791983898084216,1999_2020.csv
Maine,2001,65-74 years,510,96223,530.0,365,1.4521063300589285,1999_2020.csv
Maine,2002,65-74 years,519,96346,538.7,365,1.4758451915172173,1999_2020.csv
Maine,2003,65-74 years,473,96649,489.4,365,1.3408213338564332,1999_2020.csv
Maine,2004,65-74 years,436,97159,448.7,366,1.2260900488900592,1999_2020.csv
Maine,2005,65-74 years,446,97858,455.8,365,1.248664195282121,1999_2020.csv
Maine,2006,65-74 years,401,99347,403.6,365,1.1058513462774935,1999_2020.csv
Maine,2007,65-74 years,406,101589,399.6,365,1.0949303242706272,1999_2020.csv
Maine,2008,65-74 years,392,105982,369.9,366,1.0105850534676835,1999_2020.csv
Maine,2009,65-74 years,369,110029,335.4,365,0.918811317116023,1999_2020.csv
Maine,2010,65-74 years,386,112651,342.7,365,0.9387704029039623,1999_2020.csv
Maine,2011,65-74 years,380,116713,325.6,365,0.8920136492172756,1999_2020.csv
Maine,2012,65-74 years,341,125691,271.3,366,0.7412575196879954,1999_2020.csv
Maine,2013,65-74 years,419,133370,314.2,365,0.8607222055030757,1999_2020.csv
Maine,2014,65-74 years,410,140376,292.1,365,0.8001992300912384,1999_2020.csv
Maine,2015,65-74 years,509,146413,347.6,365,0.9524567818057177,1999_2020.csv
Maine,2016,65-74 years,548,152331,359.7,366,0.982904175488142,1999_2020.csv
Maine,2017,65-74 years,486,158520,306.6,365,0.8399614239938611,1999_2020.csv
Maine,2018,65-74 years,497,163367,304.2,365,0.8334876906697426,1999_2020.csv
Maine,2019,65-74 years,529,169079,312.9,365,0.8571821861337899,1999_2020.csv
Maine,2020,65-74 years,541,175368,308.5,366,0.8428801585823708,1999_2020.csv
Maine,2021,65-74 years,595,183139,324.9,365,0.8901091445849164,2021_2025.csv
Maine,2022,65-74 years,663,185170,358.0,365,0.980957150815134,2021_2025.csv
Maine,2023,65-74 years,614,190427,322.4,365,0.8833788175111291,2021_2025.csv
Maine,2024,65-74 years,618,193229,319.8,366,0.8738463637259078,2021_2025.csv
Maine,2025,65-74 years,639,193229,330.7,365,0.9060156247286119,2021_2025.csv
Maryland,1999,65-74 years,2254,321571,700.9,365,1.9203667201810564,1999_2020.csv
Maryland,2000,65-74 years,2242,321285,697.8,366,1.9066196866051293,1999_2020.csv
Maryland,2001,65-74 years,2156,322776,668.0,365,1.8300150305687206,1999_2020.csv
Maryland,2002,65-74 years,1955,323602,604.1,365,1.6551703585149795,1999_2020.csv
Maryland,2003,65-74 years,1973,326137,605.0,365,1.6574260056524697,1999_2020.csv
Maryland,2004,65-74 years,1805,329250,548.2,366,1.4978569442888499,1999_2020.csv
Maryland,2005,65-74 years,1748,332754,525.3,365,1.4392136821466943,1999_2020.csv
Maryland,2006,65-74 years,1728,337163,512.5,365,1.4041417876049467,1999_2020.csv
Maryland,2007,65-74 years,1745,346768,503.2,365,1.3786802466802643,1999_2020.csv
Maryland,2008,65-74 years,1699,363223,467.8,366,1.2780238318422128,1999_2020.csv
Maryland,2009,65-74 years,1699,376703,451.0,365,1.235666963243708,1999_2020.csv
Maryland,2010,65-74 years,1634,386357,422.9,365,1.1586983874414398,1999_2020.csv
Maryland,2011,65-74 years,1622,402219,403.3,365,1.1048298604586944,1999_2020.csv
Maryland,2012,65-74 years,1681,431361,389.7,366,1.0647453466732941,1999_2020.csv
Maryland,2013,65-74 years,1813,456352,397.3,365,1.088441222492995,1999_2020.csv
Maryland,2014,65-74 years,1901,477341,398.2,365,1.0910898452222189,1999_2020.csv
Maryland,2015,65-74 years,1949,497796,391.5,365,1.0726735504900122,1999_2020.csv
Maryland,2016,65-74 years,2086,516122,404.2,366,1.1042841715548977,1999_2020.csv
Maryland,2017,65-74 years,2161,533575,405.0,365,1.109599952247665,1999_2020.csv
Maryland,2018,65-74 years,2075,545452,380.4,365,1.0422423067198057,1999_2020.csv
Maryland,2019,65-74 years,2234,561582,397.8,365,1.0898760902602789,1999_2020.csv
Maryland,2020,65-74 years,2533,578509,437.8,366,1.1963106930613705,1999_2020.csv
Maryland,2021,65-74 years,2496,604486,412.9,365,1.1312679142914082,2021_2025.csv
Maryland,2022,65-74 years,2504,608281,411.7,365,1.1278132923110766,2021_2025.csv
Maryland,2023,65-74 years,2321,622771,372.7,365,1.0210661879870837,2021_2025.csv
Maryland,2024,65-74 years,2450,637105,384.6,366,1.0506885161846558,2021_2025.csv
Maryland,2025,65-74 years,2369,637105,371.8,365,1.0187348959597098,2021_2025.csv
Massachusetts,1999,65-74 years,2479,431042,575.1,365,1.575665671075628,1999_2020.csv
Massachusetts,2000,65-74 years,2351,427830,549.5,366,1.5014134744547045,1999_2020.csv
Massachusetts,2001,65-74 years,2275,421042,540.3,365,1.4803455979044293,1999_2020.csv
Massachusetts,2002,65-74 years,2059,414983,496.2,365,1.3593558990153713,1999_2020.csv
Massachusetts,2003,65-74 years,2007,410831,488.5,365,1.33841655984731,1999_2020.csv
Massachusetts,2004,65-74 years,1860,407058,456.9,366,1.2484626793023976,1999_2020.csv
Massachusetts,2005,65-74 years,1770,404657,437.4,365,1.1983766667802982,1999_2020.csv
Massachusetts,2006,65-74 years,1525,405570,376.0,365,1.030175356111355,1999_2020.csv
Massachusetts,2007,65-74 years,1571,413032,380.4,365,1.0420765434738946,1999_2020.csv
Massachusetts,2008,65-74 years,1486,430059,345.5,366,0.9440819258793529,1999_2020.csv
Massachusetts,2009,65-74 years,1461,445871,327.7,365,0.8977349336528722,1999_2020.csv
Massachusetts,2010,65-74 years,1442,456460,315.9,365,0.8655051771254545,1999_2020.csv
Massachusetts,2011,65-74 years,1437,473487,303.5,365,0.8314877285690765,1999_2020.csv
Massachusetts,2012,65-74 years,1431,508386,281.5,366,0.7690683979444302,1999_2020.csv
Massachusetts,2013,65-74 years,1618,537458,301.0,365,0.8247856971761081,1999_2020.csv
Massachusetts,2014,65-74 years,1651,562796,293.4,365,0.8037170966447659,1999_2020.csv
Massachusetts,2015,65-74 years,1692,588600,287.5,365,0.7875665032885091,1999_2020.csv
Massachusetts,2016,65-74 years,1739,612531,283.9,366,0.7756939845034095,1999_2020.csv
Massachusetts,2017,65-74 years,1790,636711,281.1,365,0.770225359549481,1999_2020.csv
Massachusetts,2018,65-74 years,1802,653829,275.6,365,0.755088303114402,1999_2020.csv
Massachusetts,2019,65-74 years,1778,673305,264.1,365,0.7234808707364907,1999_2020.csv
Massachusetts,2020,65-74 years,1918,693841,276.4,366,0.7552792582839506,1999_2020.csv
Massachusetts,2021,65-74 years,1978,726907,272.1,365,0.7455118855908364,2021_2025.csv
Massachusetts,2022,65-74 years,2037,731544,278.5,365,0.7628826041643728,2021_2025.csv
Massachusetts,2023,65-74 years,2016,752773,267.8,365,0.7337255283110415,2021_2025.csv
Massachusetts,2024,65-74 years,2029,769946,263.5,366,0.720013591471939,2021_2025.csv
Massachusetts,2025,65-74 years,2032,769946,263.9,365,0.723053732037212,2021_2025.csv
Michigan,1999,65-74 years,5071,645471,785.6,365,2.1524050940989614,1999_2020.csv
Michigan,2000,65-74 years,4777,642880,743.1,366,2.030225324836052,1999_2020.csv
Michigan,2001,65-74 years,4441,637885,696.2,365,1.907416428928605,1999_2020.csv
Michigan,2002,65-74 years,4246,632457,671.3,365,1.8393150383866046,1999_2020.csv
Michigan,2003,65-74 years,3969,631469,628.5,365,1.722012102373945,1999_2020.csv
Michigan,2004,65-74 years,3734,633992,589.0,366,1.6091978751072138,1999_2020.csv
Michigan,2005,65-74 years,3603,636114,566.4,365,1.5518024877164045,1999_2020.csv
Michigan,2006,65-74 years,3409,643146,530.1,365,1.4521937518692893,1999_2020.csv
Michigan,2007,65-74 years,3401,660234,515.1,365,1.4112887581036546,1999_2020.csv
Michigan,2008,65-74 years,3501,688404,508.6,366,1.3895290803789349,1999_2020.csv
Michigan,2009,65-74 years,3360,711026,472.6,365,1.294675504419641,1999_2020.csv
Michigan,2010,65-74 years,3358,724709,463.4,365,1.2694750582647656,1999_2020.csv
Michigan,2011,65-74 years,3397,745553,455.6,365,1.2483149172585308,1999_2020.csv
Michigan,2012,65-74 years,3665,795854,460.5,366,1.2582284190549766,1999_2020.csv
Michigan,2013,65-74 years,3825,835439,457.8,365,1.2543647178063895,1999_2020.csv
Michigan,2014,65-74 years,3967,871745,455.1,365,1.2467514182111663,1999_2020.csv
Michigan,2015,65-74 years,4161,907140,458.7,365,1.2566968714862095,1999_2020.csv
Michigan,2016,65-74 years,4485,940935,476.7,366,1.3023320803940481,1999_2020.csv
Michigan,2017,65-74 years,4522,979218,461.8,365,1.2651974428462722,1999_2020.csv
Michigan,2018,65-74 years,4528,1004702,450.7,365,1.234742187440136,1999_2020.csv
Michigan,2019,65-74 years,4730,1037580,455.9,365,1.248954693574379,1999_2020.csv
Michigan,2020,65-74 years,5152,1074762,479.4,366,1.309732083218465,1999_2020.csv
Michigan,2021,65-74 years,5260,1118078,470.5,365,1.2889046116737464,2021_2025.csv
Michigan,2022,65-74 years,5418,1123281,482.3,365,1.3214712628842076,2021_2025.csv
Michigan,2023,65-74 years,5233,1154448,453.3,365,1.2418910424176632,2021_2025.csv
Michigan,2024,65-74 years,5215,1178712,442.4,366,1.2088308153120881,2021_2025.csv
Michigan,2025,65-74 years,5180,1178712,439.5,365,1.2040074947839514,2021_2025.csv
Minnesota,1999,65-74 years,1399,295435,473.5,365,1.2973671746166726,1999_2020.csv
Minnesota,2000,65-74 years,1324,295825,447.6,366,1.2228467299240477,1999_2020.csv
Minnesota,2001,65-74 years,1259,295437,426.1,365,1.1675298180299525,1999_2020.csv
Minnesota,2002,65-74 years,1164,295663,393.7,365,1.0786067569802142,1999_2020.csv
Minnesota,2003,65-74 years,1089,297610,365.9,365,1.002507188547299,1999_2020.csv
Minnesota,2004,65-74 years,948,300850,315.1,366,0.8609486237082364,1999_2020.csv
Minnesota,2005,65-74 years,983,304183,323.2,365,0.8853718600091087,1999_2020.csv
Minnesota,2006,65-74 years,870,311039,279.7,365,0.7663224366833793,1999_2020.csv
Minnesota,2007,65-74 years,856,319643,267.8,365,0.7336952410820993,1999_2020.csv
Minnesota,2008,65-74 years,872,333565,261.4,366,0.7142576892666155,1999_2020.csv
Minnesota,2009,65-74 years,877,345983,253.5,365,0.6944675680676211,1999_2020.csv
Minnesota,2010,65-74 years,873,354427,246.3,365,0.6748303097444066,1999_2020.csv
Minnesota,2011,65-74 years,889,367400,242.0,365,0.6629331623179544,1999_2020.csv
Minnesota,2012,65-74 years,918,391725,234.3,366,0.6402952891215714,1999_2020.csv
Minnesota,2013,65-74 years,948,412742,229.7,365,0.6292696827491756,1999_2020.csv
Minnesota,2014,65-74 years,963,431691,223.1,365,0.6111677483161709,1999_2020.csv
Minnesota,2015,65-74 years,1014,451905,224.4,365,0.6147491600625843,1999_2020.csv
Minnesota,2016,65-74 years,1086,472248,230.0,366,0.6283167138355479,1999_2020.csv
Minnesota,2017,65-74 years,1104,493105,223.9,365,0.6133901571159439,1999_2020.csv
Minnesota,2018,65-74 years,1166,510180,228.5,365,0.626155581940728,1999_2020.csv
Minnesota,2019,65-74 years,1219,531059,229.5,365,0.6288804120440968,1999_2020.csv
Minnesota,2020,65-74 years,1280,552208,231.8,366,0.6333243559605877,1999_2020.csv
Minnesota,2021,65-74 years,1345,577187,233.0,365,0.6384294010172292,2021_2025.csv
Minnesota,2022,65-74 years,1366,584717,233.6,365,0.6400473653792617,2021_2025.csv
Minnesota,2023,65-74 years,1350,603143,223.8,365,0.6132260735822684,2021_2025.csv
Minnesota,2024,65-74 years,1333,618099,215.7,366,0.5892383748772027,2021_2025.csv
Minnesota,2025,65-74 years,1433,618099,231.8,365,0.6351777623423228,2021_2025.csv
Mississippi,1999,65-74 years,1863,185423,1004.7,365,2.7526841810568787,1999_2020.csv
Mississippi,2000,65-74 years,1753,185710,943.9,366,2.5790843176666836,1999_2020.csv
Mississippi,2001,65-74 years,1692,186586,906.8,365,2.4844395819387115,1999_2020.csv
Mississippi,2002,65-74 years,1654,186502,886.9,365,2.4297363295380574,1999_2020.csv
Mississippi,2003,65-74 years,1566,188332,831.5,365,2.2781104426778827,1999_2020.csv
Mississippi,2004,65-74 years,1438,190784,753.7,366,2.0593769648575773,1999_2020.csv
Mississippi,2005,65-74 years,1419,194228,730.6,365,2.0016018457054146,1999_2020.csv
Mississippi,2006,65-74 years,1386,196222,706.3,365,1.935185796685694,1999_2020.csv
Mississippi,2007,65-74 years,1435,199998,717.5,365,1.9657730823883584,1999_2020.csv
Mississippi,2008,65-74 years,1383,205691,672.4,366,1.8370704233973116,1999_2020.csv
Mississippi,2009,65-74 years,1401,211560,662.2,365,1.814310911506694,1999_2020.csv
Mississippi,2010,65-74 years,1310,214469,610.8,365,1.6734544833474352,1999_2020.csv
Mississippi,2011,65-74 years,1297,219176,591.8,365,1.6212654020213193,1999_2020.csv
Mississippi,2012,65-74 years,1328,232211,571.9,366,1.5625509991113462,1999_2020.csv
Mississippi,2013,65-74 years,1493,240622,620.5,365,1.6999322418166707,1999_2020.csv
Mississippi,2014,65-74 years,1468,249435,588.5,365,1.6124111725376062,1999_2020.csv
Mississippi,2015,65-74 years,1539,258022,596.5,365,1.6341390874283523,1999_2020.csv
Mississippi,2016,65-74 years,1561,266051,586.7,366,1.603086371561983,1999_2020.csv
Mississippi,2017,65-74 years,1624,273990,592.7,365,1.623896882547958,1999_2020.csv
Mississippi,2018,65-74 years,1674,280585,596.6,365,1.6345497335434944,1999_2020.csv
Mississippi,2019,65-74 years,1719,288955,594.9,365,1.6298693710425118,1999_2020.csv
Mississippi,2020,65-74 years,1981,298209,664.3,366,1.8150251353952864,1999_2020.csv
Mississippi,2021,65-74 years,2054,303969,675.7,365,1.8513063043514213,2021_2025.csv
Mississippi,2022,65-74 years,1966,302852,649.2,365,1.7785259367159583,2021_2025.csv
Mississippi,2023,65-74 years,1909,308593,618.6,365,1.6948333197128156,2021_2025.csv
Mississippi,2024,65-74 years,1953,313279,623.4,366,1.7032950098061128,2021_2025.csv
Mississippi,2025,65-74 years,2030,313279,648.0,365,1.7753005581658645,2021_2025.csv
Missouri,1999,65-74 years,3091,393923,784.7,365,2.1497838792568422,1999_2020.csv
Missouri,2000,65-74 years,2953,393226,751.0,366,2.051824144621404,1999_2020.csv
Missouri,2001,65-74 years,2713,391702,692.6,365,1.897584569986563,1999_2020.csv
Missouri,2002,65-74 years,2689,390246,689.1,365,1.887815195459078,1999_2020.csv
Missouri,2003,65-74 years,2443,390851,625.0,365,1.7124558169050372,1999_2020.csv
Missouri,2004,65-74 years,2379,393917,603.9,366,1.6500938014860997,1999_2020.csv
Missouri,2005,65-74 years,2239,397640,563.1,365,1.542663357645726,1999_2020.csv
Missouri,2006,65-74 years,2179,405087,537.9,365,1.4737236726181362,1999_2020.csv
Missouri,2007,65-74 years,2116,415025,509.8,365,1.3968460391476665,1999_2020.csv
Missouri,2008,65-74 years,2171,429213,505.8,366,1.381993087131806,1999_2020.csv
Missouri,2009,65-74 years,2137,442203,483.3,365,1.3240060606888566,1999_2020.csv
Missouri,2010,65-74 years,2117,450490,469.9,365,1.287486958645031,1999_2020.csv
Missouri,2011,65-74 years,2137,461304,463.3,365,1.2691835580328688,1999_2020.csv
Missouri,2012,65-74 years,2176,487289,446.6,366,1.2200881183972614,1999_2020.csv
Missouri,2013,65-74 years,2291,506707,452.1,365,1.2387261926058102,1999_2020.csv
Missouri,2014,65-74 years,2399,525493,456.5,365,1.2507498177380152,1999_2020.csv
Missouri,2015,65-74 years,2558,542962,471.1,365,1.290738427013712,1999_2020.csv
Missouri,2016,65-74 years,2636,559973,470.7,366,1.2861666173815036,1999_2020.csv
Missouri,2017,65-74 years,2771,579332,478.3,365,1.3104369898292876,1999_2020.csv
Missouri,2018,65-74 years,2744,592577,463.1,365,1.2686635186951372,1999_2020.csv
Missouri,2019,65-74 years,3022,610165,495.3,365,1.3569201863093623,1999_2020.csv
Missouri,2020,65-74 years,3186,630388,505.4,366,1.3808825727626297,1999_2020.csv
Missouri,2021,65-74 years,3253,649461,500.9,365,1.3722654273502624,2021_2025.csv
Missouri,2022,65-74 years,3433,651257,527.1,365,1.4442039704839709,2021_2025.csv
Missouri,2023,65-74 years,3236,667826,484.6,365,1.3275543966029377,2021_2025.csv
Missouri,2024,65-74 years,3239,681952,475.0,366,1.2977052308602781,2021_2025.csv
Missouri,2025,65-74 years,3259,681952,477.9,365,1.3092955403441402,2021_2025.csv
Montana,1999,65-74 years,400,62233,642.7,365,1.7609474249335628,1999_2020.csv
Montana,2000,65-74 years,318,62519,508.6,366,1.38974145302451,1999_2020.csv
Montana,2001,65-74 years,310,63151,490.9,365,1.3448956762254767,1999_2020.csv
Montana,2002,65-74 years,324,63891,507.1,365,1.38935254241867,1999_2020.csv
Montana,2003,65-74 years,343,64639,530.6,365,1.4538065678572694,1999_2020.csv
Montana,2004,65-74 years,278,65642,423.5,366,1.1571293402547982,1999_2020.csv
Montana,2005,65-74 years,275,66780,411.8,365,1.1282190139776078,1999_2020.csv
Montana,2006,65-74 years,243,69083,351.8,365,0.9637008014381747,1999_2020.csv
Montana,2007,65-74 years,264,71568,368.9,365,1.0106299899855755,1999_2020.csv
Montana,2008,65-74 years,331,75447,438.7,366,1.1986846192684317,1999_2020.csv
Montana,2009,65-74 years,282,78600,358.8,365,0.9829551396005437,1999_2020.csv
Montana,2010,65-74 years,280,80742,346.8,365,0.9500920062312462,1999_2020.csv
Montana,2011,65-74 years,313,84120,372.1,365,1.0194177919345488,1999_2020.csv
Montana,2012,65-74 years,301,89742,335.4,366,0.9164096761657857,1999_2020.csv
Montana,2013,65-74 years,369,94852,389.0,365,1.0658277148711561,1999_2020.csv
Montana,2014,65-74 years,328,99735,328.9,365,0.9010178342470561,1999_2020.csv
Montana,2015,65-74 years,377,105061,358.8,365,0.9831209605170017,1999_2020.csv
Montana,2016,65-74 years,366,110127,332.3,366,0.9080425327122322,1999_2020.csv
Montana,2017,65-74 years,419,114797,365.0,365,0.9999784014211627,1999_2020.csv
Montana,2018,65-74 years,434,119583,362.9,365,0.994322851818746,1999_2020.csv
Montana,2019,65-74 years,445,124631,357.1,365,0.9782302013076849,1999_2020.csv
Montana,2020,65-74 years,497,129574,383.6,366,1.047990721338972,1999_2020.csv
Montana,2021,65-74 years,549,135439,405.3,365,1.1105439268165713,2021_2025.csv
Montana,2022,65-74 years,538,136767,393.4,365,1.0777253304815682,2021_2025.csv
Montana,2023,65-74 years,545,140615,387.6,365,1.061871553483986,2021_2025.csv
Montana,2024,65-74 years,550,142778,385.2,366,1.0524956508966077,2021_2025.csv
Montana,2025,65-74 years,548,142778,383.8,365,1.0515414580773639,2021_2025.csv
Nebraska,1999,65-74 years,721,116420,619.3,365,1.6967380740022546,1999_2020.csv
Nebraska,2000,65-74 years,612,115699,529.0,366,1.4452425237391713,1999_2020.csv
Nebraska,2001,65-74 years,537,114373,469.5,365,1.286346320121295,1999_2020.csv
Nebraska,2002,65-74 years,551,113656,484.8,365,1.3282088416765419,1999_2020.csv
Nebraska,2003,65-74 years,531,112974,470.0,365,1.2877250699700333,1999_2020.csv
Nebraska,2004,65-74 years,428,112481,380.5,366,1.0396412790638643,1999_2020.csv
Nebraska,2005,65-74 years,452,112736,400.9,365,1.0984567169170112,1999_2020.csv
Nebraska,2006,65-74 years,423,113485,372.7,365,1.0211958493096367,1999_2020.csv
Nebraska,2007,65-74 years,425,115211,368.9,365,1.0106531161467531,1999_2020.csv
Nebraska,2008,65-74 years,392,118076,332.0,366,0.9070753170552189,1999_2020.csv
Nebraska,2009,65-74 years,409,121307,337.2,365,0.9237290059151405,1999_2020.csv
Nebraska,2010,65-74 years,419,123126,340.3,365,0.9323337113846403,1999_2020.csv
Nebraska,2011,65-74 years,392,126090,310.9,365,0.8517508150842461,1999_2020.csv
Nebraska,2012,65-74 years,404,132765,304.3,366,0.8314127493029201,1999_2020.csv
Nebraska,2013,65-74 years,397,138963,285.7,365,0.7827056359438932,1999_2020.csv
Nebraska,2014,65-74 years,446,145344,306.9,365,0.8407074307980915,1999_2020.csv
Nebraska,2015,65-74 years,470,152481,308.2,365,0.8444797928113748,1999_2020.csv
Nebraska,2016,65-74 years,495,159561,310.2,366,0.8476125221034229,1999_2020.csv
Nebraska,2017,65-74 years,506,166980,303.0,365,0.8302200083022,1999_2020.csv
Nebraska,2018,65-74 years,555,172527,321.7,365,0.8813391209523608,1999_2020.csv
Nebraska,2019,65-74 years,545,178908,304.6,365,0.834591345793093,1999_2020.csv
Nebraska,2020,65-74 years,596,185015,322.1,366,0.8801531230151328,1999_2020.csv
Nebraska,2021,65-74 years,632,193977,325.8,365,0.8926351316470863,2021_2025.csv
Nebraska,2022,65-74 years,642,195520,328.4,365,0.8996031657063427,2021_2025.csv
Nebraska,2023,65-74 years,657,200769,327.2,365,0.8965527546583387,2021_2025.csv
Nebraska,2024,65-74 years,601,204717,293.6,366,0.8021202453788598,2021_2025.csv
Nebraska,2025,65-74 years,650,204717,317.5,365,0.8698944971879321,2021_2025.csv
Nevada,1999,65-74 years,972,129727,749.3,365,2.0527829200013388,1999_2020.csv
Nevada,2000,65-74 years,950,131775,720.9,366,1.9697426790366508,1999_2020.csv
Nevada,2001,65-74 years,959,138155,694.1,365,1.9017750065317742,1999_2020.csv
Nevada,2002,65-74 years,934,143368,651.5,365,1.7848502522104244,1999_2020.csv
Nevada,2003,65-74 years,945,149698,631.3,365,1.7295094763393037,1999_2020.csv
Nevada,2004,65-74 years,925,156411,591.4,366,1.6158213964309316,1999_2020.csv
Nevada,2005,65-74 years,1053,160641,655.5,365,1.7958874178132076,1999_2020.csv
Nevada,2006,65-74 years,1063,166158,639.8,365,1.7527466430284957,1999_2020.csv
Nevada,2007,65-74 years,943,173479,543.6,365,1.4892647777746104,1999_2020.csv
Nevada,2008,65-74 years,914,182704,500.3,366,1.3668380328634522,1999_2020.csv
Nevada,2009,65-74 years,998,191662,520.7,365,1.4265981651774822,1999_2020.csv
Nevada,2010,65-74 years,945,197781,477.8,365,1.309044395513427,1999_2020.csv
Nevada,2011,65-74 years,1102,206957,532.5,365,1.4588431810432994,1999_2020.csv
Nevada,2012,65-74 years,1145,222961,513.5,366,1.403122205473804,1999_2020.csv
Nevada,2013,65-74 years,1207,236883,509.5,365,1.3959842264191578,1999_2020.csv
Nevada,2014,65-74 years,1391,250963,554.3,365,1.5185341680285895,1999_2020.csv
Nevada,2015,65-74 years,1438,264111,544.5,365,1.4916932757050105,1999_2020.csv
Nevada,2016,65-74 years,1490,275598,540.6,366,1.4771653826827917,1999_2020.csv
Nevada,2017,65-74 years,1464,286331,511.3,365,1.4008119638144627,1999_2020.csv
Nevada,2018,65-74 years,1500,293252,511.5,365,1.4013848298036808,1999_2020.csv
Nevada,2019,65-74 years,1575,303363,519.2,365,1.4224109377711471,1999_2020.csv
Nevada,2020,65-74 years,1722,316112,544.7,366,1.4883705878887499,1999_2020.csv
Nevada,2021,65-74 years,1783,321908,553.9,365,1.5174930436178395,2021_2025.csv
Nevada,2022,65-74 years,1780,322106,552.6,365,1.514008534074846,2021_2025.csv
Nevada,2023,65-74 years,1645,330828,497.2,365,1.3622937946813731,2021_2025.csv
Nevada,2024,65-74 years,1637,337988,484.3,366,1.3233243770868834,2021_2025.csv
Nevada,2025,65-74 years,1570,337988,464.5,365,1.272639816506414,2021_2025.csv
New Hampshire,1999,65-74 years,453,77999,580.8,365,1.591168977052217,1999_2020.csv
New Hampshire,2000,65-74 years,441,78327,563.0,366,1.5383176079600713,1999_2020.csv
New Hampshire,2001,65-74 years,465,78397,593.1,365,1.6250272366796257,1999_2020.csv
New Hampshire,2002,65-74 years,397,78407,506.3,365,1.3872118980151165,1999_2020.csv
New Hampshire,2003,65-74 years,397,78816,503.7,365,1.3800132370035427,1999_2020.csv
New Hampshire,2004,65-74 years,375,80531,465.7,366,1.2722928610527948,1999_2020.csv
New Hampshire,2005,65-74 years,361,81092,445.2,365,1.2196531049800363,1999_2020.csv
New Hampshire,2006,65-74 years,312,83650,373.0,365,1.0218703174512196,1999_2020.csv
New Hampshire,2007,65-74 years,334,86506,386.1,365,1.057809276987359,1999_2020.csv
New Hampshire,2008,65-74 years,320,90884,352.1,366,0.9620141497851221,1999_2020.csv
New Hampshire,2009,65-74 years,301,94402,318.8,365,0.8735593888334732,1999_2020.csv
New Hampshire,2010,65-74 years,327,96762,337.9,365,0.9258700842881545,1999_2020.csv
New Hampshire,2011,65-74 years,326,101288,321.9,365,0.8817931886615461,1999_2020.csv
New Hampshire,2012,65-74 years,303,109739,276.1,366,0.7543980284666495,1999_2020.csv
New Hampshire,2013,65-74 years,386,117148,329.5,365,0.9027335051177507,1999_2020.csv
New Hampshire,2014,65-74 years,381,123865,307.6,365,0.8427203943312124,1999_2020.csv
New Hampshire,2015,65-74 years,411,129558,317.2,365,0.8691299628431081,1999_2020.csv
New Hampshire,2016,65-74 years,399,135668,294.1,366,0.8035527423019648,1999_2020.csv
New Hampshire,2017,65-74 years,460,141771,324.5,365,0.8889504712548686,1999_2020.csv
New Hampshire,2018,65-74 years,418,146933,284.5,365,0.7794065863026379,1999_2020.csv
New Hampshire,2019,65-74 years,463,152669,303.3,365,0.8308780110467295,1999_2020.csv
New Hampshire,2020,65-74 years,494,158927,310.8,366,0.8492746833176767,1999_2020.csv
New Hampshire,2021,65-74 years,515,166691,309.0,365,0.8464517605087192,2021_2025.csv
New Hampshire,2022,65-74 years,569,169274,336.1,365,0.9209353530896895,2021_2025.csv
New Hampshire,2023,65-74 years,547,175450,311.8,365,0.8541636574444579,2021_2025.csv
New Hampshire,2024,65-74 years,523,180642,289.5,366,0.7910462398743812,2021_2025.csv
New Hampshire,2025,65-74 years,552,180642,305.6,365,0.8371966470274287,2021_2025.csv
New Jersey,1999,65-74 years,3956,578843,683.4,365,1.8724172468844855,1999_2020.csv
New Jersey,2000,65-74 years,3846,574669,669.3,366,1.828565090741188,1999_2020.csv
New Jersey,2001,65-74 years,3519,567759,619.8,365,1.6980965322277513,1999_2020.csv
New Jersey,2002,65-74 years,3277,562381,582.7,365,1.5964412367737923,1999_2020.csv
New Jersey,2003,65-74 years,3101,559817,553.9,365,1.5176192239533461,1999_2020.csv
New Jersey,2004,65-74 years,2814,557760,504.5,366,1.3784646783856738,1999_2020.csv
New Jersey,2005,65-74 years,2616,555757,470.7,365,1.2896145775350076,1999_2020.csv
New Jersey,2006,65-74 years,2557,556350,459.6,365,1.2591856658676723,1999_2020.csv
New Jersey,2007,65-74 years,2418,564809,428.1,365,1.1729022615161189,1999_2020.csv
New Jersey,2008,65-74 years,2296,586279,391.6,366,1.0700066084092807,1999_2020.csv
New Jersey,2009,65-74 years,2266,600820,377.2,365,1.0332910319367183,1999_2020.csv
New Jersey,2010,65-74 years,2291,611434,374.7,365,1.0265559862171751,1999_2020.csv
New Jersey,2011,65-74 years,2298,630736,364.3,365,0.9981815547168551,1999_2020.csv
New Jersey,2012,65-74 years,2383,671150,355.1,366,0.9701153187437433,1999_2020.csv
New Jersey,2013,65-74 years,2492,701154,355.4,365,0.973737190442324,1999_2020.csv
New Jersey,2014,65-74 years,2565,727091,352.8,365,0.9665086296315003,1999_2020.csv
New Jersey,2015,65-74 years,2630,753437,349.1,365,0.9563479696450791,1999_2020.csv
New Jersey,2016,65-74 years,2782,776619,358.2,366,0.9787415574657411,1999_2020.csv
New Jersey,2017,65-74 years,2795,802444,348.3,365,0.9542764662176229,1999_2020.csv
New Jersey,2018,65-74 years,2980,810098,367.9,365,1.0078266532745217,1999_2020.csv
New Jersey,2019,65-74 years,2934,832866,352.3,365,0.9651439924770085,1999_2020.csv
New Jersey,2020,65-74 years,3289,859409,382.7,366,1.0456416907216712,1999_2020.csv
New Jersey,2021,65-74 years,3192,920871,346.6,365,0.9496667263332276,2021_2025.csv
New Jersey,2022,65-74 years,3093,922378,335.3,365,0.9187093146995837,2021_2025.csv
New Jersey,2023,65-74 years,2963,949539,312.0,365,0.8549209899938899,2021_2025.csv
New Jersey,2024,65-74 years,2902,976703,297.1,366,0.811808886491992,2021_2025.csv
New Jersey,2025,65-74 years,3022,976703,309.4,365,0.8476939309897196,2021_2025.csv
New Mexico,1999,65-74 years,672,116384,577.4,365,1.5819149457064192,1999_2020.csv
New Mexico,2000,65-74 years,598,117745,507.9,366,1.3876426017417003,1999_2020.csv
New Mexico,2001,65-74 years,573,119624,479.0,365,1.3123311490157747,1999_2020.csv
New Mexico,2002,65-74 years,589,121539,484.6,365,1.3277208386912729,1999_2020.csv
New Mexico,2003,65-74 years,607,123796,490.3,365,1.343350107136044,1999_2020.csv
New Mexico,2004,65-74 years,524,126595,413.9,366,1.1309245934444792,1999_2020.csv
New Mexico,2005,65-74 years,573,130251,439.9,365,1.205259854971271,1999_2020.csv
New Mexico,2006,65-74 years,526,134748,390.4,365,1.069474790283313,1999_2020.csv
New Mexico,2007,65-74 years,483,138562,348.6,365,0.9550148462297575,1999_2020.csv
New Mexico,2008,65-74 years,502,144135,348.3,366,0.9515972521965879,1999_2020.csv
New Mexico,2009,65-74 years,503,149794,335.8,365,0.9199849071263347,1999_2020.csv
New Mexico,2010,65-74 years,498,153794,323.8,365,0.8871500589384733,1999_2020.csv
New Mexico,2011,65-74 years,529,160148,330.3,365,0.9049848068618719,1999_2020.csv
New Mexico,2012,65-74 years,559,169999,328.8,366,0.8984302286316889,1999_2020.csv
New Mexico,2013,65-74 years,586,178496,328.3,365,0.8994484201633619,1999_2020.csv
New Mexico,2014,65-74 years,601,186840,321.7,365,0.8812756061152609,1999_2020.csv
New Mexico,2015,65-74 years,629,195162,322.3,365,0.883003694998451,1999_2020.csv
New Mexico,2016,65-74 years,707,203298,347.8,366,0.9501785502420281,1999_2020.csv
New Mexico,2017,65-74 years,786,210796,372.9,365,1.021568083613658,1999_2020.csv
New Mexico,2018,65-74 years,797,217884,365.8,365,1.0021670447741073,1999_2020.csv
New Mexico,2019,65-74 years,823,224483,366.6,365,1.0044388753482203,1999_2020.csv
New Mexico,2020,65-74 years,888,231746,383.2,366,1.0469347942129406,1999_2020.csv
New Mexico,2021,65-74 years,900,238520,377.3,365,1.0337721887713962,2021_2025.csv
New Mexico,2022,65-74 years,967,238437,405.6,365,1.111117430806943,2021_2025.csv
New Mexico,2023,65-74 years,991,245514,403.6,365,1.1058711491608155,2021_2025.csv
New Mexico,2024,65-74 years,1040,247437,420.3,366,1.1483852676215798,2021_2025.csv
New Mexico,2025,65-74 years,960,247437,388.0,365,1.0629521802727038,2021_2025.csv
New York,1999,65-74 years,9916,1275887,777.2,365,2.1292734613387574,1999_2020.csv
New York,2000,65-74 years,9259,1276046,725.6,366,1.9825158503416234,1999_2020.csv
New York,2001,65-74 years,8722,1267138,688.3,365,1.8858159419857115,1999_2020.csv
New York,2002,65-74 years,8635,1260705,684.9,365,1.8765321186618074,1999_2020.csv
New York,2003,65-74 years,8001,1256622,636.7,365,1.7444026879368242,1999_2020.csv
New York,2004,65-74 years,7168,1254223,571.5,366,1.5615005827155068,1999_2020.csv
New York,2005,65-74 years,7041,1250931,562.9,365,1.5420843323016307,1999_2020.csv
New York,2006,65-74 years,6584,1246949,528.0,365,1.446599352851124,1999_2020.csv
New York,2007,65-74 years,6433,1266141,508.1,365,1.3919980108255379,1999_2020.csv
New York,2008,65-74 years,6584,1307132,503.7,366,1.3762245158294162,1999_2020.csv
New York,2009,65-74 years,6308,1339404,471.0,365,1.290289694582211,1999_2020.csv
New York,2010,65-74 years,5920,1360602,435.1,365,1.192058962296967,1999_2020.csv
New York,2011,65-74 years,5926,1397227,424.1,365,1.1619884555878295,1999_2020.csv
New York,2012,65-74 years,5867,1481057,396.1,366,1.0823388056508791,1999_2020.csv
New York,2013,65-74 years,6191,1544122,400.9,365,1.098465266061648,1999_2020.csv
New York,2014,65-74 years,6214,1601897,387.9,365,1.0627810361244558,1999_2020.csv
New York,2015,65-74 years,6481,1660048,390.4,365,1.069617528141454,1999_2020.csv
New York,2016,65-74 years,6751,1713040,394.1,366,1.0767614995129613,1999_2020.csv
New York,2017,65-74 years,6871,1784948,384.9,365,1.054633386196493,1999_2020.csv
New York,2018,65-74 years,7050,1809120,389.7,365,1.0676499343963188,1999_2020.csv
New York,2019,65-74 years,7244,1859922,389.5,365,1.06706492758652,1999_2020.csv
New York,2020,65-74 years,8285,1912722,433.2,366,1.1834763244139987,1999_2020.csv
New York,2021,65-74 years,7742,2037717,379.9,365,1.0409177969320367,2021_2025.csv
New York,2022,65-74 years,7677,2028832,378.4,365,1.0366987859186352,2021_2025.csv
New York,2023,65-74 years,7421,2078094,357.1,365,0.9783728190021754,2021_2025.csv
New York,2024,65-74 years,7427,2124587,349.6,366,0.9551197351191528,2021_2025.csv
New York,2025,65-74 years,7338,2124587,345.4,365,0.9462596537134557,2021_2025.csv
North Carolina,1999,65-74 years,3784,531941,711.4,365,1.948923524915589,1999_2020.csv
North Carolina,2000,65-74 years,3849,533777,721.1,366,1.9701848229921768,1999_2020.csv
North Carolina,2001,65-74 years,3677,540571,680.2,365,1.8635799187784263,1999_2020.csv
North Carolina,2002,65-74 years,3512,545679,643.6,365,1.7632926699065161,1999_2020.csv
North Carolina,2003,65-74 years,3420,553332,618.1,365,1.6933528177836508,1999_2020.csv
North Carolina,2004,65-74 years,3111,562126,553.4,366,1.5121165005710464,1999_2020.csv
North Carolina,2005,65-74 years,3067,575156,533.2,365,1.4609496773097033,1999_2020.csv
North Carolina,2006,65-74 years,2908,599026,485.5,365,1.33001293561068,1999_2020.csv
North Carolina,2007,65-74 years,2900,621187,466.8,365,1.279036019661077,1999_2020.csv
North Carolina,2008,65-74 years,2829,651838,434.0,366,1.1858020239263913,1999_2020.csv
North Carolina,2009,65-74 years,2988,679505,439.7,365,1.204744831879532,1999_2020.csv
North Carolina,2010,65-74 years,3009,697567,431.4,365,1.1817983959158553,1999_2020.csv
North Carolina,2011,65-74 years,2949,726650,405.8,365,1.1118767019603002,1999_2020.csv
North Carolina,2012,65-74 years,3066,782121,392.0,366,1.071068182586565,1999_2020.csv
North Carolina,2013,65-74 years,3310,826883,400.3,365,1.0967081377516446,1999_2020.csv
North Carolina,2014,65-74 years,3301,867783,380.4,365,1.042177089945108,1999_2020.csv
North Carolina,2015,65-74 years,3483,905426,384.7,365,1.0539200059888558,1999_2020.csv
North Carolina,2016,65-74 years,3754,941813,398.6,366,1.089051712080094,1999_2020.csv
North Carolina,2017,65-74 years,3772,981481,384.3,365,1.0529237525069222,1999_2020.csv
North Carolina,2018,65-74 years,3862,1010458,382.2,365,1.0471312927215402,1999_2020.csv
North Carolina,2019,65-74 years,3935,1046508,376.0,365,1.0301709989611374,1999_2020.csv
North Carolina,2020,65-74 years,4250,1084482,391.9,366,1.07074362303141,1999_2020.csv
North Carolina,2021,65-74 years,4569,1101147,414.9,365,1.1367971959400591,2021_2025.csv
North Carolina,2022,65-74 years,4604,1106578,416.1,365,1.1398833728970743,2021_2025.csv
North Carolina,2023,65-74 years,4409,1133459,389.0,365,1.0657158357553755,2021_2025.csv
North Carolina,2024,65-74 years,4448,1159483,383.6,366,1.0481400300376007,2021_2025.csv
North Carolina,2025,65-74 years,4660,1159483,401.9,365,1.1011048275542836,2021_2025.csv
North Dakota,1999,65-74 years,280,46062,607.9,365,1.6654146317381635,1999_2020.csv
North Dakota,2000,65-74 years,235,45901,512.0,366,1.398829007499271,1999_2020.csv
North Dakota,2001,65-74 years,234,45289,516.7,365,1.4155664519220097,1999_2020.csv
North Dakota,2002,65-74 years,252,44938,560.8,365,1.5363633426145125,1999_2020.csv
North Dakota,2003,65-74 years,213,44533,478.3,365,1.3104027212081297,1999_2020.csv
North Dakota,2004,65-74 years,209,44294,471.8,366,1.2892000075994947,1999_2020.csv
North Dakota,2005,65-74 years,161,43862,367.1,365,1.0056447275795881,1999_2020.csv
North Dakota,2006,65-74 years,204,44124,462.3,365,1.2666669150327285,1999_2020.csv
North Dakota,2007,65-74 years,169,44450,380.2,365,1.0416506155908594,1999_2020.csv
North Dakota,2008,65-74 years,139,45339,306.6,366,0.8376484279870031,1999_2020.csv
North Dakota,2009,65-74 years,185,46274,399.8,365,1.095322027636455,1999_2020.csv
North Dakota,2010,65-74 years,169,46873,360.5,365,0.9878047034116377,1999_2020.csv
North Dakota,2011,65-74 years,172,47825,359.6,365,0.9853274996598614,1999_2020.csv
North Dakota,2012,65-74 years,179,49968,358.2,366,0.9787684883352669,1999_2020.csv
North Dakota,2013,65-74 years,182,51985,350.1,365,0.959180796357221,1999_2020.csv
North Dakota,2014,65-74 years,179,54209,330.2,365,0.9046670458855717,1999_2020.csv
North Dakota,2015,65-74 years,193,56596,341.0,365,0.9342835594170459,1999_2020.csv
North Dakota,2016,65-74 years,208,59210,351.3,366,0.9598142390288156,1999_2020.csv
North Dakota,2017,65-74 years,184,61750,298.0,365,0.8163718041151351,1999_2020.csv
North Dakota,2018,65-74 years,241,64222,375.3,365,1.0281118193185197,1999_2020.csv
North Dakota,2019,65-74 years,234,66664,351.0,365,0.9616823029085546,1999_2020.csv
North Dakota,2020,65-74 years,250,69658,358.9,366,0.980591043799158,1999_2020.csv
North Dakota,2021,65-74 years,261,73642,354.4,365,0.9710063457682913,2021_2025.csv
North Dakota,2022,65-74 years,284,74880,379.3,365,1.0391054911602857,2021_2025.csv
North Dakota,2023,65-74 years,260,77525,335.4,365,0.9188374938707354,2021_2025.csv
North Dakota,2024,65-74 years,278,79506,349.7,366,0.9553528557971154,2021_2025.csv
North Dakota,2025,65-74 years,271,79506,340.9,365,0.9338487075499428,2021_2025.csv
Ohio,1999,65-74 years,6143,796068,771.7,365,2.114158210894216,1999_2020.csv
Ohio,2000,65-74 years,5800,790252,733.9,366,2.005309007192532,1999_2020.csv
Ohio,2001,65-74 years,5624,781273,719.9,365,1.972193993403355,1999_2020.csv
Ohio,2002,65-74 years,5178,773267,669.6,365,1.8345928857513658,1999_2020.csv
Ohio,2003,65-74 years,4915,771070,637.4,365,1.7463723688715076,1999_2020.csv
Ohio,2004,65-74 years,4561,770531,591.9,366,1.617293611013675,1999_2020.csv
Ohio,2005,65-74 years,4330,769661,562.6,365,1.5413297151122556,1999_2020.csv
Ohio,2006,65-74 years,4115,776940,529.6,365,1.4510737769634368,1999_2020.csv
Ohio,2007,65-74 years,3804,792631,479.9,365,1.3148511486705892,1999_2020.csv
Ohio,2008,65-74 years,4055,819761,494.7,366,1.351520134853646,1999_2020.csv
Ohio,2009,65-74 years,3721,839681,443.1,365,1.2140944653916435,1999_2020.csv
Ohio,2010,65-74 years,3846,850234,452.3,365,1.2393042740433646,1999_2020.csv
Ohio,2011,65-74 years,3828,869272,440.4,365,1.206489019878325,1999_2020.csv
Ohio,2012,65-74 years,4037,923870,437.0,366,1.1938968301610338,1999_2020.csv
Ohio,2013,65-74 years,4282,965062,443.7,365,1.215622089494257,1999_2020.csv
Ohio,2014,65-74 years,4430,1005758,440.5,365,1.2067501627001587,1999_2020.csv
Ohio,2015,65-74 years,4709,1044729,450.7,365,1.2349010952135624,1999_2020.csv
Ohio,2016,65-74 years,4756,1081030,440.0,366,1.2020513324445836,1999_2020.csv
Ohio,2017,65-74 years,4916,1120591,438.7,365,1.2019098092600182,1999_2020.csv
Ohio,2018,65-74 years,5329,1150375,463.2,365,1.2691513636857545,1999_2020.csv
Ohio,2019,65-74 years,5398,1189243,453.9,365,1.2435676389005788,1999_2020.csv
Ohio,2020,65-74 years,5977,1233236,484.7,366,1.3242072963241567,1999_2020.csv
Ohio,2021,65-74 years,6353,1278292,497.0,365,1.3616199938711024,2021_2025.csv
Ohio,2022,65-74 years,6261,1281505,488.6,365,1.3385374741053875,2021_2025.csv
Ohio,2023,65-74 years,5729,1313819,436.1,365,1.1946767713786226,2021_2025.csv
Ohio,2024,65-74 years,5982,1335065,448.1,366,1.2242297038033332,2021_2025.csv
Ohio,2025,65-74 years,6013,1335065,450.4,365,1.2339453586709055,2021_2025.csv
Oklahoma,1999,65-74 years,2068,241863,855.0,365,2.342546575812561,1999_2020.csv
Oklahoma,2000,65-74 years,1932,242499,796.7,366,2.1767877494711994,1999_2020.csv
Oklahoma,2001,65-74 years,1828,242590,753.5,365,2.064478823563293,1999_2020.csv
Oklahoma,2002,65-74 years,1926,242655,793.7,365,2.174573913072932,1999_2020.csv
Oklahoma,2003,65-74 years,1857,244145,760.6,365,2.083872793985833,1999_2020.csv
Oklahoma,2004,65-74 years,1686,246756,683.3,366,1.8668471595621507,1999_2020.csv
Oklahoma,2005,65-74 years,1629,249402,653.2,365,1.7894859297961272,1999_2020.csv
Oklahoma,2006,65-74 years,1596,254952,626.0,365,1.715069008960913,1999_2020.csv
Oklahoma,2007,65-74 years,1589,260225,610.6,365,1.6729463570119114,1999_2020.csv
Oklahoma,2008,65-74 years,1594,267795,595.2,366,1.6263153743836147,1999_2020.csv
Oklahoma,2009,65-74 years,1566,275790,567.8,365,1.5556803941056998,1999_2020.csv
Oklahoma,2010,65-74 years,1543,280467,550.2,365,1.5072708234031,1999_2020.csv
Oklahoma,2011,65-74 years,1622,287304,564.6,365,1.5467364242886825,1999_2020.csv
Oklahoma,2012,65-74 years,1634,302446,540.3,366,1.476124952658306,1999_2020.csv
Oklahoma,2013,65-74 years,1781,313519,568.1,365,1.5563497123920784,1999_2020.csv
Oklahoma,2014,65-74 years,1781,322698,551.9,365,1.5120800422669247,1999_2020.csv
Oklahoma,2015,65-74 years,1909,332177,574.7,365,1.574503046960316,1999_2020.csv
Oklahoma,2016,65-74 years,2021,341890,591.1,366,1.6150978161096456,1999_2020.csv
Oklahoma,2017,65-74 years,2096,350731,597.6,365,1.6372849144856478,1999_2020.csv
Oklahoma,2018,65-74 years,2231,358646,622.1,365,1.7042790849816498,1999_2020.csv
Oklahoma,2019,65-74 years,2416,368050,656.4,365,1.7984453422610462,1999_2020.csv
Oklahoma,2020,65-74 years,2659,380547,698.7,366,1.9091011944396807,1999_2020.csv
Oklahoma,2021,65-74 years,2749,388432,707.7,365,1.9389511804678987,2021_2025.csv
Oklahoma,2022,65-74 years,2864,388508,737.2,365,2.01966892379713,2021_2025.csv
Oklahoma,2023,65-74 years,2666,397839,670.1,365,1.8359460960441525,2021_2025.csv
Oklahoma,2024,65-74 years,2824,405202,696.9,366,1.9041976580904139,2021_2025.csv
Oklahoma,2025,65-74 years,2975,405202,734.2,365,2.0115115254877445,2021_2025.csv
Oregon,1999,65-74 years,1209,220102,549.3,365,1.5049062557919908,1999_2020.csv
Oregon,2000,65-74 years,1106,219342,504.2,366,1.3776923359398874,1999_2020.csv
Oregon,2001,65-74 years,1071,219501,487.9,365,1.3367805045728567,1999_2020.csv
Oregon,2002,65-74 years,1104,221293,498.9,365,1.3668112114918118,1999_2020.csv
Oregon,2003,65-74 years,1041,224691,463.3,365,1.2693231124168516,1999_2020.csv
Oregon,2004,65-74 years,943,229390,411.1,366,1.1231974943286267,1999_2020.csv
Oregon,2005,65-74 years,897,235327,381.2,365,1.0443061130152267,1999_2020.csv
Oregon,2006,65-74 years,917,243942,375.9,365,1.0298877467280287,1999_2020.csv
Oregon,2007,65-74 years,909,253626,358.4,365,0.9819225784833217,1999_2020.csv
Oregon,2008,65-74 years,900,267162,336.9,366,0.9204214646703585,1999_2020.csv
Oregon,2009,65-74 years,901,280741,320.9,365,0.8792777509109575,1999_2020.csv
Oregon,2010,65-74 years,895,290041,308.6,365,0.8454166116240628,1999_2020.csv
Oregon,2011,65-74 years,885,305265,289.9,365,0.7942795716006013,1999_2020.csv
Oregon,2012,65-74 years,855,330757,258.5,366,0.7062784986471917,1999_2020.csv
Oregon,2013,65-74 years,1052,353003,298.0,365,0.8164779848391991,1999_2020.csv
Oregon,2014,65-74 years,993,374008,265.5,365,0.7274036772490106,1999_2020.csv
Oregon,2015,65-74 years,1075,395106,272.1,365,0.7454216031778953,1999_2020.csv
Oregon,2016,65-74 years,1137,415647,273.5,366,0.7474028146598388,1999_2020.csv
Oregon,2017,65-74 years,1171,431723,271.2,365,0.7431198194402874,1999_2020.csv
Oregon,2018,65-74 years,1127,448192,251.5,365,0.6889170785905845,1999_2020.csv
Oregon,2019,65-74 years,1270,464598,273.4,365,0.7489167096704077,1999_2020.csv
Oregon,2020,65-74 years,1323,478552,276.5,366,0.7553524169496013,1999_2020.csv
Oregon,2021,65-74 years,1565,489637,319.6,365,0.8756836662418716,2021_2025.csv
Oregon,2022,65-74 years,1535,485969,315.9,365,0.8653801892826074,2021_2025.csv
Oregon,2023,65-74 years,1435,490942,292.3,365,0.8008088224912654,2021_2025.csv
Oregon,2024,65-74 years,1395,492629,283.2,366,0.7737009818415208,2021_2025.csv
Oregon,2025,65-74 years,1418,492629,287.8,365,0.7886120197652421,2021_2025.csv
Pennsylvania,1999,65-74 years,7249,982084,738.1,365,2.022258174718531,1999_2020.csv
Pennsylvania,2000,65-74 years,6717,969272,693.0,366,1.893427130505518,1999_2020.csv
Pennsylvania,2001,65-74 years,6223,947556,656.7,365,1.7992936637510766,1999_2020.csv
Pennsylvania,2002,65-74 years,5954,930983,639.5,365,1.7521618297136776,1999_2020.csv
Pennsylvania,2003,65-74 years,5640,917611,614.6,365,1.6839439364306388,1999_2020.csv
Pennsylvania,2004,65-74 years,5178,908362,570.0,366,1.5574782942930852,1999_2020.csv
Pennsylvania,2005,65-74 years,4969,900628,551.7,365,1.5115784352848218,1999_2020.csv
Pennsylvania,2006,65-74 years,4608,901501,511.1,365,1.4004041630842976,1999_2020.csv
Pennsylvania,2007,65-74 years,4247,912321,465.5,365,1.2753862333933084,1999_2020.csv
Pennsylvania,2008,65-74 years,4389,941536,466.2,366,1.2736425669001,1999_2020.csv
Pennsylvania,2009,65-74 years,4269,966040,441.9,365,1.2107045682330861,1999_2020.csv
Pennsylvania,2010,65-74 years,4343,979538,443.4,365,1.2147185853929403,1999_2020.csv
Pennsylvania,2011,65-74 years,4129,999936,412.9,365,1.1313052802502648,1999_2020.csv
Pennsylvania,2012,65-74 years,4269,1062996,401.6,366,1.097269832269313,1999_2020.csv
Pennsylvania,2013,65-74 years,4390,1110501,395.3,365,1.0830604619243003,1999_2020.csv
Pennsylvania,2014,65-74 years,4615,1152669,400.4,365,1.0969181626675444,1999_2020.csv
Pennsylvania,2015,65-74 years,4856,1196628,405.8,365,1.1117999569658321,1999_2020.csv
Pennsylvania,2016,65-74 years,5063,1237006,409.3,366,1.118291530787509,1999_2020.csv
Pennsylvania,2017,65-74 years,5171,1279284,404.2,365,1.1074259732531035,1999_2020.csv
Pennsylvania,2018,65-74 years,5403,1310750,412.2,365,1.1293335667386915,1999_2020.csv
Pennsylvania,2019,65-74 years,5404,1354093,399.1,365,1.0933871936458424,1999_2020.csv
Pennsylvania,2020,65-74 years,5919,1401258,422.4,366,1.1541151699073962,1999_2020.csv
Pennsylvania,2021,65-74 years,6109,1465176,416.9,365,1.142319168575643,2021_2025.csv
Pennsylvania,2022,65-74 years,6063,1469045,412.7,365,1.1307317954255716,2021_2025.csv
Pennsylvania,2023,65-74 years,5712,1507366,378.9,365,1.038189468814684,2021_2025.csv
Pennsylvania,2024,65-74 years,5703,1536095,371.3,366,1.0143882515804528,2021_2025.csv
Pennsylvania,2025,65-74 years,5952,1536095,387.5,365,1.0615781781119327,2021_2025.csv
Rhode Island,1999,65-74 years,476,75002,634.6,365,1.7387664182836402,1999_2020.csv
Rhode Island,2000,65-74 years,470,73684,637.9,366,1.7427840582276763,1999_2020.csv
Rhode Island,2001,65-74 years,427,71718,595.4,365,1.6311986024409912,1999_2020.csv
Rhode Island,2002,65-74 years,436,70024,622.6,365,1.7058730548743364,1999_2020.csv
Rhode Island,2003,65-74 years,375,68871,544.5,365,1.491770498865956,1999_2020.csv
Rhode Island,2004,65-74 years,379,68002,557.3,366,1.5227774560793212,1999_2020.csv
Rhode Island,2005,65-74 years,347,67147,516.8,365,1.4158263682768393,1999_2020.csv
Rhode Island,2006,65-74 years,311,66896,464.9,365,1.273700661505244,1999_2020.csv
Rhode Island,2007,65-74 years,301,67877,443.4,365,1.2149292606428912,1999_2020.csv
Rhode Island,2008,65-74 years,304,70415,431.7,366,1.1795797669476318,1999_2020.csv
Rhode Island,2009,65-74 years,271,72518,373.7,365,1.0238365004890615,1999_2020.csv
Rhode Island,2010,65-74 years,296,73879,400.7,365,1.0976852747189174,1999_2020.csv
Rhode Island,2011,65-74 years,274,76485,358.2,365,0.9814799392127205,1999_2020.csv
Rhode Island,2012,65-74 years,300,82035,365.7,366,0.9991736833638581,1999_2020.csv
Rhode Island,2013,65-74 years,279,86137,323.9,365,0.8874044390260116,1999_2020.csv
Rhode Island,2014,65-74 years,319,89651,355.8,365,0.974860963893014,1999_2020.csv
Rhode Island,2015,65-74 years,311,93354,333.1,365,0.912713750370148,1999_2020.csv
Rhode Island,2016,65-74 years,325,96933,335.3,366,0.9160741358221686,1999_2020.csv
Rhode Island,2017,65-74 years,369,100410,367.5,365,1.0068308974301254,1999_2020.csv
Rhode Island,2018,65-74 years,375,102595,365.5,365,1.0014106538076637,1999_2020.csv
Rhode Island,2019,65-74 years,355,106159,334.4,365,0.9161754912216838,1999_2020.csv
Rhode Island,2020,65-74 years,359,110332,325.4,366,0.889020698382963,1999_2020.csv
Rhode Island,2021,65-74 years,366,118373,309.2,365,0.8471017259234768,2021_2025.csv
Rhode Island,2022,65-74 years,413,119463,345.7,365,0.947160919544184,2021_2025.csv
Rhode Island,2023,65-74 years,417,123358,338.0,365,0.9261383561865932,2021_2025.csv
Rhode Island,2024,65-74 years,417,126561,329.5,366,0.9002332964302445,2021_2025.csv
Rhode Island,2025,65-74 years,421,126561,332.6,365,0.9113586788459688,2021_2025.csv
South Carolina,1999,65-74 years,2135,269396,792.5,365,2.1712702001860276,1999_2020.csv
South Carolina,2000,65-74 years,1986,270048,735.4,366,2.0093574135697065,1999_2020.csv
South Carolina,2001,65-74 years,1836,273601,671.1,365,1.8384936408497667,1999_2020.csv
South Carolina,2002,65-74 years,1844,276806,666.2,365,1.8251247424263015,1999_2020.csv
South Carolina,2003,65-74 years,1750,281174,622.4,365,1.705179194358371,1999_2020.csv
South Carolina,2004,65-74 years,1701,287640,591.4,366,1.615749194690084,1999_2020.csv
South Carolina,2005,65-74 years,1699,297139,571.8,365,1.5665377215875214,1999_2020.csv
South Carolina,2006,65-74 years,1647,312367,527.3,365,1.4445600102198015,1999_2020.csv
South Carolina,2007,65-74 years,1661,325636,510.1,365,1.3974759951316345,1999_2020.csv
South Carolina,2008,65-74 years,1622,342823,473.1,366,1.292706145466039,1999_2020.csv
South Carolina,2009,65-74 years,1623,358724,452.4,365,1.2395533453200103,1999_2020.csv
South Carolina,2010,65-74 years,1732,369043,469.3,365,1.285813707197279,1999_2020.csv
South Carolina,2011,65-74 years,1702,387209,439.6,365,1.2042627363078175,1999_2020.csv
South Carolina,2012,65-74 years,1764,417065,423.0,366,1.1556165420611992,1999_2020.csv
South Carolina,2013,65-74 years,1924,440924,436.4,365,1.195496928430371,1999_2020.csv
South Carolina,2014,65-74 years,1979,466171,424.5,365,1.1630748820109311,1999_2020.csv
South Carolina,2015,65-74 years,2089,489483,426.8,365,1.1692515718079846,1999_2020.csv
South Carolina,2016,65-74 years,2233,513286,435.0,366,1.188634191498475,1999_2020.csv
South Carolina,2017,65-74 years,2248,533550,421.3,365,1.1543255757827835,1999_2020.csv
South Carolina,2018,65-74 years,2314,549831,420.9,365,1.1530317547386852,1999_2020.csv
South Carolina,2019,65-74 years,2210,570600,387.3,365,1.0611276762264188,1999_2020.csv
South Carolina,2020,65-74 years,2479,593048,418.0,366,1.1421038505678878,1999_2020.csv
South Carolina,2021,65-74 years,2766,600896,460.3,365,1.2611304105503818,2021_2025.csv
South Carolina,2022,65-74 years,2584,604646,427.4,365,1.1708424524092644,2021_2025.csv
South Carolina,2023,65-74 years,2711,619808,437.4,365,1.1983383983869154,2021_2025.csv
South Carolina,2024,65-74 years,2746,635076,432.4,366,1.181391241432074,2021_2025.csv
South Carolina,2025,65-74 years,2836,635076,446.6,365,1.223454045452612,2021_2025.csv
South Dakota,1999,65-74 years,315,53239,591.7,365,1.621017860271863,1999_2020.csv
South Dakota,2000,65-74 years,320,53129,602.3,366,1.645649155622561,1999_2020.csv
South Dakota,2001,65-74 years,304,52540,578.6,365,1.5852240432599296,1999_2020.csv
South Dakota,2002,65-74 years,262,51989,504.0,365,1.3806924910617289,1999_2020.csv
South Dakota,2003,65-74 years,262,51679,507.0,365,1.3889746689720819,1999_2020.csv
South Dakota,2004,65-74 years,251,51702,485.5,366,1.3264329227627092,1999_2020.csv
South Dakota,2005,65-74 years,218,51764,421.1,365,1.1538139903651239,1999_2020.csv
South Dakota,2006,65-74 years,206,52420,393.0,365,1.076656927973742,1999_2020.csv
South Dakota,2007,65-74 years,215,53439,402.3,365,1.102268185951105,1999_2020.csv
South Dakota,2008,65-74 years,217,55042,394.2,366,1.0771704786588205,1999_2020.csv
South Dakota,2009,65-74 years,214,56646,377.8,365,1.0350269566483312,1999_2020.csv
South Dakota,2010,65-74 years,185,57627,321.0,365,0.8795344457780089,1999_2020.csv
South Dakota,2011,65-74 years,229,59026,388.0,365,1.062916782899015,1999_2020.csv
South Dakota,2012,65-74 years,242,62134,389.5,366,1.0641551900607553,1999_2020.csv
South Dakota,2013,65-74 years,247,65587,376.6,365,1.0317781401300918,1999_2020.csv
South Dakota,2014,65-74 years,240,69348,346.1,365,0.9481661281873197,1999_2020.csv
South Dakota,2015,65-74 years,261,73131,356.9,365,0.9777912146021317,1999_2020.csv
South Dakota,2016,65-74 years,282,77464,364.0,366,0.9946450006179497,1999_2020.csv
South Dakota,2017,65-74 years,300,81229,369.3,365,1.0118526735761588,1999_2020.csv
South Dakota,2018,65-74 years,311,85050,365.7,365,1.0018280946743656,1999_2020.csv
South Dakota,2019,65-74 years,328,89216,367.6,365,1.0072522159548751,1999_2020.csv
South Dakota,2020,65-74 years,355,94041,377.5,366,1.0314068918782837,1999_2020.csv
South Dakota,2021,65-74 years,335,97689,342.9,365,0.9395205388304539,2021_2025.csv
South Dakota,2022,65-74 years,358,99880,358.4,365,0.9820003181900474,2021_2025.csv
South Dakota,2023,65-74 years,376,103464,363.4,365,0.9956477483002492,2021_2025.csv
South Dakota,2024,65-74 years,344,105740,325.3,366,0.888869595595341,2021_2025.csv
South Dakota,2025,65-74 years,387,105740,366.0,365,1.0027179616065252,2021_2025.csv
Tennessee,1999,65-74 years,3102,380713,814.8,365,2.2322931281533074,1999_2020.csv
Tennessee,2000,65-74 years,3015,382852,787.5,366,2.1516682472686015,1999_2020.csv
Tennessee,2001,65-74 years,2775,386906,717.2,365,1.9650095180812386,1999_2020.csv
Tennessee,2002,65-74 years,2848,389709,730.8,365,2.0021964404279595,1999_2020.csv
Tennessee,2003,65-74 years,2789,395265,705.6,365,1.9331577271984515,1999_2020.csv
Tennessee,2004,65-74 years,2532,402353,629.3,366,1.719393862326178,1999_2020.csv
Tennessee,2005,65-74 years,2566,411963,622.9,365,1.706497182101638,1999_2020.csv
Tennessee,2006,65-74 years,2495,426932,584.4,365,1.60110191748479,1999_2020.csv
Tennessee,2007,65-74 years,2426,440407,550.9,365,1.5091893049987293,1999_2020.csv
Tennessee,2008,65-74 years,2550,459880,554.5,366,1.5150067658419801,1999_2020.csv
Tennessee,2009,65-74 years,2490,476082,523.0,365,1.4329291609889006,1999_2020.csv
Tennessee,2010,65-74 years,2580,487074,529.7,365,1.4512154520021459,1999_2020.csv
Tennessee,2011,65-74 years,2508,503001,498.6,365,1.3660475578999502,1999_2020.csv
Tennessee,2012,65-74 years,2731,536160,509.4,366,1.3917018490524808,1999_2020.csv
Tennessee,2013,65-74 years,2784,561923,495.4,365,1.3573740993470589,1999_2020.csv
Tennessee,2014,65-74 years,3023,586298,515.6,365,1.412624941722796,1999_2020.csv
Tennessee,2015,65-74 years,3184,607692,523.9,365,1.435478444875509,1999_2020.csv
Tennessee,2016,65-74 years,3290,628409,523.5,366,1.430449124416004,1999_2020.csv
Tennessee,2017,65-74 years,3366,646149,520.9,365,1.4272122696497525,1999_2020.csv
Tennessee,2018,65-74 years,3430,661602,518.4,365,1.420379665414041,1999_2020.csv
Tennessee,2019,65-74 years,3550,681396,521.0,365,1.4273678444341138,1999_2020.csv
Tennessee,2020,65-74 years,3948,704870,560.1,366,1.5303368345796584,1999_2020.csv
Tennessee,2021,65-74 years,4175,728268,573.3,365,1.5706245728747608,2021_2025.csv
Tennessee,2022,65-74 years,4087,729524,560.2,365,1.5348720911131921,2021_2025.csv
Tennessee,2023,65-74 years,3954,742495,532.5,365,1.4589831193918836,2021_2025.csv
Tennessee,2024,65-74 years,4048,756187,535.3,366,1.4626156347064267,2021_2025.csv
Tennessee,2025,65-74 years,4194,756187,554.6,365,1.5195197694358815,2021_2025.csv
Texas,1999,65-74 years,8214,1133716,724.5,365,1.984986503590061,1999_2020.csv
Texas,2000,65-74 years,7855,1142608,687.5,366,1.8783124775845943,1999_2020.csv
Texas,2001,65-74 years,7833,1156029,677.6,365,1.856378514085956,1999_2020.csv
Texas,2002,65-74 years,7787,1167416,667.0,365,1.827475944765402,1999_2020.csv
Texas,2003,65-74 years,7453,1186278,628.3,365,1.721281022002581,1999_2020.csv
Texas,2004,65-74 years,6888,1207305,570.5,366,1.5588167141813825,1999_2020.csv
Texas,2005,65-74 years,6621,1230384,538.1,365,1.4743142000706495,1999_2020.csv
Texas,2006,65-74 years,6264,1273912,491.7,365,1.3471608584907309,1999_2020.csv
Texas,2007,65-74 years,6252,1314458,475.6,365,1.3031049393200598,1999_2020.csv
Texas,2008,65-74 years,6304,1372632,459.3,366,1.2548187508266597,1999_2020.csv
Texas,2009,65-74 years,6299,1432250,439.8,365,1.2049247161162744,1999_2020.csv
Texas,2010,65-74 years,6220,1472256,422.5,365,1.1574818435388246,1999_2020.csv
Texas,2011,65-74 years,6512,1538561,423.3,365,1.1595962649781815,1999_2020.csv
Texas,2012,65-74 years,6864,1643949,417.5,366,1.1407956305612728,1999_2020.csv
Texas,2013,65-74 years,7239,1737723,416.6,365,1.1413140478850061,1999_2020.csv
Texas,2014,65-74 years,7796,1833501,425.2,365,1.1649245956009318,1999_2020.csv
Texas,2015,65-74 years,8276,1923296,430.3,365,1.1789122736562507,1999_2020.csv
Texas,2016,65-74 years,8648,2008449,430.6,366,1.17645084841818,1999_2020.csv
Texas,2017,65-74 years,9192,2089236,440.0,365,1.2053957352752689,1999_2020.csv
Texas,2018,65-74 years,9557,2166529,441.1,365,1.2085488652049252,1999_2020.csv
Texas,2019,65-74 years,9468,2245028,421.7,365,1.1554299557688037,1999_2020.csv
Texas,2020,65-74 years,10610,2339912,453.4,366,1.2388957806212955,1999_2020.csv
Texas,2021,65-74 years,11306,2408573,469.4,365,1.2860454080384287,2021_2025.csv
Texas,2022,65-74 years,11197,2438490,459.2,365,1.258020837845024,2021_2025.csv
Texas,2023,65-74 years,10873,2534040,429.1,365,1.1755552831009144,2021_2025.csv
Texas,2024,65-74 years,11221,2615776,429.0,366,1.1720602201929824,2021_2025.csv
Texas,2025,65-74 years,11160,2615776,426.6,365,1.168882292128738,2021_2025.csv
Utah,1999,65-74 years,481,100726,477.5,365,1.3083098893811749,1999_2020.csv
Utah,2000,65-74 years,451,101548,444.1,366,1.2134561361705496,1999_2020.csv
Utah,2001,65-74 years,442,103185,428.4,365,1.1735803693459215,1999_2020.csv
Utah,2002,65-74 years,423,104910,403.2,365,1.1046650553703565,1999_2020.csv
Utah,2003,65-74 years,384,107338,357.7,365,0.9801326599345506,1999_2020.csv
Utah,2004,65-74 years,356,109832,324.1,366,0.885604919903503,1999_2020.csv
Utah,2005,65-74 years,347,113752,305.0,365,0.8357522782077232,1999_2020.csv
Utah,2006,65-74 years,419,118316,354.1,365,0.9702366590143785,1999_2020.csv
Utah,2007,65-74 years,420,122260,343.5,365,0.9411785796718872,1999_2020.csv
Utah,2008,65-74 years,382,128312,297.7,366,0.813420293499077,1999_2020.csv
Utah,2009,65-74 years,385,134247,286.8,365,0.7857118002994072,1999_2020.csv
Utah,2010,65-74 years,409,138224,295.9,365,0.8106753857546298,1999_2020.csv
Utah,2011,65-74 years,369,144318,255.7,365,0.7005078397078598,1999_2020.csv
Utah,2012,65-74 years,439,154260,284.6,366,0.7775531906602932,1999_2020.csv
Utah,2013,65-74 years,473,163444,289.4,365,0.7928650858758376,1999_2020.csv
Utah,2014,65-74 years,440,172400,255.2,365,0.6992340209134539,1999_2020.csv
Utah,2015,65-74 years,516,181562,284.2,365,0.7786313381307688,1999_2020.csv
Utah,2016,65-74 years,555,191202,290.3,366,0.7930845088560532,1999_2020.csv
Utah,2017,65-74 years,524,201261,260.4,365,0.7133107946180156,1999_2020.csv
Utah,2018,65-74 years,544,209871,259.2,365,0.7101557427677524,1999_2020.csv
Utah,2019,65-74 years,600,219466,273.4,365,0.7490160737601069,1999_2020.csv
Utah,2020,65-74 years,652,230052,283.4,366,0.774355695680682,1999_2020.csv
Utah,2021,65-74 years,685,242367,282.6,365,0.7743266735022191,2021_2025.csv
Utah,2022,65-74 years,734,245876,298.5,365,0.8178752314620333,2021_2025.csv
Utah,2023,65-74 years,728,253707,286.9,365,0.7861511696347383,2021_2025.csv
Utah,2024,65-74 years,759,261550,290.2,366,0.7928772669865336,2021_2025.csv
Utah,2025,65-74 years,769,261550,294.0,365,0.8055244943867302,2021_2025.csv
Vermont,1999,65-74 years,222,40395,549.6,365,1.5056793615105626,1999_2020.csv
Vermont,2000,65-74 years,239,40683,587.5,366,1.6051064682567024,1999_2020.csv
Vermont,2001,65-74 years,231,40540,569.8,365,1.561116705300363,1999_2020.csv
Vermont,2002,65-74 years,212,40634,521.7,365,1.4293988231732517,1999_2020.csv
Vermont,2003,65-74 years,202,40768,495.5,365,1.3574976882217586,1999_2020.csv
Vermont,2004,65-74 years,181,41141,440.0,366,1.202050312645981,1999_2020.csv
Vermont,2005,65-74 years,159,41622,382.0,365,1.0466014087649906,1999_2020.csv
Vermont,2006,65-74 years,174,42604,408.4,365,1.1189379606776906,1999_2020.csv
Vermont,2007,65-74 years,148,43884,337.3,365,0.9239801569018196,1999_2020.csv
Vermont,2008,65-74 years,152,46242,328.7,366,0.8981024749104439,1999_2020.csv
Vermont,2009,65-74 years,164,48140,340.7,365,0.9333507862342142,1999_2020.csv
Vermont,2010,65-74 years,175,49538,353.3,365,0.9678470160170387,1999_2020.csv
Vermont,2011,65-74 years,158,51889,304.5,365,0.8342359889933649,1999_2020.csv
Vermont,2012,65-74 years,193,55814,345.8,366,0.9447851871780999,1999_2020.csv
Vermont,2013,65-74 years,215,59275,362.7,365,0.9937428863608789,1999_2020.csv
Vermont,2014,65-74 years,197,62317,316.1,365,0.8660975775426614,1999_2020.csv
Vermont,2015,65-74 years,235,65227,360.3,365,0.987069183679084,1999_2020.csv
Vermont,2016,65-74 years,225,67676,332.5,366,0.9083783000778057,1999_2020.csv
Vermont,2017,65-74 years,238,70666,336.8,365,0.9227277538286417,1999_2020.csv
Vermont,2018,65-74 years,242,72893,332.0,365,0.9095711503575611,1999_2020.csv
Vermont,2019,65-74 years,266,75206,353.7,365,0.9690279010819234,1999_2020.csv
Vermont,2020,65-74 years,279,77613,359.5,366,0.9821744836138445,1999_2020.csv
Vermont,2021,65-74 years,316,82540,382.8,365,1.0488895379907126,2021_2025.csv
Vermont,2022,65-74 years,293,83482,351.0,365,0.9615722263810129,2021_2025.csv
Vermont,2023,65-74 years,249,85541,291.1,365,0.7975026955751252,2021_2025.csv
Vermont,2024,65-74 years,272,86678,313.8,366,0.8573910322193681,2021_2025.csv
Vermont,2025,65-74 years,264,86678,304.6,365,0.8344535767240553,2021_2025.csv
Virginia,1999,65-74 years,2982,432448,689.6,365,1.889212810256639,1999_2020.csv
Virginia,2000,65-74 years,2919,432456,675.0,366,1.8442130149808476,1999_2020.csv
Virginia,2001,65-74 years,2712,437056,620.5,365,1.7000423255375443,1999_2020.csv
Virginia,2002,65-74 years,2535,441212,574.6,365,1.574119806227404,1999_2020.csv
Virginia,2003,65-74 years,2519,447324,563.1,365,1.5428123380399215,1999_2020.csv
Virginia,2004,65-74 years,2395,454412,527.1,366,1.4400402821656417,1999_2020.csv
Virginia,2005,65-74 years,2303,464468,495.8,365,1.3584550584961483,1999_2020.csv
Virginia,2006,65-74 years,2217,475371,466.4,365,1.277733097462766,1999_2020.csv
Virginia,2007,65-74 years,2159,490212,440.4,365,1.2066347811050495,1999_2020.csv
Virginia,2008,65-74 years,2128,514328,413.7,366,1.1304474285423356,1999_2020.csv
Virginia,2009,65-74 years,2177,535458,406.6,365,1.1138844805089914,1999_2020.csv
Virginia,2010,65-74 years,2203,549804,400.7,365,1.0977760144262616,1999_2020.csv
Virginia,2011,65-74 years,2134,573295,372.2,365,1.0198196988401702,1999_2020.csv
Virginia,2012,65-74 years,2239,615862,363.6,366,0.9933209613189017,1999_2020.csv
Virginia,2013,65-74 years,2412,648467,372.0,365,1.0190525004483175,1999_2020.csv
Virginia,2014,65-74 years,2470,678882,363.8,365,0.9968040524967864,1999_2020.csv
Virginia,2015,65-74 years,2551,707703,360.5,365,0.9875669731356813,1999_2020.csv
Virginia,2016,65-74 years,2647,734524,360.4,366,0.9846159468116045,1999_2020.csv
Virginia,2017,65-74 years,2806,759518,369.4,365,1.0121776222389347,1999_2020.csv
Virginia,2018,65-74 years,2795,779038,358.8,365,0.9829474616867653,1999_2020.csv
Virginia,2019,65-74 years,2860,802291,356.5,365,0.9766551585841252,1999_2020.csv
Virginia,2020,65-74 years,3108,827566,375.6,366,1.0261179505548228,1999_2020.csv
Virginia,2021,65-74 years,3275,853298,383.8,365,1.051520423079162,2021_2025.csv
Virginia,2022,65-74 years,3425,858089,399.1,365,1.0935417705897195,2021_2025.csv
Virginia,2023,65-74 years,3281,876869,374.2,365,1.0251293061894549,2021_2025.csv
Virginia,2024,65-74 years,3361,894161,375.9,366,1.027002979249779,2021_2025.csv
Virginia,2025,65-74 years,3505,894161,392.0,365,1.0739385553638996,2021_2025.csv
Washington,1999,65-74 years,1923,336569,571.4,365,1.5653530630227181,1999_2020.csv
Washington,2000,65-74 years,1872,337166,555.2,366,1.5169839480732505,1999_2020.csv
Washington,2001,65-74 years,1825,338233,539.6,365,1.4782708960982518,1999_2020.csv
Washington,2002,65-74 years,1700,341459,497.9,365,1.3640098069095683,1999_2020.csv
Washington,2003,65-74 years,1630,347452,469.1,365,1.285286435150045,1999_2020.csv
Washington,2004,65-74 years,1511,355111,425.5,366,1.1625703795563775,1999_2020.csv
Washington,2005,65-74 years,1561,365134,427.5,365,1.1712720066515645,1999_2020.csv
Washington,2006,65-74 years,1487,378827,392.5,365,1.07541769798344,1999_2020.csv
Washington,2007,65-74 years,1493,394125,378.8,365,1.03784610438417,1999_2020.csv
Washington,2008,65-74 years,1553,416478,372.9,366,1.0188219783294925,1999_2020.csv
Washington,2009,65-74 years,1555,440366,353.1,365,0.9674393510404389,1999_2020.csv
Washington,2010,65-74 years,1441,457220,315.2,365,0.8634673035911492,1999_2020.csv
Washington,2011,65-74 years,1591,484392,328.5,365,0.8998712013388002,1999_2020.csv
Washington,2012,65-74 years,1605,522719,307.0,366,0.8389298842474339,1999_2020.csv
Washington,2013,65-74 years,1620,557905,290.4,365,0.7955397718937025,1999_2020.csv
Washington,2014,65-74 years,1770,590319,299.8,365,0.8214736555139088,1999_2020.csv
Washington,2015,65-74 years,1811,623304,290.5,365,0.7960231019881853,1999_2020.csv
Washington,2016,65-74 years,1985,656507,302.4,366,0.8261141568573622,1999_2020.csv
Washington,2017,65-74 years,2147,681763,314.9,365,0.8627912897622659,1999_2020.csv
Washington,2018,65-74 years,2202,708808,310.7,365,0.8511298845849322,1999_2020.csv
Washington,2019,65-74 years,2228,735524,302.9,365,0.8298994443473083,1999_2020.csv
Washington,2020,65-74 years,2401,758505,316.5,366,0.8648735723057179,1999_2020.csv
Washington,2021,65-74 years,2701,782531,345.2,365,0.9456494375302703,2021_2025.csv
Washington,2022,65-74 years,2652,784582,338.0,365,0.9260668004947263,2021_2025.csv
Washington,2023,65-74 years,2395,800441,299.2,365,0.8197535902854098,2021_2025.csv
Washington,2024,65-74 years,2490,813059,306.3,366,0.8367509231832609,2021_2025.csv
Washington,2025,65-74 years,2470,813059,303.8,365,0.8323040871168308,2021_2025.csv
West Virginia,1999,65-74 years,1261,149471,843.6,365,2.3113476999203493,1999_2020.csv
West Virginia,2000,65-74 years,1239,148463,834.6,366,2.2801949991845407,1999_2020.csv
West Virginia,2001,65-74 years,1075,147531,728.7,365,1.9963299099525216,1999_2020.csv
West Virginia,2002,65-74 years,1023,147058,695.6,365,1.9058736865912753,1999_2020.csv
West Virginia,2003,65-74 years,1066,147457,722.9,365,1.9806099033653741,1999_2020.csv
West Virginia,2004,65-74 years,958,148148,646.7,366,1.7668050454935702,1999_2020.csv
West Virginia,2005,65-74 years,891,148591,599.6,365,1.642828899738853,1999_2020.csv
West Virginia,2006,65-74 years,905,150478,601.4,365,1.6477173106995844,1999_2020.csv
West Virginia,2007,65-74 years,854,153498,556.4,365,1.524271343859373,1999_2020.csv
West Virginia,2008,65-74 years,849,158073,537.1,366,1.467468910659974,1999_2020.csv
West Virginia,2009,65-74 years,830,161713,513.3,365,1.4061779836746124,1999_2020.csv
West Virginia,2010,65-74 years,857,163520,524.1,365,1.435876471061309,1999_2020.csv
West Virginia,2011,65-74 years,822,166573,493.5,365,1.3519926966078224,1999_2020.csv
West Virginia,2012,65-74 years,838,176314,475.3,366,1.2986022019458454,1999_2020.csv
West Virginia,2013,65-74 years,861,183346,469.6,365,1.286586077465034,1999_2020.csv
West Virginia,2014,65-74 years,837,190764,438.8,365,1.2020877549912494,1999_2020.csv
West Virginia,2015,65-74 years,873,197364,442.3,365,1.2118627621642286,1999_2020.csv
West Virginia,2016,65-74 years,936,203027,461.0,366,1.2596241136303683,1999_2020.csv
West Virginia,2017,65-74 years,991,208534,475.2,365,1.3019788107218413,1999_2020.csv
West Virginia,2018,65-74 years,978,212837,459.5,365,1.258922111660341,1999_2020.csv
West Virginia,2019,65-74 years,1044,217323,480.4,365,1.316139558446524,1999_2020.csv
West Virginia,2020,65-74 years,1121,222176,504.6,366,1.378565430134058,1999_2020.csv
West Virginia,2021,65-74 years,1251,226067,553.4,365,1.5160979976175084,2021_2025.csv
West Virginia,2022,65-74 years,1212,222956,543.6,365,1.489328811606541,2021_2025.csv
West Virginia,2023,65-74 years,1165,224099,519.9,365,1.4242726749864159,2021_2025.csv
West Virginia,2024,65-74 years,1122,223947,501.0,366,1.3688836066086185,2021_2025.csv
West Virginia,2025,65-74 years,1284,223947,573.3,365,1.5708217654972303,2021_2025.csv
Wisconsin,1999,65-74 years,2344,356539,657.4,365,1.8011824255464837,1999_2020.csv
Wisconsin,2000,65-74 years,2134,355307,600.6,366,1.641003721541139,1999_2020.csv
Wisconsin,2001,65-74 years,2046,353435,578.9,365,1.5860000996094883,1999_2020.csv
Wisconsin,2002,65-74 years,1867,352156,530.2,365,1.4525007363641924,1999_2020.csv
Wisconsin,2003,65-74 years,1789,352689,507.2,365,1.389714412134685,1999_2020.csv
Wisconsin,2004,65-74 years,1657,354620,467.3,366,1.2766686606428248,1999_2020.csv
Wisconsin,2005,65-74 years,1584,356038,444.9,365,1.2188940583300827,1999_2020.csv
Wisconsin,2006,65-74 years,1503,359541,418.0,365,1.1452958686709116,1999_2020.csv
Wisconsin,2007,65-74 years,1438,367394,391.4,365,1.0723435949953621,1999_2020.csv
Wisconsin,2008,65-74 years,1499,380806,393.6,366,1.0755157259340835,1999_2020.csv
Wisconsin,2009,65-74 years,1491,392738,379.6,365,1.0401161860704375,1999_2020.csv
Wisconsin,2010,65-74 years,1505,400496,375.8,365,1.0295452816589619,1999_2020.csv
Wisconsin,2011,65-74 years,1529,411959,371.2,365,1.0168587397994486,1999_2020.csv
Wisconsin,2012,65-74 years,1563,440161,355.1,366,0.9702113097886201,1999_2020.csv
Wisconsin,2013,65-74 years,1604,462631,346.7,365,0.949897552897494,1999_2020.csv
Wisconsin,2014,65-74 years,1692,484232,349.4,365,0.957313114035455,1999_2020.csv
Wisconsin,2015,65-74 years,1713,507666,337.4,365,0.9244563718924463,1999_2020.csv
Wisconsin,2016,65-74 years,1753,530671,330.3,366,0.9025587390942407,1999_2020.csv
Wisconsin,2017,65-74 years,1966,552409,355.9,365,0.975056773126979,1999_2020.csv
Wisconsin,2018,65-74 years,2013,571623,352.2,365,0.9648087101377455,1999_2020.csv
Wisconsin,2019,65-74 years,2067,594748,347.5,365,0.952170280291844,1999_2020.csv
Wisconsin,2020,65-74 years,2217,620424,357.3,366,0.976328615459803,1999_2020.csv
Wisconsin,2021,65-74 years,2345,649145,361.2,365,0.9897107016531862,2021_2025.csv
Wisconsin,2022,65-74 years,2381,658626,361.5,365,0.9904388334552351,2021_2025.csv
Wisconsin,2023,65-74 years,2380,680227,349.9,365,0.9585841116576496,2021_2025.csv
Wisconsin,2024,65-74 years,2335,696633,335.2,366,0.9158023551518558,2021_2025.csv
Wisconsin,2025,65-74 years,2403,696633,344.9,365,0.9450545184961977,2021_2025.csv
Wyoming,1999,65-74 years,171,31104,549.8,365,1.5062151192288178,1999_2020.csv
Wyoming,2000,65-74 years,180,31343,574.3,366,1.5691008476805814,1999_2020.csv
Wyoming,2001,65-74 years,151,31639,477.3,365,1.307559120506294,1999_2020.csv
Wyoming,2002,65-74 years,168,32030,524.5,365,1.4370089684756158,1999_2020.csv
Wyoming,2003,65-74 years,166,32493,510.9,365,1.3996692227493468,1999_2020.csv
Wyoming,2004,65-74 years,169,32873,514.1,366,1.4046440357733745,1999_2020.csv
Wyoming,2005,65-74 years,169,33432,505.5,365,1.3849416685514986,1999_2020.csv
Wyoming,2006,65-74 years,173,34291,504.5,365,1.3822070010782013,1999_2020.csv
Wyoming,2007,65-74 years,153,35367,432.6,365,1.1852237458415495,1999_2020.csv
Wyoming,2008,65-74 years,155,36966,419.3,366,1.145639960394857,1999_2020.csv
Wyoming,2009,65-74 years,179,38557,464.2,365,1.2719116085382929,1999_2020.csv
Wyoming,2010,65-74 years,150,39568,379.1,365,1.0386142946562602,1999_2020.csv
Wyoming,2011,65-74 years,157,41078,382.2,365,1.0471225140010951,1999_2020.csv
Wyoming,2012,65-74 years,203,43514,466.5,366,1.2746353098845644,1999_2020.csv
Wyoming,2013,65-74 years,163,45814,355.8,365,0.9747573721258861,1999_2020.csv
Wyoming,2014,65-74 years,174,48382,359.6,365,0.9853092653613396,1999_2020.csv
Wyoming,2015,65-74 years,201,50802,395.7,365,1.083982779234773,1999_2020.csv
Wyoming,2016,65-74 years,216,53240,405.7,366,1.1084972472318362,1999_2020.csv
Wyoming,2017,65-74 years,206,55944,368.2,365,1.0088366252749814,1999_2020.csv
Wyoming,2018,65-74 years,224,58168,385.1,365,1.0550450937577127,1999_2020.csv
Wyoming,2019,65-74 years,236,60590,389.5,365,1.0671321050763385,1999_2020.csv
Wyoming,2020,65-74 years,276,63814,432.5,366,1.1817130420530568,1999_2020.csv
Wyoming,2021,65-74 years,264,65986,400.1,365,1.0961229218817277,2021_2025.csv
Wyoming,2022,65-74 years,264,67060,393.7,365,1.0785679559094494,2021_2025.csv
Wyoming,2023,65-74 years,244,69033,353.5,365,0.9683675208739755,2021_2025.csv
Wyoming,2024,65-74 years,284,70557,402.5,366,1.099758045485218,2021_2025.csv
Wyoming,2025,65-74 years,257,70557,364.2,365,0.99793016857448,2021_2025.csv
